index,車両本体価格(万円),走行距離(km),車歴,修復歴,保証,ハイブリッド,車検,色,都道府県,店舗
1,225.9,14000,2,0,0,1,1,青,千葉県,Ｇ－ＡＦＴＥＲ 木更津店
2,154.8,86000,3,0,0,1,1,灰深,新潟県,Ｇ－ＡＦＴＥＲ ＭＥＧＡ新潟店
3,155.7,80000,3,0,0,1,1,灰深,新潟県,Ｇ－ＡＦＴＥＲ ＭＥＧＡ新潟店
4,99.9,70000,8,0,1,0,1,茶,愛知県,ネクステージ ４１号小牧店
5,149.8,27000,7,0,1,0,1,赤,愛知県,ガリバー Ｒ１豊橋店
6,143.3,98000,3,0,0,1,1,灰深,千葉県,Ｇ－ＡＦＴＥＲ 木更津店
7,147.3,93000,3,0,0,1,1,黒,千葉県,Ｇ－ＡＦＴＥＲ 木更津店
8,148.5,92000,3,0,0,1,1,黒,千葉県,Ｇ－ＡＦＴＥＲ 木更津店
9,149,82000,3,0,0,1,1,緑,栃木県,Ｇ－ＡＦＴＥＲ ＭＥＧＡ佐野厄除大師店
10,149.8,91000,3,0,0,1,1,灰,千葉県,Ｇ－ＡＦＴＥＲ 成田店
11,149.8,98000,3,0,0,1,1,緑,千葉県,Ｇ－ＡＦＴＥＲ 成田店
12,149.8,90000,3,0,0,1,1,灰深,千葉県,Ｇ－ＡＦＴＥＲ 木更津店
13,149.9,89000,3,0,0,1,1,灰,千葉県,Ｇ－ＡＦＴＥＲ ＭＥＧＡ千葉北インター店
14,153.9,82000,3,0,0,1,1,灰深,栃木県,Ｇ－ＡＦＴＥＲ ＭＥＧＡ佐野厄除大師店
15,154.8,86000,3,0,0,1,1,黒黒,千葉県,Ｇ－ＡＦＴＥＲ 成田店
16,154.8,86000,3,0,0,1,1,黒,埼玉県,Ｇ－ＡＦＴＥＲ ＭＥＧＡ越谷レイクタウン店
17,154.8,86000,3,0,0,1,1,緑,千葉県,Ｇ－ＡＦＴＥＲ 成田店
18,159,80000,3,0,0,1,1,緑薄,新潟県,Ｇ－ＡＦＴＥＲ ＭＥＧＡ新潟店
19,159.6,82000,3,0,0,1,1,灰,千葉県,Ｇ－ＡＦＴＥＲ 成田店
20,159.8,85000,3,0,0,1,1,深灰,千葉県,Ｇ－ＡＦＴＥＲ 木更津店
21,159.8,86000,3,0,0,1,1,緑,千葉県,Ｇ－ＡＦＴＥＲ 木更津店
22,159.9,81000,3,0,0,1,1,緑,新潟県,Ｇ－ＡＦＴＥＲ ＭＥＧＡ新潟店
23,162.3,89000,3,0,0,1,1,灰Ｍ,千葉県,Ｇ－ＡＦＴＥＲ 木更津店
24,164.8,78000,3,0,0,1,1,灰黒,栃木県,Ｇ－ＡＦＴＥＲ ＭＥＧＡ佐野厄除大師店
25,169.8,74000,3,0,0,1,1,灰,千葉県,Ｇ－ＡＦＴＥＲ 木更津店
26,174.8,67000,3,0,0,1,1,灰,千葉県,Ｇ－ＡＦＴＥＲ 成田店
27,174.8,65000,3,0,0,1,1,灰Ｍ,栃木県,Ｇ－ＡＦＴＥＲ ＭＥＧＡ佐野厄除大師店
28,99.8,89000,8,0,1,1,1,青Ｍ,福島県,（有）マイカーセンター渡辺　プリウス専門店
29,164.8,81000,3,0,0,1,1,緑,新潟県,Ｇ－ＡＦＴＥＲ ＭＥＧＡ新潟店
30,127.7,55000,7,0,1,0,1,銀Ｍ,愛知県,トヨタカローラ名古屋（株） Ｕ－Ｃａｒ刈谷
31,129.7,53000,8,0,1,1,1,青Ｍ,愛知県,ガリバー 一宮店
32,105.8,44000,9,0,1,0,1,赤Ｍ,宮城県,ガリバー 仙台利府店
33,98.1,32000,9,0,1,0,1,銀Ｍ,大阪府,Ｋ　Ｐｒｏｄｕｃｅ　ｎｉｃｅ　　ケイ　プロデュース　ナイス コンパクト・ハイブリッド専門店
34,164.8,75000,3,0,0,1,1,緑,栃木県,Ｇ－ＡＦＴＥＲ ＭＥＧＡ佐野厄除大師店
35,128.3,28000,8,0,1,0,1,黒Ｍ,大阪府,トヨタモビリティ新大阪（株） Ｕ－Ｃａｒくずは北山店
36,115.6,49000,8,0,1,0,1,茶真珠,福井県,リバティ 鯖江店
37,99.9,64000,10,0,1,0,1,黒,新潟県,ネクステージ 長岡店
38,98.6,59000,10,0,1,0,1,薄銀Ｍ,長崎県,ネクステージ 時津店
39,164.8,76000,3,0,0,1,1,灰Ｍ,埼玉県,Ｇ－ＡＦＴＥＲ ＭＥＧＡ越谷レイクタウン店
40,189.8,59000,4,0,0,1,0,白真珠,岡山県,Ｇ－ＡＦＴＥＲ ＭＥＧＡ東岡山店
41,139.2,22000,7,0,1,0,1,青Ｍ,宮崎県,宮崎トヨタ自動車 カローラ宮崎　Ｕ－Ｃａｒ花ヶ島店
42,104.9,54000,10,0,1,0,1,黄,愛知県,ネクステージ 名古屋茶屋店
43,134.3,41000,7,0,1,0,1,赤Ｍ,愛知県,トヨタカローラ愛知（株） 野並マイカーセンター
44,91.3,59000,11,0,1,1,1,青Ｍ,大阪府,Ｋ　Ｐｒｏｄｕｃｅ　ｎｉｃｅ　　ケイ　プロデュース　ナイス コンパクト・ハイブリッド専門店
45,235.9,29000,3,0,1,1,1,赤Ｍ,埼玉県,エバーグリーンオート株式会社 サード店
46,182.7,52000,5,0,1,1,1,真珠白,山梨県,ネクステージ 甲府バイパス店
47,109.9,67000,10,0,1,1,1,黒Ｍ,大阪府,Ｋ　Ｐｒｏｄｕｃｅ　ｎｉｃｅ　　ケイ　プロデュース　ナイス コンパクト・ハイブリッド専門店
48,108.6,38000,9,0,1,0,1,赤,大阪府,Ｋ　Ｐｒｏｄｕｃｅ　ｎｉｃｅ　　ケイ　プロデュース　ナイス コンパクト・ハイブリッド専門店
49,117.3,81000,8,0,1,1,1,茶真珠,宮城県,株式会社エーシーネクスト 利府店
50,85.9,86000,6,0,0,0,0,黄黄,千葉県,Ｇ－ＡＦＴＥＲ ＭＥＧＡ千葉北インター店
51,150.9,49000,7,0,1,0,1,赤黒II,愛知県,ガリバー １号知立店
52,206.8,39000,7,0,1,0,1,銀Ｍ,秋田県,ガリバー 秋田御所野店
53,187,45000,5,0,1,1,1,赤,愛知県,ガリバー 名古屋大森インター店
54,196.8,26000,3,0,0,0,1,真珠,千葉県,Ｇ－ＡＦＴＥＲ 木更津店
55,186.8,32000,4,0,0,0,0,灰,千葉県,Ｇ－ＡＦＴＥＲ 木更津店
56,174.9,57000,3,0,0,0,0,黒,岡山県,Ｇ－ＡＦＴＥＲ ＭＥＧＡ東岡山店
57,109,68000,9,0,1,0,1,茶真珠,三重県,（株）オートモール ヴァーサス伊勢店
58,125.8,60000,10,0,1,1,1,赤Ｍ,大阪府,ガリバー 茨木店
59,136.9,35000,7,0,1,0,1,青Ｍ,三重県,リバティ イオンタウン松阪船江店
60,204,16000,3,0,0,0,0,黒黒,千葉県,Ｇ－ＡＦＴＥＲ 成田店
61,97.8,49000,9,1,1,1,0,赤,神奈川県,ＣＡＲ　ＢＡＮＫ　ＲＩＧＨＴ
62,114.9,42000,9,0,1,0,1,黄,愛知県,ガリバー 名古屋茶屋店
63,96.4,47000,10,0,1,0,1,青Ｍ,大阪府,Ｋ　Ｐｒｏｄｕｃｅ　ｎｉｃｅ　　ケイ　プロデュース　ナイス コンパクト・ハイブリッド専門店
64,135.9,68000,8,0,1,1,1,茶Ｍ,愛知県,ネクステージ 江南店
65,89.6,87000,11,0,1,0,1,黒,大分県,ネクステージ 大分店
66,119.9,65000,8,0,0,1,0,緑,千葉県,Ｇ－ＡＦＴＥＲ ＭＥＧＡ千葉北インター店
67,189.7,33000,4,0,0,0,0,黒,栃木県,Ｇ－ＡＦＴＥＲ ＭＥＧＡ佐野厄除大師店
68,129.8,64000,8,0,1,0,1,白真珠,兵庫県,ガリバー 垂水店
69,224.8,30000,5,0,1,1,1,黒Ｍ,愛知県,ガリバー １号知立店
70,139.9,51000,9,0,1,0,1,真珠白,北海道,ネクステージ 帯広店
71,77.8,97000,10,0,1,0,0,桃,宮城県,ＣＡＲ　ＢＡＮＫ　ＲＩＧＨＴ　ベース仙台店
72,229.6,32000,3,0,0,1,1,II灰青,千葉県,Ｇ－ＡＦＴＥＲ 木更津店
73,108,57000,11,0,1,1,1,青Ｍ,大阪府,Ｋ　Ｐｒｏｄｕｃｅ　ｎｉｃｅ　　ケイ　プロデュース　ナイス コンパクト・ハイブリッド専門店
74,100,78000,10,0,1,0,1,黒Ｍ,愛知県,（株）ホンダカーズ東海 八事店
75,106.8,78000,10,0,1,0,1,赤Ｍ,富山県,インディオ富山
76,108.9,15000,9,0,1,0,1,銀Ｍ,大阪府,Ｋ　Ｐｒｏｄｕｃｅ　ｎｉｃｅ　　ケイ　プロデュース　ナイス コンパクト・ハイブリッド専門店
77,181.9,49000,6,0,1,1,1,黒Ｍ,福島県,トヨタカローラいわき 勿来店
78,128.8,78000,6,0,1,0,1,黒Ｍ,沖縄県,ガリバー ５８号宜野湾店
79,214.7,9000,3,0,0,0,0,真珠白,千葉県,Ｇ－ＡＦＴＥＲ 木更津店
80,151.9,41000,7,0,1,0,1,青Ｍ,大阪府,トヨタモビリティ新大阪（株） Ｕ－Ｃａｒくずは北山店
81,184.8,41000,3,0,0,0,1,真珠,千葉県,Ｇ－ＡＦＴＥＲ 成田店
82,91.4,100000,10,0,1,1,1,黒,愛知県,ミニバン専門店　ファイントラストエアポート店
83,94.6,50000,11,0,1,0,1,黒,埼玉県,ヤマヒロ 所沢下富店
84,187.1,31000,5,0,1,1,1,赤Ｍ,大阪府,トヨタモビリティ新大阪（株） Ｕ－Ｃａｒ中環茨木店
85,129.8,61000,9,0,1,0,1,黒Ｍ,福島県,ガリバー いわき小名浜店
86,249.8,38000,2,0,1,1,1,薄緑,大阪府,ガリバー 泉北店
87,129.9,85000,6,0,1,0,1,赤Ｍ,福岡県,ネクステージ 八幡西店
88,198.9,15000,3,0,1,0,1,薄緑,大阪府,Ｋ　Ｐｒｏｄｕｃｅ　ｎｉｃｅ　　ケイ　プロデュース　ナイス コンパクト・ハイブリッド専門店
89,112.7,19000,9,0,0,0,0,紫,岡山県,Ｇ－ＡＦＴＥＲ ＭＥＧＡ東岡山店
90,122.4,64000,10,0,1,1,1,黄,岡山県,ガリバー 津山店
91,268.8,22000,2,0,1,1,1,白真珠,愛知県,ガリバー 北名古屋店
92,103.9,97000,10,0,1,1,1,黒,福岡県,ネクステージ 新宮店
93,222.8,18000,4,0,1,1,1,茶真珠,群馬県,ガリバー 前橋南インター店
94,95.7,81000,9,0,1,1,1,白真珠,埼玉県,ネッツトヨタ東埼玉 Ｕネッツ藤沢
95,233.9,44000,4,0,0,1,0,緑緑,岡山県,Ｇ－ＡＦＴＥＲ ＭＥＧＡ東岡山店
96,229.5,19000,3,0,0,1,1,黒,岡山県,Ｇ－ＡＦＴＥＲ ＭＥＧＡ東岡山店
97,262.4,7000,1,0,0,1,0,茶緑,千葉県,Ｇ－ＡＦＴＥＲ 木更津店
98,182.8,45000,7,0,1,1,1,茶真珠,兵庫県,ガリバー 垂水店
99,103.1,79000,9,0,1,1,1,青Ｍ,埼玉県,エムズオート　ＪＵ適正販売店
100,204.9,22000,3,0,0,0,0,青,千葉県,Ｇ－ＡＦＴＥＲ ＭＥＧＡ千葉北インター店
101,126.8,62000,9,0,1,0,1,青Ｍ,岡山県,ＷＥＣＡＲＳ（ウィーカーズ） 岡山店
102,161.8,66000,8,0,1,1,1,紫,広島県,ガリバー 広島吉島店
103,233.8,32000,3,0,1,0,0,黒,愛知県,グッドスピード ＭＥＧＡ　ＳＵＶ豊川御油店
104,136.8,82000,7,0,1,1,1,赤Ｍ,宮城県,ガリバー 仙台利府店
105,150.2,36000,7,0,1,0,1,赤Ｍ,宮崎県,宮崎トヨタ自動車 ネッツ宮崎　花ヶ島マイカーセンター
106,157.9,42000,7,0,1,0,1,真珠白,愛知県,ＳＵＶ　ＬＡＮＤ 豊橋
107,96.4,78000,10,0,1,0,1,銀Ｍ,奈良県,奈良トヨタ（株） Ｕ－ＣａｒＭａｘ奈良八条店
108,143.8,26000,8,0,1,0,1,銀Ｍ,千葉県,ガリバー 千葉ニュータウン店
109,124.9,67000,9,0,1,0,1,薄銀Ｍ,和歌山県,ネクステージ 和歌山国体道路店
110,114.8,64000,9,0,1,0,1,赤Ｍ,群馬県,ガリバー 高前バイパス店
111,205.8,39000,5,0,1,1,1,紺Ｍ,埼玉県,ガリバー 新狭山店
112,229.8,53000,4,0,0,1,0,真珠白,岡山県,Ｇ－ＡＦＴＥＲ ＭＥＧＡ東岡山店
113,207.9,41000,5,0,1,1,1,濃赤Ｍ,宮城県,ネクステージ 名取店
114,247.7,21000,3,0,1,1,1,橙,栃木県,Ｈｏｎｄａ　Ｃａｒｓ　栃木 インターパーク店（認定中古車取扱店）
115,172.2,24000,7,0,1,0,1,黒Ｍ,香川県,ガリバー 高松東山崎店
116,113.9,50000,9,0,1,0,1,青Ｍ,滋賀県,リバティ 彦根店
117,259.9,24000,3,0,1,1,1,真珠白,愛知県,ネクステージ 守山店
118,299.8,14000,3,0,1,1,1,濃灰,埼玉県,ガリバー 新狭山店
119,149.8,66000,7,0,1,1,1,茶,埼玉県,ＣＡＲ　ＢＡＮＫ　ＲＩＧＨＴ　春日部フィールド店
120,179.9,60000,6,0,1,1,1,真珠白,大阪府,ネクステージ 寝屋川店
121,109.9,80000,10,0,1,1,1,白真珠,千葉県,カインドアウトレット千葉　コンパクトハイブリッド専門店 プリウス／アクア／ノート／フィット
122,269.9,12000,1,0,1,1,1,真珠白,神奈川県,ネクステージ 厚木店
123,137.7,71000,7,0,0,1,0,白真珠,千葉県,Ｇ－ＡＦＴＥＲ 木更津店
124,159.8,58000,8,0,1,1,1,真珠白,岡山県,ユーカープラス
125,119.6,75000,9,0,1,0,1,真珠白,大分県,ネクステージ 大分店
126,134.8,58000,8,0,0,0,1,茶真珠,千葉県,Ｇ－ＡＦＴＥＲ 成田店
127,153.8,46000,8,0,1,0,1,黒Ｍ,東京都,ガリバー 八王子みなみ野店
128,214.8,68000,3,0,0,1,0,黒,新潟県,Ｇ－ＡＦＴＥＲ ＭＥＧＡ新潟店
129,239.8,3000,3,0,0,1,1,青,埼玉県,Ｇ－ＡＦＴＥＲ ＭＥＧＡ越谷レイクタウン店
130,173.7,40000,7,0,1,1,1,赤,茨城県,Ｈｏｎｄａ　Ｃａｒｓ　茨城 大宮店（認定中古車取扱店）
131,293.8,22000,3,0,1,1,1,白真珠,愛知県,ガリバー 豊橋店
132,181.8,70000,5,0,1,1,1,黒Ｍ,宮城県,ガリバー アウトレット古川バイパス店
133,244.9,38000,3,0,1,1,1,黒,大阪府,Ｋ　Ｐｒｏｄｕｃｅ　ｎｉｃｅ　　ケイ　プロデュース　ナイス コンパクト・ハイブリッド専門店
134,239.2,74000,4,0,1,1,1,薄緑,宮城県,ガリバー 南仙台店
135,199.8,33000,4,0,1,0,1,黒Ｍ,熊本県,ガリバー 熊本店
136,249.9,10,1,0,1,1,1,緑,岐阜県,ネクステージ 美濃加茂店
137,129.7,51000,10,0,1,0,1,黒,愛知県,ガリバー 一宮店
138,109.9,79000,9,0,1,1,1,黒,埼玉県,株式会社ｗｉｔｈ　ｌｅａｐｓ【ＪＵ適正販売店】
139,299.8,5000,2,0,1,1,1,赤真珠,熊本県,ガリバー 熊本店
140,219.8,4000,3,0,0,0,1,緑,栃木県,Ｇ－ＡＦＴＥＲ ＭＥＧＡ佐野厄除大師店
141,183.8,48000,7,0,1,0,1,黒Ｍ,福島県,ガリバー いわき小名浜店
142,89.8,78000,10,0,1,0,1,茶,神奈川県,ネクステージ 横浜港北インター店
143,157.8,52000,7,0,1,0,1,赤Ｍ,埼玉県,ガリバー 吉川美南店
144,209.8,31000,4,0,1,1,1,銀Ｍ,大阪府,（株）カミタケモータース 枚方本店
145,149.9,46000,7,0,1,0,1,赤Ｍ,愛媛県,リバティ 久米窪田店
146,220.3,50000,3,0,0,1,0,真珠白,岡山県,Ｇ－ＡＦＴＥＲ ＭＥＧＡ東岡山店
147,140.9,43000,8,0,1,0,1,白真珠,兵庫県,ガリバー 姫路店
148,138.5,63000,6,0,1,0,1,青Ｍ,埼玉県,埼玉トヨペット 朝霞支店
149,117.8,71000,10,0,1,1,1,黄,愛知県,トヨタカローラ愛知（株） 扶桑マイカーセンター
150,79.9,77000,11,0,1,0,1,黒Ｍ,福井県,リバティ 鯖江店
151,231.5,54000,3,0,1,1,1,深灰,大阪府,Ｋ　Ｐｒｏｄｕｃｅ　ｎｉｃｅ　　ケイ　プロデュース　ナイス コンパクト・ハイブリッド専門店
152,116.9,96000,8,0,0,1,0,真珠白,岡山県,Ｇ－ＡＦＴＥＲ ＭＥＧＡ東岡山店
153,109.9,50000,10,0,1,0,1,黒Ｍ,香川県,ネクステージ 丸亀店
154,253.8,21000,3,0,0,1,0,黒黒,岡山県,Ｇ－ＡＦＴＥＲ ＭＥＧＡ東岡山店
155,159.8,64000,8,0,1,1,1,黒,大阪府,カーチス南港
156,165.8,37000,7,0,1,0,1,赤Ｍ,大阪府,ガリバー 茨木店
157,249.8,7000,3,0,0,1,1,黒,千葉県,Ｇ－ＡＦＴＥＲ 木更津店
158,109.9,83000,9,0,1,1,1,黒Ｍ,千葉県,カインドアウトレット千葉　コンパクトハイブリッド専門店 プリウス／アクア／ノート／フィット
159,180.4,37000,5,0,1,0,1,赤Ｍ,愛知県,トヨタカローラ名古屋（株） ２４８上地店
160,139.8,53000,10,0,1,1,1,黒Ｍ,佐賀県,ガリバー 佐賀本庄店
161,263.2,6000,3,0,1,1,1,緑,兵庫県,ネッツトヨタゾナ神戸（株） 三木店
162,128.8,77000,8,0,1,0,1,黒Ｍ,佐賀県,ガリバー 佐賀本庄店
163,251.8,9000,2,0,1,0,1,薄緑,三重県,ガリバー 朝日店
164,129.4,19000,9,0,1,0,1,赤Ｍ,埼玉県,トヨタカローラ埼玉 Ｕステージ上尾
165,137.6,81000,8,0,1,1,1,黒Ｍ,愛知県,トヨタカローラ名古屋（株） 尾張旭井田店
166,179.9,44000,7,0,1,0,1,茶真珠,茨城県,ガリバー ひたち海浜公園前店
167,214.9,36000,4,0,1,1,1,真珠Ｍ,栃木県,栃木トヨタ自動車（株） Ｕ－Ｃａｒ　小山羽川店
168,179.8,38000,7,0,1,0,1,赤Ｍ,愛媛県,ガリバー 新居浜インター店
169,109.2,50000,9,0,1,0,1,茶真珠,大阪府,Ｋ　Ｐｒｏｄｕｃｅ　ｎｉｃｅ　　ケイ　プロデュース　ナイス コンパクト・ハイブリッド専門店
170,105.8,65000,11,0,1,0,1,茶真珠,神奈川県,ガリバー 平塚店
171,249.8,44000,3,0,1,1,1,薄緑,佐賀県,ネクステージ 南佐賀店
172,259.9,8000,3,0,0,1,1,緑,千葉県,Ｇ－ＡＦＴＥＲ 成田店
173,297.8,21000,3,0,1,1,1,黒,愛媛県,ガリバー 新居浜インター店
174,249.9,7000,3,0,1,0,1,黒,愛媛県,ネクステージ 松山中央店
175,247.8,15000,2,0,1,0,1,真珠Ｍ,岐阜県,トヨタカローラネッツ岐阜（株） ネッツ美濃加茂店
176,114.9,57000,10,0,1,1,1,赤Ｍ,大阪府,Ｋ　Ｐｒｏｄｕｃｅ　ｎｉｃｅ　　ケイ　プロデュース　ナイス コンパクト・ハイブリッド専門店
177,168.9,33000,5,0,1,0,1,真珠Ｍ,栃木県,栃木トヨタ自動車（株） Ｕ－Ｃａｒ　西那須野店
178,187.8,24000,7,0,1,0,1,茶真珠,福岡県,ガリバー 八女店
179,109.9,94000,8,0,1,0,1,薄銀,千葉県,ネクステージ 幕張店
180,179.8,73000,5,0,1,1,1,黒Ｍ,佐賀県,ガリバー 佐賀本庄店
181,206.8,36000,5,0,1,0,1,黒Ｍ,埼玉県,ガリバー 新狭山店
182,189.8,60000,4,0,1,0,1,黒Ｍ,熊本県,ユナイテッドトヨタ熊本株式会社 Ｒ３２５店
183,258.8,67000,3,0,1,1,1,薄茶,石川県,グッドスピード ＭＥＧＡ　ＳＵＶ金沢店
184,239.8,6000,3,0,0,1,1,灰Ｍ,栃木県,Ｇ－ＡＦＴＥＲ ＭＥＧＡ佐野厄除大師店
185,129.9,52000,9,0,1,0,1,黒Ｍ,愛知県,ＳＵＶ　ＬＡＮＤ 豊橋
186,189.8,41000,5,0,1,0,1,白真珠,高知県,ガリバーアウトレット 高知土佐道路店
187,268.3,46000,3,0,1,1,1,橙,三重県,（株）ホンダカーズ三重 ＨＣＭモビリティ河芸店
188,295.9,18000,2,0,1,1,1,灰,愛知県,ネクステージ 岡崎美合店
189,189.6,52000,3,0,0,0,0,真珠白,千葉県,Ｇ－ＡＦＴＥＲ 成田店
190,259.9,6,0,0,1,1,1,薄茶,熊本県,リバティ ドリーム熊本インター店
191,139.9,86000,7,0,1,1,1,黒Ｍ,三重県,リバティ イオンタウン松阪船江店
192,82.8,78000,10,0,1,0,0,黄,埼玉県,エル・レカーズ　４号バイパス店
193,147.8,79000,8,0,1,1,1,紫,山口県,ガリバー 山口店
194,259.8,16000,3,0,0,1,1,緑,千葉県,Ｇ－ＡＦＴＥＲ ＭＥＧＡ千葉北インター店
195,168.6,52000,7,0,1,0,1,黒Ｍ,福岡県,ガリバー 八女店
196,290.8,14,1,0,1,1,1,真珠Ｍ,群馬県,ガリバー 前橋南インター店
197,125.8,86000,8,0,1,0,1,青Ｍ,沖縄県,ガリバー うるま店
198,146.9,55000,7,0,1,0,1,白真珠,滋賀県,リバティ 栗東店
199,189.8,36000,6,0,1,0,1,黒Ｍ,静岡県,ガリバー 磐田店
200,179.8,37000,7,0,1,0,1,白真珠,滋賀県,ガリバー 彦根南店
201,208.6,41000,5,0,1,1,1,茶Ｍ,大阪府,トヨタカローラ南海（株） 諏訪森プラザ
202,249.8,37000,2,0,1,1,1,青,愛知県,ガリバー 名古屋茶屋店
203,154.9,66000,4,0,0,1,0,黒Ｍ,千葉県,Ｇ－ＡＦＴＥＲ 木更津店
204,201.8,21000,5,0,1,0,1,薄灰青,福岡県,ガリバー 八幡店
205,233.6,36000,3,0,1,0,1,青灰,茨城県,茨城トヨペット株式会社 Ｕ－Ｃａｒセンター６号みのり店
206,159.6,49000,9,0,1,0,1,赤Ｍ,岩手県,（株）トーサイ　４ＷＤ　ＳＥＬＥＣＴ　盛岡インター店
207,241.9,18000,2,0,1,0,1,黒,東京都,ガリバー 瑞穂店
208,162.8,65000,8,0,1,1,1,青Ｍ,宮城県,ガリバー 仙台利府店
209,264.9,29000,2,0,1,1,1,黒,愛知県,ネクステージ 刈谷店
210,282.9,11000,3,0,1,1,1,黒,千葉県,ＳＵＶ　ＬＡＮＤ 船橋習志野
211,246.7,4000,2,0,1,0,1,緑,静岡県,アツミモータース 浜北インター店
212,129.9,63000,8,0,1,0,1,白真珠,兵庫県,リバティ 尼崎店
213,226.8,44000,5,0,1,1,1,黒Ｍ,広島県,ガリバー 広島吉島店
214,289.8,26000,3,0,1,1,1,赤Ｍ,北海道,ガリバー 札幌清田店
215,247.8,13000,2,0,1,0,1,黒,愛知県,ガリバー 名古屋茶屋店
216,233.8,35000,4,0,1,1,1,黒Ｍ,東京都,ガリバー 八王子みなみ野店
217,133.7,80000,6,0,1,0,1,真珠Ｍ,福島県,トヨタカローラいわき 原町店
218,209,30000,5,0,1,1,1,真珠白,群馬県,ネッツＧＴＧ えぎ店
219,185.8,23000,6,0,1,0,1,赤Ｍ,群馬県,ガリバー 前橋南インター店
220,114.8,41000,10,0,1,0,1,黒Ｍ,大阪府,ガリバー 茨木店
221,261.2,32000,3,0,1,1,1,白真珠,茨城県,ホリエオート 古河下山店　ＪＵ適正販売店
222,197.9,50000,5,0,1,1,1,茶,愛知県,ＳＵＶ　ＬＡＮＤ 豊橋
223,169.3,33000,6,0,1,0,1,銀Ｍ,愛知県,ネッツトヨタ中部（株） Ｕ－Ｃａｒ春日井
224,138.8,36000,9,0,1,0,1,赤Ｍ,埼玉県,ガリバーＷＯＷ！ＴＯＷＮ 大宮
225,169.8,55000,6,0,1,0,1,黒Ｍ,新潟県,ガリバー 新潟店
226,219.8,31000,7,0,1,1,0,紫Ｍ,大阪府,ガリバー 泉北店
227,149.8,64000,8,0,1,0,1,白真珠,大阪府,ガリバー 泉北店
228,199.8,34000,5,0,1,0,1,銀Ｍ,愛知県,ガリバー 名古屋茶屋店
229,266.3,31000,4,0,1,1,1,白真珠,茨城県,オーテックプラスつくば店
230,254.9,20,1,0,1,1,1,黒,千葉県,ＳＵＶ　ＬＡＮＤ 柏
231,107.5,89000,11,0,1,1,1,銀,兵庫県,ホンダカーズ兵庫 三田中央店Ｈｏｎｄａ　Ｕ－Ｃａｒ
232,107.9,83000,9,0,1,0,1,黒,滋賀県,ネクステージ 東近江店
233,199.9,58000,5,0,1,1,1,銀,長野県,ガリバー 佐久店
234,148.2,54000,6,0,1,1,1,白真珠,大阪府,ビジレンネクスト　枚方店
235,265.9,23000,3,0,1,1,1,深灰II,東京都,ＷＥＣＡＲＳ（ウィーカーズ） 多摩店
236,155.8,76000,7,0,1,1,1,赤Ｍ,埼玉県,ガリバー 吉川美南店
237,146.2,56000,8,0,1,0,1,白真珠,大阪府,Ｋ　Ｐｒｏｄｕｃｅ　ｎｉｃｅ　　ケイ　プロデュース　ナイス コンパクト・ハイブリッド専門店
238,172.8,46000,8,0,1,0,1,白真珠,宮城県,ガリバー 仙台富谷店
239,258.8,26000,3,0,1,0,1,黒,愛知県,ガリバー 豊橋店
240,199.8,28000,5,0,1,0,1,黒Ｍ,福岡県,ガリバー 八幡店
241,254.6,52000,3,0,1,1,1,深灰,京都府,（株）平安オート　ＪＵ適正販売店
242,124.9,87000,9,0,1,1,1,真珠白,栃木県,ネクステージ 小山店
243,237.4,12000,3,0,1,0,1,真珠Ｍ,埼玉県,埼玉トヨペット Ｕ－ｃａｒランド一平　東松山店
244,199.8,33000,5,0,1,0,1,白真珠,高知県,ガリバーアウトレット 高知土佐道路店
245,99.5,65000,11,0,1,0,1,赤Ｍ,埼玉県,トヨタカローラ埼玉 春日部小渕店
246,125.2,84000,6,0,1,0,1,黒,愛知県,ミニバン専門店　ファイントラストエアポート店
247,109.9,42000,11,0,1,0,1,青Ｍ,東京都,ガリバー 瑞穂店
248,244.9,21000,3,0,1,0,1,白,福岡県,福祉車両のみ１５０台展示　福祉車両専門店（一社）福祉車両のたすかる
249,248.9,10000,2,0,1,0,1,白真珠,大阪府,リバティ 貝塚店
250,170.8,31000,8,0,1,0,1,白真珠,福岡県,ガリバー 八幡店
251,156.8,39000,8,0,1,0,1,黒,大阪府,カーチス枚方
252,159.8,22000,9,0,1,1,1,黄,愛知県,ガリバー 岩塚本通店
253,172.8,29000,7,0,1,0,1,青Ｍ,奈良県,奈良トヨタ（株） 田原本マイカーセンター
254,169.3,54000,7,0,1,1,1,赤Ｍ,埼玉県,埼玉トヨペット 朝霞支店
255,298.8,28000,3,0,1,1,0,白真珠,福井県,ガリバー ８号越前店
256,179.8,44000,4,0,1,0,1,黒,神奈川県,ネクステージ 小田原店
257,259.9,12,1,0,1,1,1,黒,熊本県,リバティ ドリーム熊本インター店
258,251.9,20,1,0,1,1,1,真珠,福岡県,ケイカフェ やはた店
259,259.9,10,1,0,1,1,1,黒,熊本県,リバティ ドリーム熊本インター店
260,236.5,14000,4,0,1,1,1,白真珠,埼玉県,ネッツトヨタ東埼玉 Ｕネッツ春日部
261,198.8,38000,6,0,1,1,1,赤,愛知県,ガリバー 守山店
262,97.8,58000,10,0,1,0,1,赤Ｍ,埼玉県,エル・レカーズ　４号バイパス店
263,116.8,116000,8,0,1,1,1,紫,宮城県,ガリバー 南仙台店
264,218.5,46000,4,0,0,0,0,深灰,岡山県,Ｇ－ＡＦＴＥＲ ＭＥＧＡ東岡山店
265,242.9,13,1,0,1,1,1,黒,石川県,ネクステージ 野々市店
266,198,47000,5,0,1,0,1,黒,千葉県,アドバンストレーディング　柏１６号店
267,218.8,21000,5,0,1,1,1,赤Ｍ,静岡県,ガリバー 富士青葉通り店
268,264.8,25000,3,0,0,1,1,緑薄,新潟県,Ｇ－ＡＦＴＥＲ ＭＥＧＡ新潟店
269,293.1,20000,2,0,1,1,1,真珠Ｍ,大阪府,トヨタカローラ南海（株） 諏訪森プラザ
270,92.2,118000,10,0,1,1,1,黒Ｍ,愛知県,トヨタカローラ愛知（株） 一宮マイカーセンター
271,99.9,98000,11,0,1,0,1,緑,愛知県,ネクステージ 大高店
272,259.9,8,1,0,1,1,1,黒Ｍ,三重県,ネクステージ 松阪店
273,259.9,8,1,0,1,1,1,真珠Ｍ,和歌山県,大谷自動車株式会社 和歌山店
274,273,31000,3,0,1,1,1,緑,栃木県,ガリバー 宇都宮店
275,155.8,47000,7,0,1,0,1,茶,福島県,ネクステージ 郡山店
276,324.9,5,1,0,1,1,1,真珠Ｍ,熊本県,リバティ ドリーム熊本インター店
277,298.5,15000,2,0,1,1,1,黒,愛知県,ガリバー 一宮店
278,169.6,44000,6,0,1,0,1,銀Ｍ,大阪府,トヨタカローラ南海（株） 金岡プラザ
279,144.6,72000,8,0,0,1,0,黒Ｍ,岡山県,Ｇ－ＡＦＴＥＲ ＭＥＧＡ東岡山店
280,113.6,71000,10,0,1,1,1,赤Ｍ,長崎県,長崎三菱自動車販売 クリーンカー多良見
281,306.8,14000,2,0,1,1,1,真珠Ｍ,東京都,ガリバー 八王子みなみ野店
282,180.7,57000,7,0,1,1,1,黄黒II,宮城県,カーチスメガ仙台
283,159.8,63000,9,0,1,1,1,真珠,岐阜県,ＭＡＲＵＥＩ　ＣＡＲＳ　手力
284,93.9,98000,9,0,1,1,1,茶,愛知県,ミニバン専門店　ファイントラストエアポート店
285,279.9,29000,3,0,1,1,1,真珠白,愛知県,ネクステージ 岡崎美合店
286,263.8,19000,4,0,1,1,1,赤,大阪府,グッドスピード ＭＥＧＡ　ＳＵＶ大阪豊中店
287,205.9,60000,5,0,1,1,1,黒,千葉県,ＳＵＶ　ＬＡＮＤ 船橋習志野
288,129.6,92000,8,0,1,0,1,赤紫Ｍ,長崎県,ネクステージ 長崎店
289,109.7,95000,9,0,1,1,1,黒Ｍ,大阪府,普通車・登録済未使用車専門店　車の森 なかもず店
290,119.9,51000,10,0,1,0,1,黄,長野県,ネクステージ 松本店
291,118.8,71000,10,0,1,1,1,黒Ｍ,島根県,ガリバー 出雲店
292,280.3,20000,3,0,1,1,1,II赤,群馬県,ネッツＧＴＧ ひろさわ店
293,268,23000,3,0,1,1,1,白真珠,大阪府,Ｋ　Ｐｒｏｄｕｃｅ　ｎｉｃｅ　　ケイ　プロデュース　ナイス コンパクト・ハイブリッド専門店
294,164.9,35000,8,0,1,1,1,黒Ｍ,愛知県,ＡＵＴＯ　ＳＨＯＰ　絆
295,109.1,39000,10,0,1,0,1,黄,愛知県,愛知トヨタ キャラット一宮店
296,324.9,41,1,0,1,1,1,真珠Ｍ,熊本県,リバティ ドリーム熊本インター店
297,99.9,71000,10,0,1,0,1,茶真珠,千葉県,カインドアウトレット千葉　コンパクトハイブリッド専門店 プリウス／アクア／ノート／フィット
298,170,58000,8,0,1,1,1,茶Ｍ,愛知県,ＮＴＰ名古屋トヨペット（株） 豊橋下地店
299,97.8,104000,11,0,1,1,1,茶,岡山県,ネクステージ 倉敷店
300,138.8,83000,8,0,1,1,1,白真珠,愛知県,グッドスピード 小牧ミニバン専門店
301,262.9,10,1,0,1,1,1,黒,愛媛県,ネクステージ 松山中央店
302,239.8,7,1,0,1,0,1,黒,神奈川県,アクティブコレクション　登録済未使用車専門店
303,219.8,8000,5,0,1,1,1,赤Ｍ,宮城県,ガリバー 仙台利府店
304,259.9,10000,3,0,1,1,1,青,福井県,ガリバー 福井店
305,266.8,7,1,0,1,1,1,真珠Ｍ,群馬県,ガリバー 高前バイパス店
306,136.3,51000,10,0,1,1,1,黒Ｍ,和歌山県,軽ワールド　車検のコバック和歌山湊店
307,195.8,21000,6,0,1,0,1,白真珠,宮城県,ガリバー 仙台利府店
308,299.9,9000,2,0,1,1,1,真珠白,新潟県,ネクステージ 長岡店
309,139.8,49000,9,0,1,0,1,黒Ｍ,愛知県,ガリバー Ｒ１豊橋店
310,269.8,21000,3,0,1,1,1,白真珠,愛知県,グッドスピード ＭＥＧＡ　ＳＵＶ知立店
311,339.9,10,1,0,1,1,1,真珠白,京都府,新車低金利専門店　ケイスマイル　宇治店
312,247.8,23000,4,0,1,1,1,茶黒II,奈良県,ガリバー 橿原桜井店
313,143.9,36000,8,0,1,0,1,白真珠,大阪府,リバティ 貝塚店
314,84,123000,11,0,1,1,1,黒,岐阜県,ミニバン専門店　ファイントラスト可児店
315,305.8,12000,2,0,1,1,1,深灰,福岡県,ガリバー 八幡店
316,118.3,62000,11,0,1,0,1,白真珠,大阪府,ガリバー 泉北店
317,285.8,10000,3,0,1,1,1,薄灰青,愛知県,グッドスピード ＭＥＧＡ　ＳＵＶ知立店
318,154.9,59000,7,0,1,0,1,真珠白,愛知県,ネクステージ 東浦店
319,259.9,10,1,0,1,1,1,真珠白,岡山県,ネクステージ 早島インター店
320,149.9,26000,8,0,1,0,1,青Ｍ,愛知県,ネクステージ 江南店
321,234.8,18000,4,0,1,1,1,薄灰青,福島県,Ｂｒａｔブラット郡山　ＳＵＶ専門店
322,158.8,61000,8,0,1,0,1,黒Ｍ,群馬県,ガリバー 前橋南インター店
323,169.9,50000,7,0,1,0,1,赤黒II,茨城県,ガリバー ひたち海浜公園前店
324,254.7,27000,4,0,0,1,0,薄茶,千葉県,Ｇ－ＡＦＴＥＲ 成田店
325,289.8,3000,3,0,1,1,1,深灰,愛知県,ガリバー 名古屋茶屋店
326,158.3,82000,4,0,1,1,1,真珠Ｍ,埼玉県,埼玉トヨペット 秩父支店
327,244.7,25000,3,0,1,0,1,薄緑,熊本県,ＷＥＣＡＲＳ（ウィーカーズ） 宇土店
328,198.1,15000,5,0,1,1,1,茶Ｍ,福岡県,ネッツトヨタ福岡 福岡マイカーセンター
329,172,28000,6,0,1,0,1,赤黒II,愛知県,ガリバー 北名古屋店
330,295.8,24000,3,0,1,1,1,青灰II,滋賀県,ガリバー 草津南店
331,278.8,37000,3,0,1,1,1,黒,愛知県,ガリバー 豊橋店
332,183.8,33000,7,0,1,0,1,青Ｍ,和歌山県,ガリバー 和歌山バイパス店
333,202.8,30000,6,0,1,0,1,黒Ｍ,福岡県,ガリバー 八幡店
334,174.8,42000,8,0,1,1,1,白真珠,大阪府,ガリバー 泉佐野南店
335,214.8,46000,5,0,1,0,1,黒Ｍ,北海道,ガリバー 東雁来店
336,164.8,29000,7,0,1,0,1,赤黒II,大阪府,ガリバー 茨木店
337,199.8,38000,5,0,1,0,1,黒Ｍ,熊本県,ガリバー 熊本店
338,309.8,15000,2,0,1,1,1,黒,佐賀県,ガリバー 久留米みやき店
339,145.8,22000,11,0,1,1,1,黄,大阪府,ガリバー 東大阪店
340,300.4,11000,2,0,1,1,1,真珠Ｍ,愛知県,ＮＴＰ名古屋トヨペット（株） 豊橋下地店
341,119.9,82000,9,0,1,1,1,薄銀Ｍ,大阪府,ネクステージ 岸和田店
342,179.8,53000,6,0,1,0,1,白真珠,鹿児島県,ガリバーアウトレット 薩摩川内店
343,104.9,75000,9,0,1,0,1,青Ｍ,佐賀県,佐賀トヨペット 鹿島店
344,169.9,57000,4,0,0,1,0,真珠白,千葉県,Ｇ－ＡＦＴＥＲ 木更津店
345,112.9,87000,8,0,1,0,1,銀,長崎県,ＷＥＣＡＲＳ（ウィーカーズ） 佐世保店
346,199.8,44000,6,0,1,0,1,黒Ｍ,大阪府,ガリバー 茨木店
347,278.8,12000,3,0,1,0,1,白真珠,東京都,ガリバー 八王子みなみ野店
348,207.8,60000,3,0,1,1,1,黒,富山県,インディオ富山
349,261.8,20000,2,0,1,1,1,薄緑,愛知県,ＶＥＲＮＯ　ＣＡＲＬＡ豊川店 （ベルノカーラ豊川店）
350,275.3,43000,3,0,1,1,1,白真珠,大阪府,ガリバー 泉北店
351,185.4,31000,5,0,1,0,1,黒Ｍ,岡山県,岡山トヨペット ＣＨＵ　ＢＡＳＥ　倉敷
352,221.9,9000,3,0,1,0,1,白真珠,大阪府,トヨタモビリティ新大阪（株） Ｕ－Ｃａｒ名神茨木店
353,149.8,34000,9,0,1,0,1,黒Ｍ,埼玉県,ガリバーＷＯＷ！ＴＯＷＮ 大宮
354,284.9,24000,3,0,1,1,1,黒,愛知県,ネクステージ ４１号小牧店
355,189.8,27000,8,0,1,1,1,白真珠,山口県,ガリバー 山口店
356,118.4,42000,10,0,0,0,1,赤Ｍ,神奈川県,エースカーセールス 川崎宮前店
357,269.9,46000,3,0,1,1,1,黒,静岡県,ネクステージ 裾野長泉店
358,229,6,1,0,1,0,1,真珠Ｍ,香川県,ハヤシ Ｈ＋ＰＬＵＳ（エイチプラス）高松店
359,74.9,94000,11,0,0,0,1,真珠白,岡山県,Ｇ－ＡＦＴＥＲ ＭＥＧＡ東岡山店
360,313.8,27000,2,0,1,1,1,深灰,東京都,ガリバー 瑞穂店
361,274.7,12000,3,0,1,1,1,桃,佐賀県,ガリバー 久留米みやき店
362,259.9,7000,2,0,1,0,1,薄緑,福岡県,福祉車両のみ１５０台展示　福祉車両専門店（一社）福祉車両のたすかる
363,222.6,30000,4,0,1,0,1,青,千葉県,ネクステージ 幕張店
364,172.9,69000,5,0,1,0,1,薄黒黒,三重県,ネクステージ 四日市店
365,258.8,23000,4,0,1,1,1,白真珠,広島県,ガリバー 福山店
366,277.8,41000,3,0,1,1,1,薄緑,宮城県,ガリバー 仙台利府店
367,139.8,68000,10,0,1,1,1,銀Ｍ,滋賀県,ガリバー 草津南店
368,159.8,38000,8,0,1,0,1,黒Ｍ,富山県,ガリバー 富山店
369,218.3,33000,4,0,1,0,1,真珠Ｍ,埼玉県,埼玉トヨペット 久喜支店
370,199.9,41000,6,0,1,1,1,黒Ｍ,神奈川県,ガリバー 座間店
371,239.8,52000,3,0,0,1,1,灰深,千葉県,Ｇ－ＡＦＴＥＲ 成田店
372,167.9,50000,8,0,1,0,1,茶,静岡県,ネクステージ 裾野長泉店
373,187.8,48000,6,0,1,1,1,茶Ｍ,岡山県,ガリバー 岡山店
374,124.9,48000,9,0,1,0,1,黒Ｍ,埼玉県,エバーグリーンオート株式会社 サード店
375,259.9,31000,3,0,1,1,1,真珠白,宮城県,ネクステージ 仙台利府店
376,300.4,15000,2,0,1,1,1,黒,愛知県,ＮＴＰ名古屋トヨペット（株） 下市場中古車センター
377,167.8,53000,8,0,1,1,1,紫,千葉県,ガリバー 千葉ニュータウン店
378,173.8,35000,8,0,1,0,1,紫,三重県,ガリバー 朝日店
379,262.9,7,1,0,1,1,1,黒,三重県,ネクステージ 桑名店
380,152.8,70000,7,0,1,0,1,赤黒II,岡山県,ガリバー 津山店
381,257,16000,3,0,1,0,1,赤灰II,三重県,（株）オートモール ヴァーサス伊勢店
382,127.8,58000,9,0,1,0,1,赤Ｍ,愛知県,ガリバー 名古屋茶屋店
383,187.8,46000,7,0,1,0,1,茶真珠,愛知県,ガリバー 北名古屋店
384,219.8,44000,5,0,1,1,1,黒Ｍ,愛知県,ガリバー １５３豊田小坂店
385,282.9,29000,3,0,1,1,1,緑黒,三重県,ネクステージ 津店
386,176.6,54000,5,0,1,0,1,黒Ｍ,大阪府,トヨタカローラ南海（株） 泉佐野プラザ
387,208.3,29000,5,0,1,1,1,白真珠,大阪府,トヨタモビリティ新大阪（株） Ｕ－Ｃａｒくずは北山店
388,151.8,67000,7,0,1,1,0,真珠白,埼玉県,ＣＡＲ　ＢＡＮＫ　ＲＩＧＨＴ　春日部フィールド店
389,159.8,69000,7,0,1,0,1,赤Ｍ,滋賀県,ガリバー 草津南店
390,193.9,57000,5,0,1,1,1,白真珠,埼玉県,エバーグリーンオート株式会社 サード店
391,189.9,47000,7,0,1,0,1,黒Ｍ,岡山県,ネクステージ 早島インター店
392,212.8,40000,4,0,1,0,1,黒,富山県,インディオ富山
393,274.8,20000,3,0,0,1,1,白真珠,新潟県,Ｇ－ＡＦＴＥＲ ＭＥＧＡ新潟店
394,173.8,60000,8,0,1,1,1,黒,福島県,ガリバー いわき小名浜店
395,250.1,29000,3,0,1,1,1,黒,大阪府,トヨタモビリティ新大阪（株） カーロッツ新大阪店
396,159.9,82000,8,0,1,1,1,真珠白,長野県,ネクステージ 長野南店
397,169.9,42000,6,0,1,0,1,白,山形県,軽未使用車専門店　ｆｉｎｏ［ふぃの］ 山形店
398,255.8,17000,3,0,1,1,1,薄緑,愛知県,ＶＥＲＮＯ　ＣＡＲＬＡ豊川店 （ベルノカーラ豊川店）
399,178.3,37000,5,0,1,0,1,黒Ｍ,愛知県,トヨタカローラ愛知（株） 三河安城マイカーセンター
400,169.8,53000,7,0,1,0,1,茶真珠,熊本県,ガリバー 熊本インター店
401,124.8,88000,10,0,1,1,1,白真珠,愛知県,ガリバー 豊橋店
402,319.8,4000,1,0,1,1,1,薄灰青,宮城県,ガリバー 南仙台店
403,118.8,60000,9,0,1,0,1,赤Ｍ,大阪府,カーチス枚方
404,149.8,55000,10,0,1,1,1,赤Ｍ,群馬県,ガリバー 高前バイパス店
405,179.9,38000,5,0,1,0,1,白真珠,奈良県,リバティ イオンモール橿原Ｗｅｓｔ　Ｖｉｌｌａｇｅ店
406,134.9,104000,7,0,1,1,1,黒,福岡県,ネクステージ 北九州店
407,292.6,16000,2,0,1,1,1,青,神奈川県,ＷＥＣＡＲＳ（ウィーカーズ） 瀬谷目黒店
408,147.5,64000,9,0,1,1,1,濃紫,愛知県,トヨタカローラ愛知（株） 扶桑マイカーセンター
409,239.8,14000,4,0,0,1,0,灰,千葉県,Ｇ－ＡＦＴＥＲ ＭＥＧＡ千葉北インター店
410,134.8,51000,9,0,1,0,1,真珠Ｍ,愛知県,ＮＴＰ名古屋トヨペット（株） 下市場中古車センター
411,119.8,63000,11,0,1,0,1,黒Ｍ,大阪府,ガリバー 東大阪店
412,299.8,8000,1,0,1,1,1,黒,大阪府,Ｋ　Ｐｒｏｄｕｃｅ　ｎｉｃｅ　新車・未使用車　ミニバン専門店 アルファード・ヴェルファイア・ノア・ヴォクシー・セレナ
413,119.9,57000,10,0,1,1,1,赤Ｍ,埼玉県,エバーグリーンオート株式会社 サード店
414,193.8,26000,6,0,1,0,1,薄茶,奈良県,ガリバー 奈良店
415,301.8,24000,3,0,1,1,1,黒,愛知県,ガリバー １号知立店
416,170.8,28000,8,0,1,0,1,黒Ｍ,千葉県,ガリバー 千葉ニュータウン店
417,157.3,61000,7,0,1,0,1,真珠Ｍ,高知県,高知トヨタ自動車 一文橋ステーション
418,262.4,48000,3,0,1,1,1,黒,栃木県,トヨタカローラ栃木 中古車　つるた
419,116.4,22000,10,0,1,0,1,真珠Ｍ,愛知県,トヨタカローラ名古屋（株） Ｕ－Ｃａｒ日進竹の山
420,305.9,10000,2,0,1,1,1,黒,大阪府,トヨタカローラ南海（株） いずみプラザ
421,198.8,50000,5,0,1,0,1,白真珠,埼玉県,ガリバー 新狭山店
422,277.2,23000,3,0,1,1,1,真珠Ｍ,宮崎県,宮崎トヨタ自動車 本社マイカーセンター
423,187.8,40000,8,0,1,1,1,紫,愛知県,ガリバー １号知立店
424,138.4,54000,11,0,1,1,1,真珠Ｍ,愛知県,トヨタカローラ名古屋（株） 尾張旭井田店
425,275.9,9000,2,0,1,1,1,真珠白,静岡県,ネクステージ 浜松志都呂店
426,137.8,64000,9,0,1,0,1,白真珠,三重県,ガリバー アウトレット津高茶屋店
427,164.8,40000,8,0,1,0,1,紫,埼玉県,ガリバーＷＯＷ！ＴＯＷＮ 大宮
428,226.5,29000,3,0,1,0,1,真珠Ｍ,埼玉県,ＷＥＣＡＲＳ（ウィーカーズ） 鴻巣店
429,196.8,90000,4,0,0,1,0,真珠白,千葉県,Ｇ－ＡＦＴＥＲ ＭＥＧＡ千葉北インター店
430,198.8,42000,6,0,1,0,1,白真珠,熊本県,ガリバー 熊本店
431,244.9,20,1,0,1,0,1,黒,愛知県,ネクステージ 刈谷店
432,149.9,69000,4,0,0,1,0,黒,千葉県,Ｇ－ＡＦＴＥＲ 成田店
433,139.9,59000,11,0,1,1,1,真珠白,新潟県,ネクステージ 長岡店
434,189.8,32000,6,0,1,0,1,赤,沖縄県,ガリバー ５８号宜野湾店
435,142.8,28000,7,1,1,0,0,真珠白,神奈川県,ＣＡＲ　ＢＡＮＫ　ＲＩＧＨＴ
436,159.8,45000,9,0,1,1,1,黒Ｍ,佐賀県,ガリバー 佐賀本庄店
437,279.9,10000,4,0,1,1,1,真珠白,鹿児島県,ＳＵＶ　ＬＡＮＤ 鹿児島
438,262.7,10,1,0,1,1,1,黒,長崎県,ＷＥＣＡＲＳ（ウィーカーズ） 佐世保店
439,287.7,31000,2,0,1,1,1,薄緑,兵庫県,ＷＥＣＡＲＳ（ウィーカーズ） 神戸垂水店
440,183,32000,7,0,1,1,1,黄,長崎県,ネッツトヨタ長崎 ユーカー時津打坂
441,199.9,44000,5,0,1,0,1,青,岐阜県,ネクステージ 土岐多治見店
442,119.8,89000,10,0,1,1,1,黒Ｍ,静岡県,ガリバー 浜松宮竹店
443,270.7,27000,3,0,1,1,1,青,愛知県,ＶＥＲＮＯ　ＣＡＲＬＡ岡崎店 （ベルノカーラ岡崎店）
444,296.8,15000,3,0,1,1,1,薄緑,東京都,ガリバー 瑞穂店
445,169.9,45000,9,0,1,1,1,黒Ｍ,宮城県,ネクステージ 仙台泉店
446,284.8,26000,4,0,1,1,1,黒,富山県,ガリバー 富山店
447,185.2,48000,7,0,1,1,1,赤Ｍ,大阪府,カーチス南港
448,284.4,17000,2,0,1,1,1,真珠Ｍ,栃木県,栃木トヨタ自動車（株） Ｕ－Ｃａｒ　小山羽川店
449,260.9,43000,3,0,1,1,0,薄緑,宮城県,ＷＥＣＡＲＳ（ウィーカーズ） 名取店
450,221.8,43000,5,0,1,1,1,赤Ｍ,愛知県,ガリバー 北名古屋店
451,251.4,25000,3,0,1,0,1,緑,大阪府,トヨタカローラ南海（株） 金岡プラザ
452,286.8,42000,3,0,1,1,1,白真珠,大阪府,ガリバー 茨木店
453,152.3,88000,8,0,1,1,1,黒Ｍ,愛知県,ガリバー 名古屋茶屋店
454,173.8,40000,8,0,1,1,1,紫,茨城県,ガリバー つくば研究学園店
455,279.6,21000,3,0,1,1,1,薄茶,大分県,ネクステージ 大分鶴崎店
456,269.9,32000,3,0,1,1,1,黒,奈良県,リバティ 西大和店
457,115.6,101000,8,0,0,1,0,黒Ｍ,栃木県,Ｇ－ＡＦＴＥＲ ＭＥＧＡ佐野厄除大師店
458,139.9,73000,9,0,1,1,1,真珠白,愛知県,ネクステージ 日進駅前店
459,279.8,13000,2,0,1,1,1,真珠Ｍ,愛知県,ガリバー 名古屋茶屋店
460,208.8,28000,5,0,1,0,1,黒Ｍ,愛知県,ガリバー 名古屋茶屋店
461,234.9,60000,4,0,1,1,1,真珠白,愛知県,ネクステージ 刈谷店
462,289.7,13000,3,0,1,1,1,白真珠,茨城県,ホリエオート 古河下山店　ＪＵ適正販売店
463,139.2,69000,8,0,1,0,1,黒Ｍ,栃木県,トヨタカローラ栃木 中古車　かわだ
464,297.1,13000,2,0,1,1,1,薄緑,埼玉県,トヨタカローラ埼玉 羽生ＢＡＳＥ
465,272.8,10000,3,0,1,0,1,黒,愛知県,ガリバー 名古屋茶屋店
466,185.8,31000,6,0,1,0,1,青Ｍ,神奈川県,ガリバー 座間店
467,149.6,85000,8,0,1,1,1,黒Ｍ,大分県,ネクステージ 大分鶴崎店
468,199.2,55000,3,0,1,0,1,白真珠,大阪府,Ｋ　Ｐｒｏｄｕｃｅ　ｎｉｃｅ　　ケイ　プロデュース　ナイス コンパクト・ハイブリッド専門店
469,271.9,41000,3,0,1,1,1,赤,兵庫県,ホンダカーズ兵庫 三田中央店Ｈｏｎｄａ　Ｕ－Ｃａｒ
470,269.8,59000,3,0,1,1,1,黒,東京都,ガリバー 瑞穂店
471,319.9,3000,1,0,1,1,1,真珠白,宮城県,ネクステージ 名取店
472,289.9,35000,3,0,1,1,1,黒,岡山県,ネクステージ 岡山店
473,114.9,50000,11,0,1,0,1,銀,三重県,カーセブン ２３号鈴鹿店
474,192.9,34000,7,0,1,0,1,赤Ｍ,愛知県,ネクステージ 岡崎美合店
475,149.8,87000,7,0,1,0,1,白真珠,北海道,カーセブン札幌南店
476,250.8,27000,3,0,1,1,1,薄緑,愛知県,ＶＥＲＮＯ　ＣＡＲＬＡ岡崎店 （ベルノカーラ岡崎店）
477,272.9,22000,2,0,1,1,1,黒,和歌山県,ネクステージ 和歌山店
478,277.9,19000,3,0,1,0,1,黒,千葉県,ネクステージ 幕張店
479,269.9,29000,3,0,1,1,1,赤Ｍ,群馬県,ネッツＧＴＧ あこうだ店
480,159.9,66000,8,0,1,1,1,黒Ｍ,熊本県,リバティ ドリーム熊本インター店
481,299.9,20000,3,0,1,1,1,真珠白,千葉県,ＳＵＶ　ＬＡＮＤ 柏
482,259.8,20000,3,0,0,1,0,薄茶,栃木県,Ｇ－ＡＦＴＥＲ ＭＥＧＡ佐野厄除大師店
483,265.8,37000,3,0,1,1,1,白真珠,神奈川県,ガリバー 平塚店
484,192.9,49000,7,0,1,1,1,赤Ｍ,福岡県,トヨタカローラ博多 那珂マイカーセンター
485,159.8,60000,8,0,1,0,1,黒Ｍ,静岡県,ガリバー 浜松宮竹店
486,285.8,31000,4,0,1,1,1,黒,山口県,ガリバー 山口店
487,294.8,35000,3,0,1,1,1,緑,愛知県,ガリバー 岡崎店
488,292.2,9000,3,0,1,1,1,青,三重県,ガリバー アウトレット津高茶屋店
489,203.8,54000,4,0,1,1,1,赤黒II,静岡県,ガリバー 富士青葉通り店
490,254.4,13000,3,0,1,0,1,黒,大阪府,トヨタカローラ南海（株） 高石プラザ
491,144.8,52000,9,0,1,0,1,紫,福岡県,ガリバー 八幡店
492,237.9,17000,3,0,1,0,1,黒,神奈川県,ネクステージ 厚木店
493,290.1,16000,3,0,1,1,1,黒,福岡県,ネッツトヨタ福岡 久留米マイカーセンター
494,279.9,16000,3,0,1,1,1,赤Ｍ,岡山県,ネクステージ 早島インター店
495,79.9,96000,10,0,1,0,1,白真珠,千葉県,カインドアウトレット千葉　コンパクトハイブリッド専門店 プリウス／アクア／ノート／フィット
496,271.5,31000,3,0,1,1,1,青灰,栃木県,栃木トヨタ自動車（株） Ｕ－Ｃａｒ　つるた店
497,196.8,58000,7,0,1,1,1,黒Ｍ,大阪府,ガリバーアウトレット 外環河内長野店
498,158,53000,8,0,1,1,1,銀,静岡県,ガリバー 磐田店
499,220.3,39000,5,0,1,1,1,銀Ｍ,愛知県,ネッツトヨタ中部（株） Ｕ－Ｃａｒ米野木
500,299.9,11000,1,0,1,1,1,薄茶,宮城県,ネクステージ 大崎店
501,225.9,9000,4,0,1,1,1,薄灰青,奈良県,奈良トヨタ（株） Ｕ－Ｃａｒ　葛城店
502,133.3,72000,9,0,1,1,1,青Ｍ,大阪府,トヨタモビリティ新大阪（株） Ｕ－Ｃａｒ吹田店
503,203.3,17000,5,0,1,0,1,黒Ｍ,大阪府,トヨタモビリティ新大阪（株） Ｕ－Ｃａｒ高槻店
504,189.4,9000,6,0,1,0,1,紺ＭＭ,茨城県,茨城トヨペット株式会社 Ｕ－Ｃａｒセンター６号みのり店
505,282.2,15000,4,0,1,1,1,深灰,茨城県,ホリエオート 古河下山店　ＪＵ適正販売店
506,259.9,14000,4,0,1,1,1,真珠白,岡山県,ネクステージ 岡山店
507,163.8,46000,8,0,1,0,1,黒Ｍ,兵庫県,ガリバー 垂水店
508,110,94000,10,0,1,1,1,真珠白,宮城県,車買取　バイグッド
509,242.6,27000,2,0,1,0,1,赤Ｍ,愛知県,ＮＴＰ名古屋トヨペット（株） オレンジタウン豊田土橋店
510,173.9,68000,7,0,1,0,1,黒Ｍ,福島県,ネクステージ 福島伊達店
511,249.8,31000,3,0,1,0,1,薄緑,富山県,インディオ富山
512,89.8,100000,10,0,1,0,1,茶,愛知県,グッドスピード ＭＥＧＡ　ＳＵＶ知立店
513,137.8,49000,10,0,1,0,1,黒Ｍ,宮崎県,ガリバー 宮崎港店
514,137.9,59000,9,0,1,0,1,茶,愛知県,ネクステージ ４１号小牧店
515,192.9,44000,5,0,1,0,1,真珠白,熊本県,ネクステージ 熊本東店
516,295.9,24000,2,0,1,1,1,真珠白,栃木県,ネクステージ 小山店
517,368,7,0,0,1,1,1,真珠Ｍ,北海道,カーセブン札幌南店
518,137.2,76000,7,0,1,0,1,銀,大阪府,（株）ダイツー　Ｄ．ＢＲＡＮＤ　Ｕ－Ｃａｒ 大東店
519,203.6,51000,5,0,1,1,1,緑ＭII,熊本県,ユナイテッドトヨタ熊本株式会社 ネッツスクエア八代店
520,107.7,50000,11,0,0,0,1,赤Ｍ,神奈川県,エースカーセールス 第６センター
521,308.9,21000,2,0,1,1,1,黒,岐阜県,ガリバー 岐阜北方店
522,191.2,32000,7,0,1,1,1,茶真珠,京都府,（株）平安オート　ＪＵ適正販売店
523,196.2,14000,6,0,1,1,1,赤Ｍ,埼玉県,埼玉トヨペット Ｕ－ｃａｒランド一平　川越店
524,169.8,86000,6,0,1,1,1,黒Ｍ,沖縄県,ガリバー うるま店
525,278.7,9000,3,0,1,1,1,真珠Ｍ,大阪府,トヨタカローラ南海（株） 光明池プラザ
526,299.8,14,1,0,1,1,1,黒,群馬県,ガリバー 高前バイパス店
527,289.9,17000,3,0,1,1,1,真珠白,宮城県,ネクステージ 仙台泉店
528,242.5,16000,2,0,1,0,1,灰濃,愛知県,ＮＴＰ名古屋トヨペット（株） オレンジタウン津島店
529,151.8,55000,8,0,1,0,1,茶真珠,埼玉県,ガリバーＷＯＷ！ＴＯＷＮ 大宮
530,159.2,86000,8,0,1,1,1,黒Ｍ,香川県,ガリバー 高松東山崎店
531,194.3,37000,5,0,1,0,1,青灰,島根県,島根トヨペット 益田店
532,265.8,19000,2,0,1,0,1,薄緑,千葉県,ガリバー 千葉ニュータウン店
533,276.5,10000,4,0,1,1,1,白真珠,埼玉県,ネッツトヨタ東埼玉 Ｕネッツ藤沢
534,272.9,24000,2,0,1,1,1,真珠白,三重県,ネクステージ 津店
535,163.8,38000,6,0,1,0,1,白真珠,福岡県,オリックス Ｕ－Ｃａｒ福岡大野城店／株式会社イデックスオート・ジャパン
536,318.1,15,1,0,1,1,1,緑灰II,滋賀県,滋賀県最大級！コンパクトカー専門店 ＮＯＡＳ（ノアーズ）
537,158.9,75000,8,0,1,1,1,黒Ｍ,福岡県,ガリバー 香椎浜店
538,164.9,62000,9,0,1,1,1,黒Ｍ,茨城県,ガリバー ひたち海浜公園前店
539,188.8,25000,5,0,1,0,1,白真珠,埼玉県,ガリバー 新狭山店
540,184.8,46000,7,0,1,0,1,黒Ｍ,大阪府,ガリバー 枚方店
541,276.8,28000,3,0,1,1,1,薄茶,愛知県,グッドスピード 小牧ミニバン専門店
542,293.7,23000,3,0,1,1,1,黒,大阪府,大阪トヨタＳｏｕｔｈ（株） サンテラス布施
543,182.9,61000,7,0,1,1,1,赤Ｍ,沖縄県,ネクステージ 豊見城店
544,178.8,59000,6,0,1,0,1,黒Ｍ,愛媛県,ガリバー 伊予松前店
545,124.9,76000,9,0,1,0,1,黒Ｍ,鳥取県,ネクステージ 米子店
546,286.8,23000,2,0,1,1,1,灰,愛知県,グッドスピード ＭＥＧＡ　ＳＵＶ知立店
547,159.6,68000,7,0,1,0,1,真珠白,宮崎県,ネクステージ 宮崎北店
548,283.4,20000,2,0,1,1,1,真珠Ｍ,栃木県,栃木トヨタ自動車（株） Ｕ－Ｃａｒ　佐野店
549,238.9,41000,4,0,0,1,0,真珠,千葉県,Ｇ－ＡＦＴＥＲ ＭＥＧＡ千葉北インター店
550,208,26000,5,0,1,0,1,黒Ｍ,愛知県,トヨタカローラ愛知（株） 豊田マイカーセンター
551,286.1,23000,3,0,1,1,1,青灰Ｍ,栃木県,栃木トヨタ自動車（株） Ｕ－Ｃａｒ　朝倉店
552,192.9,44000,7,0,1,1,1,茶,沖縄県,ネクステージ 豊見城店
553,294.8,25000,3,0,1,1,1,薄緑,愛知県,ガリバー 名古屋茶屋店
554,266.5,19000,4,0,1,1,1,薄茶,埼玉県,ネッツトヨタ東埼玉 Ｕネッツ鴻巣
555,123.9,32000,10,0,1,0,1,銀Ｍ,滋賀県,リバティ 彦根店
556,251.6,6000,2,0,1,0,1,真珠Ｍ,埼玉県,ネッツトヨタ東埼玉 Ｕネッツ春日部
557,270.7,41000,3,0,1,1,1,真珠Ｍ,大阪府,トヨタカローラ南海（株） 諏訪森プラザ
558,212.8,50000,4,0,1,1,1,白真珠,福島県,ガリバー いわき小名浜店
559,154.6,40000,10,0,1,1,1,銀Ｍ,宮城県,カーチスメガ仙台
560,230.8,30000,3,0,1,0,1,緑,岐阜県,トヨタカローラネッツ岐阜（株） Ｕ－Ｃａｒ可児店
561,268.5,9000,4,0,1,1,1,白真珠,埼玉県,ネッツトヨタ東埼玉 Ｕネッツ春日部
562,255.5,56000,3,0,1,1,1,緑,岡山県,岡山トヨペット ＣＨＵ　ＢＡＳＥ　津山
563,285.4,16000,2,0,1,1,1,真珠Ｍ,栃木県,栃木トヨタ自動車（株） Ｕ－Ｃａｒ　インターパーク店
564,276.9,16000,3,0,1,1,1,薄緑,兵庫県,リバティ 尼崎店
565,259.8,49000,3,0,1,1,1,薄緑,島根県,ガリバー 松江玉湯店
566,254.8,16000,2,1,1,1,1,緑灰II,滋賀県,ミニバン・ＳＵＶ専門店　Ｋ　Ｐｒｏｄｕｃｅ　ｎｉｃｅ（ケイプロデュースナイス） 守山店
567,132.9,76000,10,0,1,1,1,青Ｍ,宮城県,ネクステージ 仙台泉店
568,279.9,23000,4,0,1,1,1,真珠白,福岡県,ネクステージ 北九州店
569,186.1,29000,6,0,1,0,1,黒Ｍ,大阪府,トヨタカローラ南海（株） 狭山プラザ
570,294,14000,3,0,1,1,1,黒,栃木県,トヨタカローラ栃木 中古車　にしなすの
571,302.9,16000,3,0,1,1,1,真珠白,千葉県,ＳＵＶ　ＬＡＮＤ 柏
572,106.4,80000,10,0,1,0,1,銀Ｍ,愛知県,トヨタカローラ名古屋（株） ２４８上地店
573,289.8,16000,3,0,1,1,1,薄茶,新潟県,ガリバー 新潟店
574,139.9,72000,10,0,1,1,1,黒Ｍ,神奈川県,ガリバー 平塚店
575,126.9,25000,10,0,1,0,1,青,兵庫県,リバティ 神戸店
576,209.8,21000,6,0,1,1,1,黄黒II,福岡県,ガリバー 太宰府インター　ミニバン専門店
577,152.5,41000,10,0,1,0,1,銀Ｍ,北海道,ＡＧＨトヨタ札幌（株） アンビシャス滝川
578,260.5,50000,3,0,1,1,1,薄灰青,岡山県,岡山トヨペット ＣＨＵ　ＢＡＳＥ　岡山
579,288.8,34000,4,0,1,1,1,白真珠,山口県,ガリバー 山口店
580,279.8,7,1,0,1,0,1,黒,神奈川県,アクティブコレクション　登録済未使用車専門店
581,284.9,7000,2,0,1,1,1,黒,茨城県,ネクステージ 水戸南店
582,185.7,50000,6,0,1,0,1,赤Ｍ,大分県,ガリバー 大分店
583,165.8,26000,8,0,1,0,1,白真珠,広島県,ガリバー 福山店
584,289.9,23000,4,0,1,1,1,黒,兵庫県,ネクステージ 姫路店
585,193.8,51000,6,0,1,0,1,黒Ｍ,沖縄県,ガリバー うるま店
586,142.8,97000,4,0,1,0,1,銀Ｍ,北海道,ＡＧＨトヨタ札幌（株） アンビシャス余市
587,157.8,46000,8,0,1,0,1,薄銀,広島県,ネクステージ 広島安芸店
588,189.7,15000,6,0,1,1,1,黄,埼玉県,カーセブンＭＥＧＡ三郷店
589,322.3,400,1,0,1,1,1,黒,愛知県,ガリバー 一宮店
590,294.1,6000,3,0,1,1,1,黒,大阪府,トヨタモビリティ新大阪（株） Ｕ－Ｃａｒ中環茨木店
591,229.8,33000,4,0,1,1,1,薄灰青,埼玉県,ガリバーＷＯＷ！ＴＯＷＮ 大宮
592,172,54000,8,0,1,1,1,黄黒II,熊本県,ユナイテッドトヨタ熊本株式会社 カローラ熊本　大矢野店
593,239.9,8,1,0,1,1,1,黒,愛知県,未使用車専門店　パッション豊田店
594,259.9,14000,3,0,1,1,1,白真珠,長野県,ガリバー 佐久店
595,194.9,55000,5,0,1,0,1,赤,千葉県,ＳＵＶ　ＬＡＮＤ 柏
596,323.6,50,1,0,1,1,1,薄緑,滋賀県,滋賀県最大級！コンパクトカー専門店 ＮＯＡＳ（ノアーズ）
597,199.9,65000,4,0,1,1,1,茶黒II,大阪府,リバティ 貝塚店
598,148.3,38000,9,0,1,0,1,黒Ｍ,宮城県,ガリバー アウトレット古川バイパス店
599,258.7,7,1,0,1,1,1,黒,岐阜県,未使用車専門店　パッション土岐店
600,184.8,45000,7,0,1,0,1,黒Ｍ,和歌山県,ガリバー 和歌山バイパス店
601,243,67000,3,0,1,1,0,黒,千葉県,エル・レカーズ　野田２号店
602,215.8,36000,6,0,1,0,1,白真珠,沖縄県,ガリバー うるま店
603,72.9,66000,13,0,1,0,1,紫Ｍ,大阪府,ネクステージ 寝屋川店
604,99.9,98000,9,0,1,1,1,真珠白,愛媛県,ネクステージ 松山中央店
605,271.8,13000,4,0,0,1,1,灰深,新潟県,Ｇ－ＡＦＴＥＲ ＭＥＧＡ新潟店
606,264.8,26000,4,0,1,1,1,緑,鹿児島県,ガリバーアウトレット 薩摩川内店
607,216.1,13000,5,0,1,1,1,黒,千葉県,ホンダカーズ北千葉 Ｕ－Ｓｅｌｅｃｔ流山
608,268.8,20000,3,0,1,0,1,白真珠,愛知県,ガリバー 名古屋茶屋店
609,299.6,3000,3,0,1,1,1,黒II,愛知県,ネクステージ ４１号小牧店
610,177.8,43000,8,0,1,0,1,茶,栃木県,ガリバー 小山店
611,185.8,36000,7,0,1,0,1,赤Ｍ,熊本県,ガリバー 熊本店
612,282.1,24000,3,0,1,1,1,桃,三重県,ガリバー アウトレット津高茶屋店
613,110.4,43000,9,0,1,0,1,赤Ｍ,埼玉県,トヨタカローラ埼玉 Ｕステージ上尾
614,157.8,30000,9,0,1,1,1,赤Ｍ,奈良県,奈良トヨタ（株） Ｕ－ＣａｒＭａｘ奈良八条店
615,119.8,45000,9,0,0,0,0,緑Ｍ,神奈川県,エースカーセールス 川崎宮前店
616,174.7,42000,7,0,1,0,1,赤,東京都,ガリバー 品川店／小澤物産株式会社
617,329.9,45,1,0,1,1,1,深灰,奈良県,リバティ イオンモール橿原Ｗｅｓｔ　Ｖｉｌｌａｇｅ店
618,104,86000,9,0,1,0,1,銀Ｍ,愛知県,トヨタモビリティ中京株式会社 春日井センター
619,292.9,21000,3,0,1,1,1,黒,岐阜県,ネクステージ 美濃加茂店
620,89.9,93000,11,0,1,0,1,黒Ｍ,愛知県,ＬＥＯＮ　ＣＡＲＳ　レオンカーズ
621,299.9,15000,2,0,1,1,1,黒,宮崎県,ネクステージ 宮崎北店
622,312.6,42,2,0,1,1,1,真珠Ｍ,滋賀県,滋賀県最大級！コンパクトカー専門店 ＮＯＡＳ（ノアーズ）
623,86.8,90000,10,1,1,0,0,銀Ｍ,埼玉県,エル・レカーズ越谷店
624,158.8,46000,10,0,1,1,1,青Ｍ,宮城県,ガリバー アウトレット古川バイパス店
625,317.1,27000,1,0,1,1,1,緑灰II,千葉県,レッツ 四街道インター店
626,201.9,45000,5,0,1,1,1,真珠Ｍ,群馬県,ネッツＧＴＧ あこうだ店
627,279.8,38000,3,0,1,1,1,白真珠,大分県,ガリバー 中津店
628,279.9,40000,3,0,1,1,1,薄緑,愛知県,ガリバー １号知立店
629,175.7,12000,8,0,1,1,1,赤紫,埼玉県,カーセブンＭＥＧＡ三郷店
630,312,15000,2,0,1,1,1,薄緑,岐阜県,ＷＥＣＡＲＳ（ウィーカーズ） 岐南店
631,249.8,22000,4,0,1,1,1,茶Ｍ,愛知県,ガリバー 北名古屋店
632,168.8,56000,7,0,1,0,1,青緑Ｍ,岡山県,ガリバー 岡山店
633,302.9,24000,3,0,1,1,1,黒,栃木県,ネクステージ 那須塩原店
634,279.2,15000,3,0,1,1,1,青,大阪府,トヨタモビリティ新大阪（株） アウトレット寝屋川店
635,270.8,13000,3,0,1,0,1,白真珠,三重県,ガリバー 朝日店
636,84.8,95000,10,0,1,0,0,赤Ｍ,埼玉県,エル・レカーズ　４号バイパス店
637,179.8,31000,9,0,1,1,1,白真珠,大阪府,ガリバー 泉北店
638,298,39000,3,0,1,1,1,薄茶,北海道,カーセブン札幌南店
639,135,54000,10,0,1,0,1,黒Ｍ,千葉県,ガリバー 木更津金田店
640,259.9,5,1,0,1,0,1,薄緑,神奈川県,トータス ＳＵＶコンパクトカー専門店
641,196.9,30000,5,0,1,0,1,黒Ｍ,大阪府,トヨタモビリティ新大阪（株） カーロッツ新大阪店
642,224.8,60000,4,0,1,0,1,黒,埼玉県,ガリバー 吉川美南店
643,87.2,59000,11,1,1,0,1,黒Ｍ,埼玉県,エムズオート　ＪＵ適正販売店
644,177.9,54000,8,0,1,0,1,黒,静岡県,ネクステージ 富士店
645,336,6000,1,0,1,1,1,真珠Ｍ,大阪府,ネッツトヨタ大阪株式会社 ＵーＧＡＴＥ店
646,365.1,648,1,0,1,1,1,緑,埼玉県,埼玉トヨペット 久喜支店
647,346.4,16000,2,0,1,1,1,黒,愛知県,トヨタモビリティ中京株式会社 春日井センター
648,199.1,37000,3,0,1,0,1,薄茶,兵庫県,ネッツトヨタゾナ神戸（株） 尼崎店
649,260,9000,3,0,1,0,1,灰,大阪府,トヨタモビリティ新大阪（株） Ｕ－Ｃａｒ高槻店
650,289.5,13000,3,0,1,1,1,黒,愛知県,トヨタカローラ名古屋（株） ２４８上地店
651,270.7,20000,4,0,1,1,1,薄茶,京都府,京都トヨペット（株） マイカーガーデン
652,174.2,44000,5,0,1,0,1,赤Ｍ,埼玉県,埼玉トヨペット Ｕ－ｃａｒランド一平　大宮店
653,130.3,102000,7,0,1,0,1,銀Ｍ,埼玉県,埼玉トヨペット Ｕ－ｃａｒランド一平　大宮店
654,160.3,58000,7,0,1,0,1,茶Ｍ,埼玉県,埼玉トヨペット 南越谷支店
655,154.3,84000,6,0,0,1,0,真珠白,岡山県,Ｇ－ＡＦＴＥＲ ＭＥＧＡ東岡山店
656,122.6,50000,10,0,1,0,1,黄,熊本県,ユナイテッドトヨタ熊本株式会社 ネッツスクエア玉名店
657,292.9,22000,3,0,1,1,1,黒,福岡県,ネクステージ 新宮店
658,214.8,38000,6,0,1,1,1,紺Ｍ,鹿児島県,ガリバーアウトレット 薩摩川内店
659,175.4,69000,8,0,1,1,1,黒Ｍ,愛知県,トヨタカローラ名古屋（株） ２４８上地店
660,269.8,49000,4,0,1,1,1,濃灰,栃木県,ガリバー 小山店
661,299.9,7,1,0,1,1,1,黒,愛媛県,リバティ 久米窪田店
662,209.8,22000,7,0,1,1,1,茶真珠,宮城県,ガリバー 仙台利府店
663,177.9,43000,8,0,1,0,1,黒,千葉県,ＳＵＶ　ＬＡＮＤ 千葉
664,286.6,27000,3,0,1,1,1,黒,山口県,ＷＥＣＡＲＳ（ウィーカーズ） 宇部店
665,135.5,55000,11,0,1,1,1,真珠Ｍ,大阪府,トヨタカローラ南海（株） 堺大野芝プラザ
666,261.4,32000,2,0,1,1,1,真珠Ｍ,栃木県,栃木トヨタ自動車（株） Ｕ－Ｃａｒ　朝倉店
667,279.9,46000,4,0,1,1,1,真珠白,宮城県,ネクステージ 仙台利府店
668,258.7,7,1,0,1,1,1,黒,岐阜県,未使用車専門店　パッション土岐店
669,197.8,20000,8,0,1,1,1,白真珠,岡山県,ガリバー 岡山店
670,210.3,33000,5,0,1,1,1,黒,福岡県,ホンダカーズ福岡 Ｕ－Ｓｅｌｅｃｔ板付
671,292.9,14000,3,0,1,1,1,黒,滋賀県,ネクステージ 彦根店
672,288.7,21000,3,0,1,1,1,黒,大阪府,トヨタカローラ南海（株） 高石プラザ
673,319.9,10000,1,0,1,1,1,黒,愛知県,ネクステージ 日進駅前店
674,299.9,33000,3,0,1,1,1,真珠白,愛知県,ネクステージ 岡崎美合店
675,177.9,66000,7,0,1,0,1,真珠白,福岡県,ネクステージ 八幡西店
676,170.8,50000,8,0,1,0,1,紫Ｍ,宮城県,ガリバー 仙台利府店
677,278.8,19000,3,0,1,1,1,黒,京都府,京都トヨペット（株） Ｕ－ｍｉｘ
678,274.9,57000,3,0,1,1,1,緑,愛知県,ネクステージ 刈谷店
679,275,33000,4,0,1,1,1,薄緑,岡山県,シティライト ジャック店
680,179.9,40000,7,0,1,0,1,真珠白,岐阜県,ネクステージ 岐阜２１号バイパス店
681,169.8,34000,8,0,1,0,1,青Ｍ,埼玉県,ガリバー 新狭山店
682,155.7,50000,9,0,1,1,1,茶真珠,福岡県,トヨタカローラ博多 小森江マイカーセンター
683,295.5,13000,2,0,1,1,1,緑,広島県,広島トヨペット ＡＬＡＬやぎ
684,223.5,18000,3,0,1,0,1,赤Ｍ,埼玉県,ネッツトヨタ東埼玉 Ｕネッツ鴻巣
685,260.4,30000,3,0,1,0,1,薄茶,愛知県,トヨタカローラ愛知（株） 岡崎大樹寺マイカーセンター
686,316.2,10000,3,0,1,1,1,白真珠,福岡県,トヨタカローラ博多 遠賀マイカーセンター
687,288.5,24000,4,0,1,1,1,白真珠,埼玉県,ネッツトヨタ東埼玉 Ｕネッツ鴻巣
688,199.2,38000,5,0,1,0,1,薄茶,愛知県,ＮＴＰ名古屋トヨペット（株） 一宮住吉店
689,176.5,33000,6,0,1,0,1,白真珠,埼玉県,ネッツトヨタ東埼玉 Ｕ－ｃａｒＥＣ販売Ｇ
690,146.7,59000,10,0,1,1,1,赤ＭＭ,岐阜県,トヨタカローラネッツ岐阜（株） Ｕ－Ｃａｒ北方店
691,193.8,57000,7,0,1,1,1,黒Ｍ,兵庫県,ガリバー 垂水店
692,105.8,72000,11,0,1,0,1,青Ｍ,愛知県,トヨタカローラ愛知（株） 豊田マイカーセンター
693,269.6,12000,2,0,1,0,1,濃赤,大分県,ネクステージ 大分店
694,135.2,95000,8,0,1,1,0,真珠白,三重県,カーセブン ２３号鈴鹿店
695,121.9,97000,7,0,1,1,1,赤Ｍ,愛知県,愛知トヨタ 緑白土店
696,199.8,55000,6,0,1,1,1,茶黒II,群馬県,ガリバー 前橋南インター店
697,262.9,32000,3,0,1,0,1,薄茶,熊本県,ネクステージ 熊本東店
698,199,30000,6,0,1,0,1,真珠白,福岡県,ＳＵＶ　ＬＡＮＤ 福岡
699,254.9,2000,4,0,1,0,1,黒,埼玉県,ネクステージ 新座店
700,292.9,23000,3,0,1,1,1,灰,埼玉県,ネクステージ 幸手店
701,192.8,27000,7,0,1,1,1,銀Ｍ,大阪府,ガリバー 泉北店
702,272.9,7,1,0,1,1,1,黒Ｍ,三重県,ネクステージ 津店
703,162.9,65000,8,0,1,0,1,黒,千葉県,ネクステージ 幕張店
704,369.8,4,0,0,1,1,1,真珠Ｍ,北海道,ガリバー 札幌清田店
705,274.9,20,1,0,1,1,1,真珠白,香川県,ネクステージ 高松店
706,301.4,14000,3,0,1,1,1,真珠白,千葉県,ＳＵＶ　ＬＡＮＤ 柏
707,261.7,7,1,0,1,1,1,真珠,岐阜県,未使用車専門店　パッション土岐店
708,226.6,12000,4,0,1,0,1,薄緑,山口県,ＷＥＣＡＲＳ（ウィーカーズ） 下関店
709,278.8,49000,4,0,1,1,1,白真珠,広島県,ガリバー 福山店
710,175.8,25000,9,0,1,0,1,濃紫,愛知県,愛知トヨタ 岡崎中店
711,269.9,23000,4,0,1,1,1,黒,兵庫県,リバティ ドリーム長田店
712,163.5,63000,8,0,1,0,1,黒Ｍ,岩手県,（株）トーサイ　北上・金ヶ崎　光岡自動車販売特約店
713,309.9,8000,3,0,1,1,1,灰,千葉県,ネクステージ 幕張店
714,144.9,52000,10,0,1,0,1,黒Ｍ,和歌山県,ネクステージ 和歌山国体道路店
715,149.8,26000,9,0,1,0,1,赤Ｍ,富山県,ガリバー 富山店
716,107.9,89000,11,0,1,0,1,真珠白,福岡県,ネクステージ 新宮店
717,156.7,72000,7,0,1,0,1,赤Ｍ,福岡県,ＷＥＣＡＲＳ（ウィーカーズ） 筑後店
718,196.8,68000,4,0,1,1,1,黒Ｍ,三重県,ガリバー アウトレット津高茶屋店
719,157.8,96000,4,0,1,0,1,黒Ｍ,北海道,ＡＧＨトヨタ札幌（株） アンビシャス厚別通
720,288.8,48000,3,0,1,1,1,緑,鹿児島県,ガリバーアウトレット 薩摩川内店
721,292.8,29000,3,0,1,1,1,薄緑,愛知県,ガリバー １号知立店
722,312.9,11000,1,0,1,1,1,真珠Ｍ,山口県,ＷＥＣＡＲＳ（ウィーカーズ） 下松店
723,214.9,43000,5,0,1,0,1,白真珠,茨城県,ガリバー ひたち海浜公園前店
724,280.7,48000,3,0,1,1,1,薄茶,大阪府,トヨタカローラ南海（株） 狭山プラザ
725,149.9,48000,9,0,1,0,1,黒Ｍ,広島県,ネクステージ 福山神辺店
726,289.8,35000,3,0,1,1,1,黒,山口県,ガリバー 山口店
727,268.4,17000,2,0,1,0,1,黒,大阪府,トヨタカローラ南海（株） 藤井寺プラザ
728,261.4,10000,3,0,1,0,1,灰濃,大阪府,トヨタカローラ南海（株） 南港プラザ
729,206.3,14000,5,0,1,0,1,白真珠,千葉県,カーレッツプラス
730,300,5,0,0,1,0,1,薄緑,熊本県,リバティ ドリーム熊本インター店
731,302.9,13000,3,0,1,1,1,薄緑,三重県,ネクステージ 四日市店
732,187.9,49000,5,0,1,0,1,茶Ｍ,三重県,ネクステージ 四日市店
733,158.8,78000,8,0,1,0,1,黒Ｍ,広島県,広島トヨペット ＡＬＡＬやぎ
734,188.9,34000,7,0,1,0,1,黒Ｍ,大阪府,ネクステージ 寝屋川店
735,263.6,18000,2,0,1,0,1,赤灰Ｍ,大阪府,トヨタカローラ南海（株） 貝塚プラザ
736,182.9,56000,7,0,1,1,1,銀Ｍ,大阪府,ＳＵＶ　ＬＡＮＤ 箕面
737,309.9,20,2,0,1,1,1,黒,広島県,サコダ車輌 海田店
738,169.9,75000,8,0,1,1,1,黒,岡山県,ネクステージ 岡山店
739,214.8,35000,6,0,1,1,1,紺Ｍ,奈良県,ガリバー 奈良店
740,262.9,20000,3,0,1,0,1,緑,長野県,ネクステージ 松本店
741,142.9,81000,9,0,1,1,1,黒,静岡県,ネクステージ 裾野長泉店
742,309.8,22000,3,0,1,1,1,白真珠,和歌山県,ガリバー 和歌山バイパス店
743,213.8,26000,5,0,1,0,1,白真珠,福島県,ガリバー 福島店
744,196,56000,5,0,1,1,1,薄茶,愛知県,トヨタカローラ愛知（株） 楠マイカーセンター
745,178.5,41000,7,0,1,0,1,真珠,静岡県,アツミモータース 浜北インター店
746,123.4,42000,10,0,1,0,1,赤Ｍ,群馬県,ガリバー 高前バイパス店
747,92.9,112000,11,0,1,1,1,薄銀Ｍ,福岡県,ネクステージ 博多板付店
748,239.9,8,1,0,1,1,1,黒,愛知県,普・未使用車　パッションプラス春日井店
749,349.9,79,1,0,1,1,1,真珠白,京都府,新車低金利専門店　ケイスマイル伏見店
750,242.9,23000,4,0,1,0,1,薄茶,愛知県,ネクステージ 守山店
751,330.5,6,1,0,1,1,1,真珠Ｍ,熊本県,リバティ ドリーム熊本インター店
752,205.4,36000,5,0,1,0,1,真珠Ｍ,埼玉県,埼玉トヨペット Ｕ－ｃａｒランド一平　新所沢店
753,292.4,30000,3,0,1,1,1,薄茶,茨城県,茨城トヨペット株式会社 Ｕ－Ｃａｒセンター土浦高津店
754,166.5,69000,8,0,0,1,1,白真珠,千葉県,アップル柏中央店
755,272.8,33000,3,0,1,1,1,黒,石川県,グッドスピード ＭＥＧＡ　ＳＵＶ金沢店
756,159.9,64000,8,0,1,1,1,白真珠,大阪府,リバティ 八尾店
757,154.8,38000,9,0,1,0,1,赤Ｍ,千葉県,ガリバー 千葉ニュータウン店
758,184.8,49000,8,0,1,1,1,黒Ｍ,大阪府,ガリバー 枚方店
759,175.8,69000,8,0,1,1,1,黒Ｍ,大分県,ガリバー 中津店
760,295.7,13000,2,0,1,1,1,黒,埼玉県,カーセブンＭＥＧＡ三郷店
761,263.8,10000,4,0,1,0,1,黒,愛知県,ガリバー 名古屋茶屋店
762,166.2,57000,6,0,1,0,1,黒,静岡県,Ｂｅｌｌｃａ藤枝店
763,239.8,27000,4,0,1,0,1,白真珠,千葉県,ガリバーＷＯＷ！ＴＯＷＮ 幕張
764,269.9,13000,3,0,1,0,1,真珠白,宮崎県,ネクステージ 宮崎北店
765,162.6,52000,8,0,1,0,1,赤Ｍ,福岡県,ＷＥＣＡＲＳ（ウィーカーズ） 筑後店
766,258.7,11,1,0,1,1,1,黒,愛知県,普・未使用車　パッションプラス南大高店
767,258.7,9,1,0,1,1,1,黒,愛知県,普・未使用車　パッションプラス南大高店
768,298,27000,4,0,1,1,1,薄緑,北海道,カーセブン札幌南店
769,296.8,25000,4,0,1,1,1,白真珠,大阪府,ガリバーアウトレット 岸和田和泉インター店
770,288.7,16000,4,0,1,1,1,真珠Ｍ,大阪府,トヨタカローラ南海（株） 貝塚プラザ
771,119.8,90000,9,0,1,1,1,真珠白,京都府,ネクステージ 京都伏見店
772,285.7,22000,3,0,1,1,1,黒,大阪府,トヨタカローラ南海（株） 狭山プラザ
773,280.2,17000,3,0,1,0,1,真珠Ｍ,宮崎県,宮崎トヨタ自動車 本社マイカーセンター
774,284.8,46000,4,0,1,1,1,白真珠,愛媛県,ガリバー 伊予松前店
775,133.9,50000,9,0,1,0,1,黒Ｍ,滋賀県,リバティ 彦根店
776,259.9,5,1,0,0,0,1,薄茶,神奈川県,トータス ＳＵＶコンパクトカー専門店
777,143.9,65000,9,0,1,1,1,青Ｍ,神奈川県,ガリバー 座間店
778,285.7,33000,3,0,1,1,1,緑,大阪府,トヨタカローラ南海（株） 泉佐野プラザ
779,132.9,74000,10,0,1,1,1,真珠白,愛知県,ネクステージ 名古屋茶屋店
780,306.4,4000,2,0,1,1,1,緑,大阪府,トヨタカローラ南海（株） 諏訪森プラザ
781,273.2,39000,4,0,1,0,1,濃緑,岡山県,ガリバー 倉敷水島店
782,249.9,9,1,0,1,1,1,真珠,岐阜県,未使用車専門店　パッション土岐店
783,299.3,24000,3,0,1,1,1,緑,茨城県,茨城トヨタ自動車株式会社 美野里店
784,226.7,8000,5,0,1,1,1,白真珠,大阪府,ホンダカーズ大阪 Ｕ－Ｓｅｌｅｃｔ鳳　（Ｈｏｎｄａ認定中古車取扱店）
785,129.7,47000,10,0,1,0,1,白真珠,大阪府,普通車・登録済未使用車専門店　車の森 なかもず店
786,269.8,49000,3,0,1,1,1,薄緑,埼玉県,ガリバー 吉川美南店
787,130.8,26000,10,0,1,0,0,真珠白,埼玉県,ＣＡＲ　ＢＡＮＫ　ＲＩＧＨＴ　春日部フィールド店
788,304.6,23000,2,0,1,1,1,黒,長崎県,ＷＥＣＡＲＳ（ウィーカーズ） 多良見店
789,199.8,48000,6,0,1,0,1,薄茶,熊本県,ガリバー 熊本店
790,283.7,31000,3,0,1,1,1,真珠Ｍ,大阪府,大阪トヨタＳｏｕｔｈ（株） サンテラス松原
791,159.4,72000,7,0,1,1,1,茶Ｍ,埼玉県,トヨタカローラ埼玉 Ｕステージ上尾
792,253.1,7000,4,0,1,0,1,真珠白,岡山県,岡山トヨペット ＣＨＵ　ＢＡＳＥ　倉敷
793,189.2,60000,8,0,1,1,1,白茶II,愛知県,ガリバー 名古屋茶屋店
794,137.2,47000,11,0,1,0,1,白真珠,愛知県,ガリバー 名古屋茶屋店
795,182.2,45000,7,0,1,0,1,白,京都府,福祉車両コンシェルジュ　ミズタニ 京都南インター店
796,304.8,15000,3,0,1,1,1,白真珠,宮城県,ガリバー 仙台富谷店
797,284.4,17000,2,0,1,1,1,真珠Ｍ,栃木県,栃木トヨタ自動車（株） Ｕ－Ｃａｒ　佐野店
798,140.4,43000,9,0,1,0,1,青Ｍ,愛知県,トヨタカローラ名古屋（株） Ｕ－Ｃａｒ日進竹の山
799,125.5,47000,11,0,1,1,1,黒Ｍ,大阪府,トヨタカローラ南海（株） 新喜連プラザ
800,189.8,56000,6,0,1,0,1,白真珠,栃木県,ガリバー 小山店
801,122.8,69000,10,0,1,0,1,薄銀,兵庫県,ネクステージ 神戸北店
802,127.8,61000,10,0,1,0,1,白真珠,群馬県,ガリバー 高前バイパス店
803,299.9,18000,3,0,1,1,1,真珠白,愛知県,ネクステージ 名古屋茶屋店
804,319.9,12000,1,0,1,1,1,黒,茨城県,ネクステージ つくば店
805,139.2,34000,9,0,1,0,1,赤Ｍ,栃木県,トヨタカローラ栃木 中古車　にしなすの
806,129.7,62000,9,0,1,0,1,黒Ｍ,愛知県,ガリバー 一宮店
807,264,54000,3,0,1,1,0,薄緑,千葉県,エル・レカーズ　野田２号店
808,274.9,4000,4,0,1,1,1,真珠白,愛知県,ネクステージ 東浦店
809,143.9,59000,10,0,1,1,1,銀Ｍ,愛知県,愛知トヨタ キャラット尾張旭店
810,202.9,30000,7,0,1,0,1,茶,千葉県,ＳＵＶ　ＬＡＮＤ 船橋習志野
811,189.8,48000,7,0,1,1,1,黄黒II,神奈川県,ガリバー 座間店
812,179.3,56000,8,0,1,1,1,銀Ｍ,大阪府,カーチス枚方
813,299.9,28000,3,0,1,1,1,赤,宮城県,ネクステージ 仙台利府店
814,289.8,21000,4,0,1,1,1,緑,佐賀県,ガリバー 佐賀本庄店
815,291,16000,4,0,1,1,1,黒,栃木県,ネクステージ 宇都宮店
816,168.6,72000,7,0,1,1,1,黒Ｍ,大阪府,トヨタカローラ南海（株） 南港プラザ
817,97,109000,11,0,1,1,1,銀,三重県,ＷＥＣＡＲＳ（ウィーカーズ） 松阪店
818,305.4,22000,3,0,1,1,1,白真珠,福岡県,トヨタカローラ博多 くさみマイカーセンター
819,108.2,77000,11,0,1,0,1,茶真珠,栃木県,トヨタカローラ栃木 足利大久保店
820,233.8,37000,5,0,1,1,1,白真珠,広島県,ガリバー 福山店
821,274.9,2000,2,0,1,0,1,真珠白,愛知県,ネクステージ 刈谷店
822,189.8,24000,7,0,1,0,1,赤黒II,岡山県,ガリバー 岡山店
823,305,17000,1,0,1,1,1,黒,愛知県,ネクステージ 一宮インター店
824,114.9,94000,9,0,1,0,1,薄銀Ｍ,愛知県,ネクステージ 名古屋茶屋店
825,299.4,15000,3,0,1,1,1,緑,愛知県,愛知トヨタ 法性寺マイカーセンター
826,168.8,64000,7,0,1,0,1,白真珠,宮城県,ガリバー 南仙台店
827,302.9,16000,2,0,1,1,1,真珠白,愛知県,ネクステージ 江南店
828,169.8,45000,9,0,1,0,1,白真珠,愛媛県,ガリバー 新居浜インター店
829,309.9,11000,1,0,1,1,1,真珠白,三重県,ネクステージ 津店
830,264.8,60000,3,0,1,1,1,薄緑,宮城県,ガリバー 南仙台店
831,197.9,9000,6,0,1,0,1,金,千葉県,ＳＵＶ　ＬＡＮＤ 船橋習志野
832,133,85000,8,0,0,1,1,真珠白,千葉県,Ｇ－ＡＦＴＥＲ 木更津店
833,299.9,28000,3,0,1,1,1,黒,宮城県,ネクステージ 仙台泉店
834,199.9,50000,5,0,1,1,1,薄茶,埼玉県,株式会社ｗｉｔｈ　ｌｅａｐｓ【ＪＵ適正販売店】
835,309.8,21000,2,0,1,1,1,薄緑,愛知県,ガリバー １号知立店
836,129.7,62000,9,0,1,0,1,白真珠,大阪府,普通車・登録済未使用車専門店　車の森 なかもず店
837,170.9,27000,9,0,1,1,1,濃紫,愛知県,愛知トヨタ 師勝マイカーセンター
838,166.9,42000,10,0,1,1,1,真珠白,千葉県,ＳＵＶ　ＬＡＮＤ 千葉
839,132.9,71000,9,0,1,0,1,黒,滋賀県,ネクステージ 草津店
840,290.8,38000,3,0,1,1,1,黒,愛知県,ＶＥＲＮＯ　ＣＡＲＬＡ岡崎店 （ベルノカーラ岡崎店）
841,201.8,51000,5,0,1,0,1,薄茶,千葉県,ガリバーＷＯＷ！ＴＯＷＮ 幕張
842,183.8,66000,8,0,1,1,1,白真珠,愛媛県,ガリバー 宇和島店
843,165.9,67000,7,0,1,0,1,黒Ｍ,大阪府,ＳＵＶ　ＬＡＮＤ 箕面
844,292.7,31000,3,0,1,1,1,薄緑,大分県,ガリバー 大分店
845,321.5,13000,2,0,1,1,1,黒,三重県,（株）ホンダカーズ三重 ＨＣＭモビリティ河芸店
846,312.9,13000,3,0,1,1,1,灰,長野県,ネクステージ 長野南店
847,284.6,27000,3,0,1,1,1,薄灰青,愛知県,ガリバー 名古屋茶屋店
848,173,55000,7,0,1,0,1,白真珠,神奈川県,ＯＮＩＸ高津
849,302.8,16000,3,0,1,1,1,白真珠,福岡県,ガリバー 香椎浜店
850,297.1,14000,3,0,1,1,1,薄茶,茨城県,ネクステージ つくば店
851,229.4,26000,5,0,1,1,1,白真珠,広島県,広島トヨペット 高陽店
852,295.8,36000,3,0,1,1,1,白真珠,埼玉県,ガリバー 羽生店
853,174.9,55000,8,0,1,0,1,薄茶,福岡県,ネクステージ 北九州店
854,261.7,8,1,0,1,1,1,真珠,愛知県,普・未使用車　パッションプラス春日井店
855,309.9,12000,1,0,1,1,1,黒,愛知県,ネクステージ 刈谷店
856,304.2,12000,3,0,1,1,1,黒,香川県,ガリバー 高松東山崎店
857,297.4,15000,4,0,1,1,1,黒,北海道,道央自動車（株）　千歳出張買取センター
858,149.8,73000,10,0,1,0,1,白真珠,宮城県,ガリバー 仙台利府店
859,126.2,54000,10,0,1,0,1,青Ｍ,愛知県,ネッツトヨタ中部（株） Ｕ－Ｃａｒ米野木
860,293,26000,3,0,1,1,1,黒,兵庫県,ハイブリッド　コンパクトカー専門店　Ｃａｒ　Ｓｅｒｖｉｃｅ　ＦＲＩＥＮＤＳ 加古川店
861,339.9,7000,1,0,1,1,1,黒,愛知県,ＳＵＶ　ＬＡＮＤ 名古屋
862,272.4,13000,2,0,1,0,1,青灰Ｍ,大阪府,トヨタカローラ南海（株） 松原プラザ
863,124.9,94000,8,0,1,0,1,黒,千葉県,ＳＵＶ　ＬＡＮＤ 千葉
864,264.7,19000,3,0,1,0,0,薄緑,愛媛県,ＷＥＣＡＲＳ（ウィーカーズ） 西条店
865,312.9,11000,2,0,1,1,1,真珠白,和歌山県,ネクステージ 和歌山国体道路店
866,255,69000,4,0,1,1,1,黒,千葉県,ガリバー 木更津金田店
867,189.8,39000,8,0,1,0,1,黒Ｍ,大阪府,ガリバー 泉北店
868,171.8,67000,7,0,1,1,1,茶,鹿児島県,ガリバー 鹿児島店
869,329.8,28000,3,0,1,1,1,白真珠,北海道,ガリバー 札幌藻岩店
870,129.9,53000,10,0,1,0,1,白真珠,大阪府,リバティ 貝塚店
871,299.8,26000,3,0,1,1,1,黒,鹿児島県,ガリバー 鹿児島店
872,169.6,60000,8,0,1,1,1,黒Ｍ,佐賀県,佐賀トヨペット 鍋島マイカーセンター
873,174.8,36000,7,0,1,0,1,黒Ｍ,愛知県,グッドスピード 小牧ミニバン専門店
874,303.9,20000,3,0,1,1,1,緑,千葉県,ＳＵＶ　ＬＡＮＤ 船橋習志野
875,209.9,59000,7,0,1,1,1,真珠白,香川県,ネクステージ 丸亀店
876,309.9,8000,1,0,1,1,1,黒Ｍ,山形県,ネクステージ 山形北店
877,326.8,12000,1,0,1,1,1,黒,和歌山県,ガリバー 和歌山バイパス店
878,246.8,15000,6,0,1,1,1,白真珠,福島県,ガリバー 郡山安積店
879,163.7,59000,8,0,1,1,1,赤Ｍ,群馬県,ガリバー 高前バイパス店
880,199.8,54000,7,0,1,1,1,白真珠,大阪府,ガリバー 泉北店
881,164,33000,7,0,1,0,1,薄茶,千葉県,カーチス千葉中央
882,239.9,29000,4,0,1,1,1,黒,千葉県,ＳＵＶ　ＬＡＮＤ 千葉
883,335.9,9,0,0,1,1,1,薄茶,奈良県,リバティ イオンモール橿原Ｗｅｓｔ　Ｖｉｌｌａｇｅ店
884,155.8,39000,9,0,1,0,1,黒Ｍ,広島県,ガリバー 福山店
885,282.5,24000,3,0,1,1,1,真珠Ｍ,栃木県,栃木トヨタ自動車（株） Ｕ－Ｃａｒ　インターパーク店
886,162.8,77000,8,0,1,0,1,黒Ｍ,愛知県,ガリバー １号知立店
887,288.7,25000,3,0,1,1,1,真珠Ｍ,大阪府,トヨタカローラ南海（株） いずみプラザ
888,339.9,20,0,0,1,1,1,薄緑,愛媛県,リバティ 久米窪田店
889,295.9,27000,3,0,1,1,1,薄茶,福岡県,ネクステージ 博多板付店
890,259.9,7,1,0,0,0,1,薄茶,神奈川県,トータス ＳＵＶコンパクトカー専門店
891,126.9,39000,10,0,1,0,1,白真珠,滋賀県,リバティ 彦根店
892,299.8,11000,3,0,1,1,1,薄緑,大阪府,ガリバー 泉北店
893,182.7,80000,6,0,1,1,1,黒Ｍ,大分県,ガリバー 大分店
894,157.9,65000,8,0,1,0,1,黒Ｍ,広島県,ＷＥＣＡＲＳ（ウィーカーズ） 福山店
895,296.3,21000,2,0,1,1,1,黒,愛知県,ＮＴＰ名古屋トヨペット（株） 守山大森店
896,339.9,10,1,0,1,1,1,黒,京都府,新車低金利専門店　ケイスマイル　宇治店
897,219.8,49000,5,0,1,1,1,白真珠,愛知県,ガリバー 北名古屋店
898,188.4,60000,7,0,1,1,1,真珠Ｍ,愛知県,愛知トヨタ 師勝マイカーセンター
899,173,58000,6,0,1,0,1,白真珠,岡山県,岡山トヨペット ＣＨＵ　ＢＡＳＥ　倉敷
900,99.8,105000,11,0,1,1,0,白真珠,千葉県,ｎｅｘｔ．
901,209.7,22000,6,0,1,1,1,赤,埼玉県,カーセブンＭＥＧＡ三郷店
902,273.8,18000,3,0,1,0,1,白真珠,新潟県,ガリバー 新潟店
903,170,19000,9,0,1,1,1,青Ｍ,千葉県,ガリバー 木更津金田店
904,297.7,23000,3,0,1,1,1,薄灰青,福岡県,トヨタカローラ博多 小森江マイカーセンター
905,155.9,52000,10,0,1,1,1,真珠Ｍ,愛知県,愛知トヨタ キャラット知立店
906,166,46000,8,0,1,1,1,黄,愛知県,愛知トヨタ 東海富木島店
907,154.7,46000,9,0,1,1,1,濃紫,愛知県,ＮＴＰ名古屋トヨペット（株） 稲沢店
908,241.9,38000,4,0,1,0,1,青灰,埼玉県,埼玉トヨペット 所沢支店
909,205.8,16000,7,0,1,0,1,白真珠,熊本県,ガリバー 熊本店
910,174.9,65000,8,0,1,0,1,赤黒,和歌山県,ネクステージ 和歌山国体道路店
911,229.8,43000,5,0,1,1,1,黒Ｍ,千葉県,ＨＵＮＴ 木更津
912,179,37000,6,0,1,0,1,灰,群馬県,カーテンダー群馬
913,258.7,8,1,0,1,1,1,黒,岐阜県,未使用車専門店　パッション土岐店
914,193.1,40000,5,0,1,0,1,白真珠,福岡県,トヨタカローラ博多 那珂マイカーセンター
915,115.8,82000,10,0,1,0,1,黒Ｍ,岡山県,ガリバー 岡山店
916,204.9,47000,5,0,1,0,1,黒Ｍ,三重県,ネクステージ 松阪店
917,199.9,13000,7,0,1,1,1,青Ｍ,福井県,ガリバー 福井店
918,300.5,10000,3,0,1,1,1,白真珠,愛知県,オートプラネット名古屋
919,139.1,49000,10,0,1,0,1,銀Ｍ,愛知県,ＮＴＰ名古屋トヨペット（株） 一宮住吉店
920,192.9,70000,4,0,1,1,1,黒Ｍ,奈良県,奈良トヨタ（株） Ｕ－Ｃａｒ　葛城店
921,148.2,87000,8,0,1,1,1,黒Ｍ,佐賀県,佐賀トヨペット 鍋島マイカーセンター
922,329.9,9000,1,0,1,1,1,薄緑,愛知県,ガリバー １号知立店
923,209.8,58000,5,0,1,1,1,黒Ｍ,兵庫県,ガリバー 垂水店
924,202.7,59000,5,0,1,1,1,黒Ｍ,熊本県,ＷＥＣＡＲＳ（ウィーカーズ） 熊本浜線店
925,299.8,28000,3,0,1,1,1,白真珠,愛知県,ガリバー １号知立店
926,185.9,23000,8,0,1,0,1,白真珠,神奈川県,ガリバー 平塚店
927,282.9,8000,2,0,1,0,1,真珠白,愛知県,ネクステージ ４１号小牧店
928,153.8,50000,10,0,1,1,1,青Ｍ,静岡県,ガリバー 富士青葉通り店
929,139.8,59000,10,0,1,0,1,白真珠,埼玉県,ガリバー 吉川美南店
930,299.5,41000,3,0,1,1,1,真珠Ｍ,茨城県,茨城トヨペット株式会社 Ｕ－Ｃａｒセンター６号みのり店
931,204.8,52000,7,0,1,1,1,黒Ｍ,奈良県,ガリバー 橿原桜井店
932,139.5,45000,9,0,1,0,1,真珠Ｍ,愛知県,ＮＴＰ名古屋トヨペット（株） オレンジタウン一宮店
933,137.8,20000,10,0,1,0,1,青Ｍ,千葉県,ガリバー 千葉ニュータウン店
934,112.9,86000,10,0,1,0,1,黄,岐阜県,ネクステージ 土岐多治見店
935,319.9,6000,3,0,1,1,1,真珠白,福岡県,ネクステージ 八幡西店
936,296.2,10000,4,0,1,1,1,薄茶,茨城県,ホリエオート 古河下山店　ＪＵ適正販売店
937,194.8,35000,6,0,1,0,1,青,和歌山県,ガリバー 和歌山バイパス店
938,182.9,46000,7,0,1,0,1,薄茶,岐阜県,ネクステージ 大垣店
939,307.5,11000,1,0,1,1,1,黒,愛知県,ガリバー 一宮店
940,253.3,8000,4,0,1,0,1,青灰,大阪府,トヨタカローラ南海（株） 堺大野芝プラザ
941,289.9,33000,3,0,1,1,1,真珠白,神奈川県,ネクステージ 厚木店
942,252.9,8000,3,0,1,0,1,真珠Ｍ,埼玉県,埼玉トヨペット Ｕ－ｃａｒランド一平　春日部店
943,304.2,12000,3,0,1,1,1,緑,香川県,ガリバー 高松東山崎店
944,302.8,15000,3,0,1,1,1,緑,岡山県,ガリバー 岡山店
945,165.7,46000,10,0,1,0,1,赤ＭＭ,岐阜県,トヨタカローラネッツ岐阜（株） Ｕ－Ｃａｒ長良店
946,197,55000,6,0,1,1,1,茶,千葉県,ガリバー 木更津金田店
947,238.9,43000,4,0,1,0,1,白真珠,福井県,リバティ 鯖江店
948,269.8,52000,4,0,1,1,1,黒,福岡県,ガリバー 香春店
949,349.8,5,0,0,1,1,1,真珠Ｍ,神奈川県,ガリバー 座間店
950,337.7,50,1,0,1,1,1,黒,石川県,ＷＥＣＡＲＳ（ウィーカーズ） 野々市店
951,171,38000,7,0,1,0,1,黒Ｍ,愛知県,ＮＴＰ名古屋トヨペット（株） 下市場中古車センター
952,309.9,6000,3,0,1,1,1,真珠白,岐阜県,ネクステージ 土岐多治見店
953,283.7,22000,4,0,1,1,1,真珠Ｍ,大阪府,トヨタカローラ南海（株） 諏訪森プラザ
954,208.3,2000,5,0,1,0,1,赤Ｍ,大阪府,トヨタモビリティ新大阪（株） Ｕ－Ｃａｒ交野店
955,289,40000,3,0,1,1,1,真珠白,愛知県,ネクステージ 一宮インター店
956,112.8,73000,9,0,1,0,1,真珠,兵庫県,ＷＥＣＡＲＳ（ウィーカーズ） 川西店
957,104.9,94000,10,0,1,0,1,黒,宮崎県,ネクステージ 宮崎北店
958,167,28000,10,0,1,1,1,白真珠,埼玉県,エアリーヴィレッジ
959,181.9,42000,7,0,1,0,1,真珠,京都府,ＷＥＣＡＲＳ（ウィーカーズ） 京都伏見店
960,323,10,1,0,1,1,1,黒,熊本県,株式会社テクニカルオートチアキ
961,304.9,14000,3,0,1,1,1,緑,千葉県,ＳＵＶ　ＬＡＮＤ 船橋習志野
962,109.7,73000,9,0,1,0,1,黒Ｍ,大阪府,普通車・登録済未使用車専門店　車の森 なかもず店
963,319.9,6000,1,0,1,1,1,真珠白,福岡県,ネクステージ 新宮店
964,219.8,48000,5,0,1,1,1,薄茶,鹿児島県,ガリバー 鹿児島店
965,190.4,36000,7,0,1,1,1,真珠Ｍ,愛知県,トヨタカローラ名古屋（株） Ｕ－Ｃａｒ日進竹の山
966,204.8,36000,6,0,1,0,1,白真珠,愛知県,ガリバー 守山店
967,275.9,26000,3,0,1,1,1,灰銀,三重県,ネクステージ 四日市店
968,176.6,62000,7,0,1,0,1,真珠Ｍ,大阪府,トヨタカローラ南海（株） 光明池プラザ
969,114.7,110000,7,0,0,1,0,真珠白,千葉県,Ｇ－ＡＦＴＥＲ 木更津店
970,116.3,60000,11,0,1,0,1,黒Ｍ,大阪府,Ｋ　Ｐｒｏｄｕｃｅ　ｎｉｃｅ　　ケイ　プロデュース　ナイス コンパクト・ハイブリッド専門店
971,169.9,40000,7,0,1,0,1,茶真珠,奈良県,リバティ 西大和店
972,162.8,45000,7,1,1,0,1,銀,京都府,福祉車両コンシェルジュ　ミズタニ 京都南インター店
973,191.5,74000,5,0,1,1,1,青,埼玉県,ガリバー 羽生店
974,119.9,99000,10,0,1,1,1,黒Ｍ,宮崎県,ネクステージ 延岡店
975,228.8,21000,5,0,1,1,1,薄茶,大阪府,ガリバー 東大阪店
976,186.1,40000,7,0,1,1,1,青Ｍ,福岡県,ネッツトヨタ福岡 久留米マイカーセンター
977,324.9,25000,3,0,1,1,1,赤黒,富山県,ネクステージ 高岡店
978,140.7,44000,9,0,1,0,1,黒Ｍ,三重県,リバティ イオンタウン松阪船江店
979,166.5,50000,9,0,1,1,1,濃紫,愛知県,ＮＴＰ名古屋トヨペット（株） オレンジタウン２４８店
980,259.9,13000,4,0,1,0,1,黒,茨城県,ネクステージ つくば店
981,303.7,1000,3,0,1,1,1,白真珠,和歌山県,新車王国　ミニバン・ＳＵＶ・アルファード・ヴェルファイア・シビック・ハイエース 専門店
982,291.1,25000,4,0,1,1,1,白真珠,岡山県,シティライト ジャック店
983,278.7,42000,3,0,1,1,1,真珠Ｍ,大阪府,トヨタカローラ南海（株） 南港プラザ
984,206.8,45000,6,0,1,1,1,白真珠,愛知県,ガリバー 豊橋店
985,298.7,7000,4,0,1,1,1,真珠Ｍ,大阪府,トヨタカローラ南海（株） 高石プラザ
986,312.8,10000,2,0,1,1,1,青,埼玉県,ガリバーＷＯＷ！ＴＯＷＮ 大宮
987,291.3,18000,3,0,1,1,1,黒,大阪府,トヨタモビリティ新大阪（株） Ｕ－Ｃａｒ東豊中店
988,125.8,65000,10,0,1,0,1,茶,兵庫県,ガリバー 姫路店
989,229,42000,5,0,1,1,1,灰Ｍ,栃木県,ネクステージ 宇都宮店
990,309.8,48000,4,0,1,1,1,薄茶,岩手県,ガリバー 盛岡南店
991,179.8,68000,8,0,1,1,1,白真珠,三重県,ガリバー アウトレット津高茶屋店
992,280.1,36000,3,0,1,1,1,真珠Ｍ,栃木県,栃木トヨタ自動車（株） Ｕ－Ｃａｒ　つるた店
993,250.1,23000,3,0,1,1,1,薄緑,大阪府,トヨタモビリティ新大阪（株） Ｕ－Ｃａｒ交野店
994,206.1,42000,4,0,1,0,1,真珠Ｍ,大阪府,トヨタカローラ南海（株） 新喜連プラザ
995,308.9,10000,3,0,1,1,1,薄茶,大阪府,ネクステージ 岸和田店
996,132.9,68000,9,0,1,0,1,黒,茨城県,ネクステージ 水戸南店
997,289.9,27000,4,0,1,1,1,真珠白,宮崎県,ネクステージ 宮崎北店
998,132.1,59000,11,0,1,1,1,青Ｍ,愛知県,トヨタカローラ愛知（株） 豊橋マイカーセンター
999,319.9,10,1,0,1,1,1,真珠Ｍ,広島県,サコダ車輌 東広島店
1000,287.2,44000,3,0,1,1,1,緑,香川県,ガリバー 高松東山崎店
1001,249.5,56000,3,0,1,1,1,薄緑,岡山県,岡山トヨペット ＣＨＵ　ＢＡＳＥ　岡山
1002,185.2,54000,7,0,1,0,1,赤Ｍ,三重県,（株）オートモール ヴァーサス四日市東インター店
1003,339,6,1,0,1,1,1,真珠Ｍ,愛知県,（株）エムズオート　３号店
1004,276.7,27000,3,0,1,1,1,灰濃,熊本県,ユナイテッドトヨタ熊本株式会社 ネッツスクエア玉名店
1005,288.8,29000,4,0,1,1,1,赤Ｍ,埼玉県,ガリバー 吉川美南店
1006,239.5,67000,4,0,1,1,1,黒,長崎県,長崎トヨペット ユーカーランド東長崎
1007,132.8,48000,9,0,1,0,1,赤Ｍ,大阪府,ガリバー 東大阪店
1008,173.8,76000,6,0,1,0,1,黒Ｍ,沖縄県,ガリバー うるま店
1009,291.9,23000,3,0,1,1,1,薄緑,山口県,ＷＥＣＡＲＳ（ウィーカーズ） 下松店
1010,216.9,34000,7,0,1,1,1,黒,山梨県,スタイルウォーク 甲府一宮店
1011,230.3,37000,5,0,1,1,1,黒Ｍ,愛知県,ネッツトヨタ中部（株） Ｕ－Ｃａｒ元宮
1012,285.3,18000,3,0,1,1,1,真珠Ｍ,大阪府,トヨタモビリティ新大阪（株） Ｕ－Ｃａｒくずは北山店
1013,166.3,50000,10,0,1,1,1,白真珠,大阪府,ガリバーアウトレット 岸和田和泉インター店
1014,135.9,84000,10,0,1,1,1,黒Ｍ,三重県,ネクステージ 松阪店
1015,219.8,32000,5,0,1,0,1,薄茶,長崎県,ネクステージ 時津店
1016,304.9,21000,3,0,1,1,1,緑,愛知県,ネクステージ 大高店
1017,182.9,70000,7,0,1,1,1,黒,岐阜県,ネクステージ 大垣店
1018,252,29000,2,0,1,0,1,赤灰Ｍ,茨城県,茨城トヨペット株式会社 Ｕ－Ｃａｒセンター土浦高津店
1019,203.7,21000,5,0,1,0,1,白真珠,栃木県,トヨタカローラ栃木 中古車　つるた
1020,344,3,1,0,0,1,1,深灰,埼玉県,ＣＡＲＭＡＴＥ　ＳＵＣＣＥＳＳ（カーメイト　サクセス） 春日部店
1021,169.9,60000,6,0,1,0,1,黒,静岡県,ネクステージ 東静岡店
1022,302.9,26000,3,0,1,1,1,真珠白,大阪府,ＳＵＶ　ＬＡＮＤ 堺
1023,209.8,36000,6,0,1,1,1,白真珠,茨城県,ガリバー つくば研究学園店
1024,259.9,16000,4,0,1,0,1,薄茶,千葉県,ＳＵＶ　ＬＡＮＤ 船橋習志野
1025,277.8,53000,4,0,1,1,1,白真珠,宮城県,ガリバー アウトレット古川バイパス店
1026,298.9,22000,2,0,1,1,1,灰II,東京都,ＷＥＣＡＲＳ（ウィーカーズ） 福生店
1027,339,5,1,0,1,1,1,薄茶,愛知県,（株）エムズオート　３号店
1028,164.3,68000,7,0,1,0,1,黒Ｍ,愛知県,ネッツトヨタ中部（株） Ｕ－Ｃａｒ春日井
1029,126.9,109000,7,0,1,1,1,銀Ｍ,長崎県,ネッツトヨタ長崎 ユーカーランド久山
1030,199.6,53000,8,0,1,1,1,真珠白,大分県,ネクステージ 大分店
1031,307.9,25000,3,0,1,1,1,薄緑,埼玉県,ＷＥＣＡＲＳ（ウィーカーズ） 浦和美園店
1032,152.8,68000,10,0,1,1,1,白真珠,埼玉県,ガリバーＷＯＷ！ＴＯＷＮ 大宮
1033,319.9,10,1,0,1,1,1,真珠Ｍ,広島県,サコダ車輌 海田店
1034,319.9,10,1,0,1,1,1,真珠Ｍ,広島県,サコダ車輌 海田店
1035,319.9,10,1,0,1,1,1,薄緑,広島県,サコダ車輌 海田店
1036,219.8,47000,6,0,1,1,1,白真珠,大阪府,ガリバー 枚方店
1037,108,101000,10,0,1,1,1,赤Ｍ,愛知県,トヨタモビリティ中京株式会社 春日井センター
1038,269.8,15000,3,0,1,0,1,赤Ｍ,愛知県,ガリバー 名古屋茶屋店
1039,185.9,70000,7,0,1,1,1,黒Ｍ,鹿児島県,ＳＵＶ　ＬＡＮＤ 鹿児島
1040,119.9,48000,11,0,1,0,1,真珠白,愛知県,ネクステージ 江南店
1041,119.9,95000,11,0,1,1,1,青,愛知県,ネクステージ 豊川店
1042,258.7,45,1,0,1,1,1,黒,愛知県,普・未使用車　パッションプラス南大高店
1043,273.9,40000,4,0,1,1,1,白真珠,三重県,リバティ イオンタウン松阪船江店
1044,280.1,13000,3,0,1,1,1,薄緑,長野県,ＮＴＰトヨタ信州 オレンジタウン伊那
1045,309.8,8000,2,0,1,1,1,真珠Ｍ,岡山県,ガリバー 岡山店
1046,279.6,40000,3,0,1,1,1,灰濃,栃木県,栃木トヨタ自動車（株） Ｕ－Ｃａｒ　小山羽川店
1047,159.4,72000,8,0,1,1,1,赤Ｍ,神奈川県,カーセブン狩場インター店
1048,173.3,33000,9,0,1,1,1,真珠Ｍ,愛知県,愛知トヨタ キャラット一宮店
1049,228,30000,4,1,1,0,1,黒,兵庫県,（有）オートボックス　アルファ
1050,218.6,71000,4,0,1,0,1,薄茶,栃木県,栃木トヨタ自動車（株） Ｕ－Ｃａｒ　小山羽川店
1051,284.8,35000,4,0,1,1,1,白真珠,岡山県,ガリバー 岡山店
1052,286.6,22000,3,0,1,1,1,薄緑,埼玉県,ＷＥＣＡＲＳ（ウィーカーズ） 鴻巣店
1053,196.8,42000,7,0,1,0,1,白真珠,山口県,ガリバー 山口店
1054,139.7,40000,10,0,1,0,1,青Ｍ,愛知県,ガリバー 一宮店
1055,218.8,57000,5,0,1,1,1,白真珠,大阪府,ガリバー 東大阪店
1056,139.8,73000,9,0,1,0,1,黒Ｍ,千葉県,ガリバーアウトレット 八千代店
1057,201.8,20000,7,0,1,0,1,茶真珠,埼玉県,ガリバー 吉川美南店
1058,305.9,15000,3,0,1,1,1,真珠白,千葉県,ＳＵＶ　ＬＡＮＤ 船橋習志野
1059,175.8,68000,8,0,1,1,1,黒Ｍ,岐阜県,ガリバー 岐阜北方店
1060,277.9,49000,3,0,1,1,1,真珠白,愛知県,ネクステージ 名古屋茶屋店
1061,319.8,6000,2,0,1,1,1,黒,埼玉県,ガリバー 吉川美南店
1062,235.7,2000,5,0,1,1,1,深銀Ｍ,大阪府,ネッツトヨタ大阪株式会社 ＵーＧＡＴＥ店
1063,205.9,8000,7,0,1,0,1,黒Ｍ,兵庫県,ワンゼット　東神戸
1064,139.8,50000,10,0,1,0,1,白真珠,東京都,ガリバー 八王子みなみ野店
1065,291.5,20000,3,0,1,1,1,真珠Ｍ,岡山県,ネッツトヨタ岡山 Ｕステージ倉敷中島
1066,208.9,40000,5,0,1,1,1,赤ＭII,栃木県,栃木トヨタ自動車（株） Ｕ－Ｃａｒ　佐野店
1067,174.9,74000,7,0,1,1,1,真珠白,滋賀県,ネクステージ 草津店
1068,309.8,3000,1,0,1,1,1,真珠白,大阪府,Ｋ　Ｐｒｏｄｕｃｅ　ｎｉｃｅ　新車・未使用車　ミニバン専門店 アルファード・ヴェルファイア・ノア・ヴォクシー・セレナ
1069,296.3,39000,4,0,1,1,1,白真珠,三重県,ガリバー 朝日店
1070,163.8,40000,9,0,1,0,1,黒白,三重県,ガリバー 伊勢店
1071,234.9,34000,5,0,1,1,1,薄茶,千葉県,ＳＵＶ　ＬＡＮＤ 船橋習志野
1072,135.5,81000,8,0,1,0,1,真珠Ｍ,愛知県,トヨタカローラ愛知（株） 豊田マイカーセンター
1073,228.7,32000,6,0,1,1,1,白茶II,大阪府,（株）ジョブカーズ 枚方東店
1074,250.8,54000,3,0,1,0,1,青灰,岐阜県,トヨタカローラネッツ岐阜（株） Ｕ－Ｃａｒ長良店
1075,258.8,29000,4,0,1,0,1,薄緑,静岡県,ガリバー 富士宮店
1076,294.4,35000,3,0,1,1,1,黒,福岡県,トヨタカローラ博多 那珂マイカーセンター
1077,286.8,39000,4,0,1,1,1,黒,愛知県,ガリバー 守山店
1078,103,96000,11,0,1,0,1,銀,広島県,ＷＥＣＡＲＳ（ウィーカーズ） 広島安佐南店
1079,128.1,72000,11,0,1,1,1,黄,愛知県,愛知トヨタ キャラット一宮店
1080,146.3,97000,8,0,1,1,1,黒Ｍ,長崎県,ネッツトヨタ長崎 ユーカー時津打坂
1081,309.9,7,1,0,1,1,1,黒,滋賀県,リバティ 栗東店
1082,298.3,26000,2,0,1,1,1,青灰,岐阜県,トヨタカローラネッツ岐阜（株） Ｕ－Ｃａｒ中津川店
1083,94.6,137000,7,0,1,0,1,赤Ｍ,愛知県,愛知トヨタ 刈谷池田店
1084,277.8,21000,3,0,1,0,1,緑,大阪府,グッドスピード ＭＥＧＡ　ＳＵＶ大阪豊中店
1085,329.9,5,1,0,1,1,1,深灰,愛媛県,リバティ 久米窪田店
1086,194.6,28000,5,0,1,0,1,黒Ｍ,京都府,京都トヨペット（株） Ｕ－ｍｉｘ
1087,197.8,34000,8,0,1,1,1,白真珠,佐賀県,ガリバー 久留米みやき店
1088,317.2,12000,2,0,1,1,1,真珠Ｍ,栃木県,ＷＥＣＡＲＳ（ウィーカーズ） 栃木店
1089,325.4,23000,2,0,1,1,1,真珠白,北海道,札幌ホンダ（株） 南郷店
1090,169.9,54000,8,0,1,0,1,黒Ｍ,大阪府,ネクステージ 寝屋川店
1091,310.7,6000,2,0,1,1,1,薄緑,奈良県,ミニバン・ＳＵＶ・コンパクト専門店　フロンティアモータース　橿原店
1092,195.6,32000,7,0,1,1,1,真珠Ｍ,京都府,京都トヨペット（株） Ｕ－ｍｉｘ
1093,286.3,11000,3,0,1,0,1,薄茶,埼玉県,Ｊネットカーズ　越谷レイクタウン店
1094,259.8,34000,3,0,1,0,1,黒,宮城県,ガリバー アウトレット古川バイパス店
1095,199.9,25000,7,0,1,1,1,黒,福岡県,ネクステージ 新宮店
1096,139.7,70000,10,0,1,1,1,青Ｍ,愛知県,ガリバー 一宮店
1097,135.8,74000,9,0,1,0,1,黒Ｍ,兵庫県,ＳＵＶ　ＬＡＮＤ 神戸
1098,297.8,29000,3,0,1,1,1,青,愛知県,ガリバー 守山店
1099,299.3,22000,2,0,1,1,1,II,大阪府,トヨタモビリティ新大阪（株） Ｕ－Ｃａｒ東豊中店
1100,334.9,11000,2,0,1,1,1,黒,佐賀県,ネクステージ 南佐賀店
1101,303.8,29000,3,0,1,1,1,緑,奈良県,ガリバー 橿原桜井店
1102,183.3,59000,5,0,1,0,1,紺ＭＭ,大阪府,トヨタモビリティ新大阪（株） Ｕ－Ｃａｒ東豊中店
1103,198.8,56000,5,0,1,0,1,茶Ｍ,千葉県,ガリバーＷＯＷ！ＴＯＷＮ 幕張
1104,189.8,53000,8,0,1,1,1,真珠白,兵庫県,ネクステージ 神戸北店
1105,200,38000,7,0,1,1,1,赤黒II,福岡県,ガリバー 香椎浜店
1106,133.7,61000,8,1,1,0,1,茶Ｍ,長崎県,ネッツトヨタ長崎 ユーカーランド久山
1107,301.5,23000,3,0,1,1,1,黒,熊本県,ユナイテッドトヨタ熊本株式会社 ネッツスクエア本店
1108,107.9,93000,10,0,1,0,1,真珠白,滋賀県,ネクステージ 東近江店
1109,127,62000,11,0,1,0,1,黒Ｍ,佐賀県,ＷＥＣＡＲＳ（ウィーカーズ） 久留米店
1110,246.3,45000,4,0,1,0,1,黒,愛知県,トヨタカローラ愛知（株） 岡崎大樹寺マイカーセンター
1111,211.8,39000,5,0,1,0,1,茶真珠,愛知県,ガリバー １号知立店
1112,149.8,34000,10,0,1,0,1,黒Ｍ,埼玉県,ガリバー 新狭山店
1113,329.9,16,1,0,1,1,1,真珠Ｍ,福井県,リバティ 鯖江店
1114,178.8,53000,8,0,1,0,1,白真珠,三重県,（株）オートモール ヴァーサス津店
1115,276.8,17000,3,0,1,0,1,白真珠,東京都,ガリバー 瑞穂店
1116,293.8,25000,4,0,1,1,1,黒,愛知県,ガリバー １号知立店
1117,322.1,10000,2,0,1,1,1,薄緑,大阪府,ＷＥＣＡＲＳ（ウィーカーズ） 深江橋店
1118,294.9,32000,4,0,1,1,1,緑,群馬県,ネクステージ 太田店
1119,180.8,51000,8,0,1,0,1,白真珠,福岡県,ガリバー 八幡店
1120,314.9,18000,2,0,1,1,1,真珠白,兵庫県,ネクステージ 姫路店
1121,114.1,57000,11,0,1,0,1,青Ｍ,愛知県,愛知トヨタ 春日井マイカーセンター
1122,312.8,12000,2,0,1,1,1,真珠,石川県,ガリバー 金沢店
1123,179.9,68000,6,0,1,0,1,真珠白,岡山県,ネクステージ 早島インター店
1124,154.9,64000,8,0,1,0,1,茶Ｍ,愛知県,愛知トヨタ 呼続店
1125,328.7,35000,3,0,1,1,1,薄緑,北海道,ガリバー 札幌藻岩店
1126,169.5,30000,8,0,1,0,1,銀Ｍ,大阪府,カーチス南港
1127,137.8,42000,10,0,1,0,1,黒Ｍ,大阪府,ガリバー 枚方店
1128,312.6,15000,1,0,1,1,1,黒,三重県,ネクステージ 松阪店
1129,209.9,44000,7,0,1,1,1,黒Ｍ,岡山県,ネクステージ 早島インター店
1130,199.9,28000,5,0,1,0,1,赤紫,兵庫県,リバティ 神戸店
1131,219.7,34000,5,0,1,1,1,茶黒II,愛知県,ガリバー 一宮店
1132,278.8,28000,4,0,1,0,1,白真珠,静岡県,ガリバー １３６号三島店
1133,257.6,20,1,0,1,1,1,黒,兵庫県,ＷＥＣＡＲＳ（ウィーカーズ） 加古川店
1134,139.7,30000,10,0,1,0,1,黒Ｍ,愛知県,ガリバー 一宮店
1135,309.9,29000,2,0,1,1,1,黒,福島県,ネクステージ 福島伊達店
1136,300,8,1,0,1,0,1,薄茶茶,愛知県,（株）エムズオート　３号店
1137,222.9,39000,5,0,1,0,1,青,宮城県,ネクステージ 仙台泉店
1138,179.9,43000,8,0,1,1,1,茶,兵庫県,リバティ 神戸店
1139,218.9,35000,5,0,1,0,1,黒Ｍ,茨城県,ガリバー ひたち海浜公園前店
1140,251,16000,4,0,1,1,1,白真珠,愛知県,ガリバー 北名古屋店
1141,328.8,5,1,0,1,1,1,真珠Ｍ,長野県,みのわモビリティ 福祉車両専門店
1142,248.9,17000,4,0,1,1,1,黒Ｍ,神奈川県,ガリバー 座間店
1143,109,71000,10,0,1,0,1,黒Ｍ,愛知県,ネクステージ 守山店
1144,204.5,54000,5,0,1,1,1,白真珠,佐賀県,佐賀トヨペット 鍋島マイカーセンター
1145,324.8,3000,1,0,1,1,1,薄茶,石川県,ガリバー 金沢店
1146,322.1,9000,1,0,1,1,1,真珠Ｍ,兵庫県,ＷＥＣＡＲＳ（ウィーカーズ） 西宮店
1147,146.8,35000,10,0,1,0,1,黒Ｍ,宮城県,ガリバー 仙台利府店
1148,194,50000,4,0,1,0,1,赤ＭII,愛知県,トヨタカローラ愛知（株） 扶桑マイカーセンター
1149,272.8,17000,3,0,1,1,1,濃灰,埼玉県,ガリバー 新狭山店
1150,313,21000,3,0,1,1,1,真珠Ｍ,滋賀県,ＷＥＣＡＲＳ（ウィーカーズ） 草津店
1151,265.2,26000,4,0,1,0,1,緑,熊本県,ユナイテッドトヨタ熊本株式会社 カローラ熊本　本店
1152,184.7,26000,7,0,1,0,1,黒Ｍ,大阪府,カーチス枚方
1153,169.2,85000,7,0,1,1,1,銀Ｍ,茨城県,茨城トヨタ自動車株式会社 美野里店
1154,308.5,24000,3,0,1,1,1,白真珠,埼玉県,トヨタカローラ埼玉 羽生ＢＡＳＥ
1155,153.9,86000,8,0,1,1,1,真珠,兵庫県,ＷＥＣＡＲＳ（ウィーカーズ） 神戸北店
1156,349.8,10,1,0,1,1,1,真珠Ｍ,神奈川県,アクティブコレクション コンパクトカー＆軽専門店　大和店
1157,349.8,9,1,0,1,1,1,薄緑,神奈川県,アクティブコレクション コンパクトカー＆軽専門店　大和店
1158,349.8,10,1,0,1,1,1,黒,神奈川県,アクティブコレクション コンパクトカー＆軽専門店　大和店
1159,307.9,27000,2,0,1,1,1,緑灰,愛知県,ネクステージ 守山店
1160,264.8,27000,3,0,1,0,1,黒,愛知県,トヨタカローラ愛知（株） 豊田マイカーセンター
1161,197.8,51000,6,0,1,1,1,白真珠,福岡県,ガリバー 太宰府インター　ミニバン専門店
1162,223.7,36000,5,0,1,0,1,深銀Ｍ,愛知県,愛知トヨタ キャラット一宮店
1163,307.9,12000,3,0,1,1,1,黒,茨城県,ネクステージ 水戸南店
1164,274.9,22000,4,0,1,0,1,緑,愛知県,ネクステージ 日進駅前店
1165,288.9,43000,3,0,1,1,1,白真珠,奈良県,ガリバー 橿原桜井店
1166,319.9,5,1,0,1,1,1,真珠Ｍ,滋賀県,リバティ 彦根店
1167,309.9,22000,3,0,1,1,1,緑,宮城県,ネクステージ 仙台利府店
1168,337.1,28000,2,0,1,1,1,黒,福島県,ＷＥＣＡＲＳ（ウィーカーズ） 郡山店
1169,296.9,16000,3,0,1,1,1,真珠,兵庫県,リバティ ドリーム長田店
1170,225.8,18000,6,0,1,1,1,薄茶,長野県,ガリバー 南松本店
1171,296.6,19000,3,0,1,1,1,薄茶,滋賀県,ＷＥＣＡＲＳ（ウィーカーズ） 彦根店
1172,300.1,22000,3,0,1,1,1,深灰,宮崎県,ＷＥＣＡＲＳ（ウィーカーズ） 宮崎店
1173,209.7,51000,5,0,1,1,1,黒Ｍ,大阪府,カーチス枚方
1174,312.9,7000,3,0,1,1,1,真珠白,茨城県,ネクステージ 水戸南店
1175,318.8,43000,4,0,1,1,1,黒,石川県,ガリバー 金沢店
1176,297.5,28000,3,0,1,1,0,薄緑,栃木県,ＷＥＣＡＲＳ（ウィーカーズ） 宇都宮南店
1177,203.2,39000,6,0,1,0,1,薄灰青,愛知県,ガリバー 名古屋茶屋店
1178,151.5,50000,9,0,1,0,1,黒Ｍ,宮城県,ガリバー アウトレット古川バイパス店
1179,277.9,36000,4,0,1,1,1,真珠,岡山県,ＷＥＣＡＲＳ（ウィーカーズ） 岡山南店
1180,147.1,61000,9,0,1,1,1,赤ＭＭ,愛知県,愛知トヨタ キャラット豊川店
1181,189.9,27000,8,0,1,0,1,真珠白,長野県,ネクステージ 長野南店
1182,192,65000,7,0,1,1,1,茶真珠,福井県,ＷＥＣＡＲＳ（ウィーカーズ） 越前店
1183,267.5,9,1,0,1,1,1,真珠Ｍ,京都府,ＷＥＣＡＲＳ（ウィーカーズ） 京都伏見店
1184,298.8,17000,4,0,1,1,1,濃灰,愛知県,ガリバー 守山店
1185,194.8,32000,8,0,1,0,1,白真珠,埼玉県,ガリバー 新狭山店
1186,346.9,172,1,0,1,1,1,薄茶,奈良県,リバティ イオンモール橿原Ｗｅｓｔ　Ｖｉｌｌａｇｅ店
1187,269.8,57000,4,0,1,1,1,緑,兵庫県,ガリバー 姫路店
1188,301.8,11000,3,0,1,1,1,薄緑,埼玉県,Ｊネットカーズ　越谷レイクタウン店
1189,374.9,11,1,0,1,1,1,真珠白,千葉県,ＳＵＶ　ＬＡＮＤ 柏
1190,135.8,106000,8,0,1,1,1,真珠白,大阪府,ネクステージ 藤井寺店
1191,319.9,9000,1,0,1,1,1,黒,愛知県,ネクステージ 岡崎美合店
1192,217.9,42000,7,0,1,1,1,黒,富山県,ネクステージ 高岡店
1193,104.9,24000,11,0,1,0,1,紫,京都府,福祉車両コンシェルジュ　ミズタニ 京都南インター店
1194,322.9,14000,1,0,1,1,1,薄茶,熊本県,ＳＵＶ　ＬＡＮＤ 熊本
1195,174.9,62000,7,0,1,0,1,白真珠,長野県,ガリバー 佐久店
1196,265.1,28000,3,0,1,0,1,薄緑,広島県,広島トヨペット ＡＬＡＬやぎ
1197,189.8,51000,6,0,1,0,1,白真珠,千葉県,ガリバーＷＯＷ！ＴＯＷＮ 幕張
1198,282.9,16000,3,0,1,0,1,濃灰Ｍ,愛知県,ネクステージ ４１号小牧店
1199,307.6,12000,2,0,1,1,0,真珠,北海道,ＷＥＣＡＲＳ（ウィーカーズ） 札幌清田店
1200,226.7,46000,5,0,1,1,1,白真珠,大分県,ガリバー 大分店
1201,199.9,33000,7,0,1,0,1,真珠白,茨城県,ネクステージ つくば店
1202,264.9,35000,3,0,1,0,1,薄緑,富山県,ネクステージ 高岡店
1203,132.1,77000,10,0,1,1,1,黒Ｍ,沖縄県,ネクステージ 沖縄うるま店
1204,324.9,21000,3,0,1,1,1,緑,沖縄県,ネクステージ 豊見城店
1205,277.9,36000,3,0,1,1,1,青,兵庫県,ホンダカーズ兵庫 三田中央店Ｈｏｎｄａ　Ｕ－Ｃａｒ
1206,178.5,61000,7,0,1,0,1,黒Ｍ,北海道,ＡＧＨトヨタ札幌（株） アンビシャス滝川黄金
1207,187.8,44000,7,0,1,0,1,真珠白,長崎県,ネクステージ 時津店
1208,162.9,91000,7,0,1,1,1,黒Ｍ,山口県,ネクステージ 山口店
1209,296.9,27000,2,0,1,1,1,真珠,福岡県,ＷＥＣＡＲＳ（ウィーカーズ） 西福岡店
1210,307.9,12000,3,0,1,1,1,真珠白,千葉県,ネクステージ 幕張店
1211,200.3,62000,5,0,1,1,1,黒Ｍ,愛知県,ネッツトヨタ中部（株） Ｕ－Ｃａｒ米野木
1212,344.9,6000,1,0,1,1,1,真珠白,沖縄県,ネクステージ 豊見城店
1213,186,53000,5,0,1,0,1,黄,愛知県,トヨタカローラ愛知（株） 蒲郡マイカーセンター
1214,301.5,5000,3,0,1,1,1,黒,群馬県,ＷＥＣＡＲＳ（ウィーカーズ） 太田店
1215,139.9,47000,11,0,1,1,1,黒Ｍ,福井県,ガリバー 福井店
1216,183.8,51000,7,0,1,1,1,黒Ｍ,愛知県,ガリバー 豊橋店
1217,262.9,22000,3,0,1,0,1,青II,愛知県,ネクステージ 豊川店
1218,279.8,26000,3,0,1,0,1,薄茶,愛知県,ガリバー 名古屋茶屋店
1219,318.2,19000,2,0,1,1,1,青灰,愛知県,トヨタカローラ愛知（株） 扶桑マイカーセンター
1220,172.1,62000,9,0,1,1,1,真珠白,京都府,ネクステージ 京都八幡店
1221,146.6,21000,11,0,1,0,1,黒Ｍ,大阪府,トヨタカローラ南海（株） 南港プラザ
1222,248.8,62000,3,0,1,0,1,濃灰,千葉県,ガリバー 蘇我インター店
1223,183.8,36000,10,0,1,1,1,黒Ｍ,大分県,ガリバー 大分店
1224,298.8,8000,4,0,1,1,1,緑,大阪府,グッドスピード ＭＥＧＡ　ＳＵＶ大阪豊中店
1225,304.9,11,1,0,1,1,1,薄緑,熊本県,リバティ ドリーム熊本インター店
1226,294.8,17000,3,0,1,1,1,白真珠,岡山県,ネッツトヨタ岡山 Ｕステージ倉敷中島
1227,229.9,24000,5,0,1,0,1,茶,大阪府,ネクステージ 摂津店
1228,164.9,34000,11,0,1,0,1,真珠白,北海道,ネクステージ 札幌美しが丘店
1229,299.8,12000,4,0,1,1,1,白真珠,埼玉県,ガリバーＷＯＷ！ＴＯＷＮ 大宮
1230,329.9,8000,1,0,1,1,1,真珠白,宮城県,ネクステージ 仙台利府店
1231,129.9,67000,11,0,1,0,1,白真珠,愛知県,ガリバー １号知立店
1232,359.8,12,1,0,1,1,1,緑,大阪府,ガリバーアウトレット 外環河内長野店
1233,144.8,39000,10,0,1,0,1,黒,神奈川県,ネクステージ 横浜戸塚店
1234,179.8,58000,7,0,1,0,1,茶黒II,熊本県,ガリバー 熊本インター店
1235,355,10,1,0,1,1,1,黒,熊本県,株式会社テクニカルオートチアキ
1236,292.9,39000,3,0,1,1,1,緑,愛知県,ネクステージ 一宮インター店
1237,154.8,29000,9,0,1,0,1,黒Ｍ,大阪府,ガリバー 東大阪店
1238,272.9,12000,3,0,1,0,1,真珠白,三重県,ネクステージ 津店
1239,295.1,16000,3,0,1,1,1,白真珠,大阪府,トヨタモビリティ新大阪（株） Ｕ－Ｃａｒ中環茨木店
1240,154.7,40000,9,0,1,0,1,黒Ｍ,大阪府,カーチス南港
1241,151.8,37000,10,0,1,0,0,赤,群馬県,ＣＡＲ　ＢＡＮＫ　ＲＩＧＨＴ　高崎フィールド店
1242,218.4,12000,6,0,1,1,1,赤黒II,大阪府,ガリバー 茨木店
1243,139.9,88000,10,0,1,1,1,黒,千葉県,ＳＵＶ　ＬＡＮＤ 千葉
1244,104.5,62000,11,0,1,0,1,赤紫Ｍ,北海道,ＡＧＨトヨタ札幌（株） Ｕ－Ｃａｒ　ＷＥＢギャラリー
1245,325.9,9000,2,0,1,1,1,緑,滋賀県,ネクステージ 草津店
1246,289.8,13000,2,0,1,0,1,薄茶,愛知県,ガリバー 名古屋茶屋店
1247,296.6,21000,3,0,1,1,1,真珠,大阪府,ＷＥＣＡＲＳ（ウィーカーズ） 深江橋店
1248,344.8,53,1,0,1,1,1,薄茶,埼玉県,ガリバー 吉川美南店
1249,323.9,6,1,0,1,1,1,薄茶,三重県,リバティ イオンタウン松阪船江店
1250,153.8,58000,11,0,1,1,1,黒Ｍ,新潟県,ガリバー 新潟店
1251,209.9,24000,6,0,1,0,1,真珠白,和歌山県,ネクステージ 和歌山店
1252,317.2,24000,2,0,1,1,1,真珠Ｍ,千葉県,ＷＥＣＡＲＳ（ウィーカーズ） 酒々井店
1253,166.1,61000,8,0,1,0,1,黒Ｍ,大阪府,トヨタカローラ南海（株） 貝塚プラザ
1254,162.8,46000,9,0,1,0,1,紫,広島県,ガリバー 広島吉島店
1255,185.9,22000,8,0,1,0,1,茶Ｍ,山口県,ネクステージ 山口店
1256,134.8,49000,10,0,1,0,1,白真珠,岡山県,ガリバー 津山店
1257,85.5,98000,11,0,1,0,1,銀Ｍ,埼玉県,埼玉トヨペット 浦和美園支店
1258,172.1,36000,9,0,1,1,1,銀Ｍ,愛知県,愛知トヨタ 緑白土店
1259,278.8,10000,4,0,1,0,1,黒,愛知県,ガリバー 守山店
1260,307.6,14000,2,0,1,1,1,真珠,長崎県,ＷＥＣＡＲＳ（ウィーカーズ） 佐世保店
1261,299.9,19000,4,0,1,1,1,緑,長野県,ネクステージ 松本店
1262,162.4,45000,9,0,1,1,1,赤Ｍ,三重県,（株）ホンダ四輪販売三重北 ヴァーサス桑名店
1263,312.9,21000,3,0,1,1,1,薄緑,長野県,ネクステージ 長野南店
1264,239.1,48000,4,0,1,0,1,薄茶,新潟県,小林自動車 要町店
1265,314.8,29000,2,0,1,1,1,薄緑,群馬県,ガリバー 高前バイパス店
1266,125.9,61000,10,0,1,0,1,黒Ｍ,大阪府,リバティ 貝塚店
1267,200.4,19000,5,0,1,0,1,黒Ｍ,奈良県,奈良トヨタ（株） モビリティガーデンＲＴ香芝
1268,280.4,45000,4,0,1,1,1,青灰,愛知県,ネッツトヨタ中部（株） Ｕ－Ｃａｒ豊田
1269,353.7,3000,2,0,1,1,1,青灰II,北海道,ＶＥＲＮＯ　ＣＡＲＬＡ札幌北広島店 （ベルノカーラ札幌北広島店）
1270,309.9,18000,2,0,1,1,1,薄緑,兵庫県,リバティ 尼崎店
1271,273.7,67000,4,0,1,1,1,深灰,大分県,ガリバー 大分店
1272,218.8,19000,5,0,1,0,1,薄茶,神奈川県,ガリバー 座間店
1273,331.2,34000,3,0,1,1,1,真珠白,岩手県,ネクステージ 北上店
1274,219.8,11000,8,0,1,0,1,紫,北海道,ガリバー 札幌清田店
1275,334.9,4000,1,0,1,1,1,黒,宮城県,ネクステージ 仙台宮城野店
1276,124.9,94000,11,0,1,1,1,真珠白,愛知県,ネクステージ 東浦店
1277,284.9,20000,3,0,1,0,1,真珠白,長野県,ネクステージ 松本店
1278,322.9,5,1,0,1,1,1,真珠Ｍ,京都府,リバティ 久御山店
1279,299.9,18000,3,0,1,1,1,白真珠,岐阜県,ガリバー 岐阜北方店
1280,317,16000,2,0,1,1,1,真珠,埼玉県,ＷＥＣＡＲＳ（ウィーカーズ） 本庄早稲田店
1281,312.9,23000,3,0,1,1,1,薄茶,岐阜県,ネクステージ 岐阜東バイパス店
1282,277.9,26000,3,0,1,0,1,緑,愛知県,ネクステージ 大高店
1283,297.6,32000,4,0,1,1,1,薄緑,茨城県,ＷＥＣＡＲＳ（ウィーカーズ） ひたちなか店
1284,134.8,88000,11,0,1,1,1,白真珠,神奈川県,ガリバー 座間店
1285,297.1,18000,3,0,1,1,1,黒,茨城県,ネクステージ つくば店
1286,314.6,9000,3,0,1,1,1,黒,埼玉県,埼玉トヨペット 南越谷支店
1287,186.8,65000,7,0,1,0,1,黒Ｍ,大阪府,ＷＥＣＡＲＳ（ウィーカーズ） 茨木インター店
1288,162.9,53000,9,0,1,0,1,黒,岐阜県,ネクステージ 岐阜東バイパス店
1289,214.8,41000,6,0,1,1,1,白真珠,大阪府,ガリバー 泉佐野南店
1290,245.8,24000,5,0,1,1,1,黒Ｍ,埼玉県,ガリバーＷＯＷ！ＴＯＷＮ 大宮
1291,319.9,8000,1,0,1,1,1,真珠Ｍ,大阪府,ＷＥＣＡＲＳ（ウィーカーズ） 高槻店
1292,319.8,17000,1,0,1,1,1,黒,神奈川県,ガリバー 座間店
1293,324.9,22000,3,0,1,1,1,真珠白,福岡県,ネクステージ 博多板付店
1294,312.9,13000,3,0,1,1,1,緑,千葉県,ＳＵＶ　ＬＡＮＤ 千葉
1295,189,73000,6,0,1,1,1,真珠白,愛知県,ネクステージ 一宮インター店
1296,309.9,22000,3,0,1,1,1,真珠白,宮城県,ネクステージ 大崎店
1297,217.4,26000,6,0,1,1,1,銀,岐阜県,ＷＥＣＡＲＳ（ウィーカーズ） 瑞穂店
1298,219.8,26000,8,0,1,1,1,紫,鹿児島県,ガリバー 鹿児島店
1299,323.9,6,1,0,1,1,1,真珠Ｍ,奈良県,リバティ 西大和店
1300,152.9,39000,10,0,1,0,1,薄銀Ｍ,茨城県,ネクステージ つくば店
1301,134.9,71000,9,0,1,0,1,真珠白,愛知県,ネクステージ 守山店
1302,207.8,51000,7,0,1,1,1,黒Ｍ,福岡県,ガリバー 太宰府インター　ミニバン専門店
1303,179.9,29000,7,0,1,0,1,薄茶,神奈川県,ガリバー 座間店
1304,373.9,11,1,0,1,1,1,真珠白,千葉県,ＳＵＶ　ＬＡＮＤ 船橋習志野
1305,147.8,107000,4,0,1,0,1,銀Ｍ,北海道,ＡＧＨトヨタ札幌（株） アンビシャス千歳
1306,199.9,72000,6,0,1,1,1,茶Ｍ,長崎県,ネクステージ 長崎店
1307,349.9,2000,1,0,1,1,1,真珠白,愛媛県,ネクステージ 松山中央店
1308,219.9,12000,5,0,1,0,1,薄茶,福岡県,ネクステージ 博多板付店
1309,206.8,31000,6,0,1,0,1,薄茶,沖縄県,ガリバー うるま店
1310,179.4,85000,6,0,1,1,1,黒Ｍ,長崎県,長崎トヨペット ユーカーランド久山
1311,304.8,6000,4,0,1,1,1,黒,愛知県,グッドスピード 小牧ミニバン専門店
1312,314.9,26000,3,0,1,1,1,真珠白,千葉県,ＳＵＶ　ＬＡＮＤ 柏
1313,149.6,68000,11,0,1,1,1,真珠白,滋賀県,ネクステージ 彦根店
1314,285.7,44000,3,0,1,1,1,黒,大阪府,トヨタカローラ南海（株） 光明池プラザ
1315,185.9,27000,8,0,1,0,1,真珠白,滋賀県,ネクステージ 東近江店
1316,302.4,25000,3,0,1,1,1,薄緑,福島県,ＷＥＣＡＲＳ（ウィーカーズ） 郡山店
1317,362.9,80,1,0,1,1,1,緑Ｍ,愛知県,ＳＵＶ　ＬＡＮＤ 豊橋
1318,309.9,21000,3,0,1,1,1,真珠白,静岡県,ネクステージ 東静岡店
1319,142.9,58000,11,0,1,0,1,真珠白,岐阜県,ネクステージ 大垣店
1320,197.4,44000,6,0,1,0,0,黒Ｍ,大阪府,ＷＥＣＡＲＳ（ウィーカーズ） 高槻店
1321,224.9,14000,6,0,1,0,1,真珠白,茨城県,ネクステージ 水戸南店
1322,145.3,42000,11,0,1,1,1,銀Ｍ,愛知県,トヨタカローラ愛知（株） 楠マイカーセンター
1323,112.9,91000,10,0,1,0,1,黒Ｍ,三重県,ネクステージ 四日市店
1324,144.3,83000,9,0,1,1,1,黒Ｍ,埼玉県,アスピレーション越谷　ＪＵ適正販売店
1325,308.8,12000,3,0,1,1,1,黒,埼玉県,ガリバーＷＯＷ！ＴＯＷＮ 大宮
1326,279.2,19000,3,0,1,0,0,黒,和歌山県,ＷＥＣＡＲＳ（ウィーカーズ） 岩出店
1327,207.4,39000,6,0,1,0,1,黒Ｍ,栃木県,ＷＥＣＡＲＳ（ウィーカーズ） 栃木店
1328,334.9,10000,3,0,1,1,1,緑,沖縄県,ネクステージ 読谷店
1329,166.2,89000,6,0,1,1,1,茶Ｍ,愛知県,トヨタカローラ愛知（株） 楠マイカーセンター
1330,229.8,27000,5,0,1,1,1,黒薄茶,三重県,ガリバー 朝日店
1331,304.5,9000,3,0,1,1,1,黒,埼玉県,埼玉トヨペット 朝霞支店
1332,308.8,18000,3,0,1,1,1,薄茶,茨城県,ニチエイ・カーマックス 取手店
1333,162.8,45000,9,0,1,0,1,黒Ｍ,宮城県,ネクステージ 石巻店
1334,224.8,50000,6,0,1,1,1,白真珠,鹿児島県,ガリバー 鹿児島店
1335,319.8,17000,2,0,1,1,1,黒,埼玉県,ガリバー 吉川美南店
1336,181.2,68000,8,0,1,1,1,白真珠,熊本県,熊本トヨタ自動車 本店
1337,145,93000,8,0,1,0,1,紫,北海道,エスカーズ
1338,148,80000,8,0,1,0,1,黒Ｍ,福岡県,ネッツトヨタ福岡 久留米マイカーセンター
1339,389.9,15,1,0,1,1,1,真珠白,茨城県,ネクステージ 水戸南店
1340,283.9,47000,3,0,1,1,1,真珠白,静岡県,ネクステージ 浜松志都呂店
1341,212.9,17000,7,0,1,0,1,黒,福岡県,ネクステージ 新宮店
1342,144.8,66000,10,0,1,0,1,黒Ｍ,兵庫県,ガリバー 姫路店
1343,325.3,13000,2,0,1,1,1,緑,広島県,ガリバー 広島インター店
1344,319.9,5,1,0,1,1,1,黒,京都府,リバティ Ｒ１７１店
1345,172,84000,7,0,1,1,1,真珠,奈良県,ＷＥＣＡＲＳ（ウィーカーズ） 橿原店
1346,326.8,10000,1,0,1,1,1,白真珠,埼玉県,ガリバー 新狭山店
1347,367.9,20,0,0,1,1,1,真珠白,愛知県,ネクステージ 大高店
1348,296.9,25000,4,0,1,1,1,白真珠,広島県,広島トヨペット ＡＬＡＬいのくち
1349,206.5,36000,7,0,1,0,1,赤Ｍ,徳島県,ＷＥＣＡＲＳ（ウィーカーズ） 徳島上板店
1350,209.9,11000,6,0,1,0,1,薄銀,宮城県,ネクステージ 仙台利府店
1351,302.9,29000,4,0,1,1,1,真珠白,静岡県,ネクステージ 東静岡店
1352,319.9,64,1,0,1,1,1,薄茶,京都府,リバティ Ｒ１７１店
1353,166.8,56000,10,0,1,1,1,白真珠,埼玉県,ガリバー 新狭山店
1354,297.9,31000,3,0,1,1,1,薄緑,埼玉県,ＷＥＣＡＲＳ（ウィーカーズ） 上尾店
1355,212.8,65000,7,0,1,1,1,赤Ｍ,茨城県,茨城トヨペット株式会社 Ｕ－Ｃａｒセンター６号みのり店
1356,269,51000,3,0,1,1,1,深灰,広島県,広島トヨペット 竹原店
1357,165.3,74000,7,0,1,1,1,茶真珠,大阪府,トヨタモビリティ新大阪（株） Ｕ－Ｃａｒ交野店
1358,389.9,15,1,0,1,1,1,真珠白,千葉県,ネクステージ 幕張店
1359,274.2,30000,3,0,1,0,1,真珠,大阪府,ＷＥＣＡＲＳ（ウィーカーズ） 茨木インター店
1360,155.6,79000,9,0,1,1,1,黒Ｍ,大阪府,トヨタカローラ南海（株） 金岡プラザ
1361,122.9,107000,10,0,1,1,1,真珠白,山口県,ネクステージ 山口店
1362,119.7,84000,10,0,1,0,1,薄青,千葉県,Ｙ’ｓ　Ｄｅａｌｅｒ　Ｐｒｅｍｉｕｍ（株）サトウオート
1363,299.9,29000,3,0,1,1,1,緑,大阪府,ネクステージ 摂津店
1364,290.2,19000,3,0,1,1,1,緑,大阪府,トヨタモビリティ新大阪（株） カーロッツ新大阪店
1365,299.2,6000,3,0,1,1,1,赤Ｍ,埼玉県,埼玉トヨペット 南越谷支店
1366,314.9,15000,3,0,1,1,1,黒,宮城県,ネクステージ 仙台宮城野店
1367,316.8,10000,3,0,1,1,1,緑,沖縄県,グッドスピード ＭＥＧＡ　ＳＵＶ南風原店
1368,334.9,30,2,0,1,1,1,緑灰II,福岡県,ケイカフェ やはた店
1369,299.8,41000,2,0,1,1,1,黒,新潟県,ガリバー 新潟店
1370,276.7,69000,3,0,1,1,1,灰濃,岐阜県,トヨタカローラネッツ岐阜（株） Ｕ－Ｃａｒ大垣店
1371,315.9,37000,3,0,1,1,1,緑,千葉県,ＳＵＶ　ＬＡＮＤ 船橋習志野
1372,329.9,12,1,0,1,1,1,薄茶,奈良県,リバティ 西大和店
1373,131.9,95000,8,0,1,0,1,紫,愛知県,ＷＥＣＡＲＳ（ウィーカーズ） 春日井店
1374,307.5,21000,3,0,1,1,1,白真珠,埼玉県,トヨタカローラ埼玉 Ｕステージ上尾
1375,247.8,19000,5,0,1,1,1,黒Ｍ,愛知県,ガリバー １号知立店
1376,158.8,75000,9,0,1,1,1,白真珠,福島県,Ｂｒａｔブラット郡山　ＳＵＶ専門店
1377,326.6,6,1,0,1,1,1,黒,大阪府,リバティ 貝塚店
1378,326.6,6,1,0,1,1,1,薄緑,大阪府,リバティ 貝塚店
1379,167.5,65000,7,0,1,0,1,茶真珠,北海道,ＡＧＨトヨタ札幌（株） アンビシャス南郷通
1380,168.7,71000,6,0,0,1,0,白真珠,千葉県,Ｇ－ＡＦＴＥＲ ＭＥＧＡ千葉北インター店
1381,346.8,16000,2,0,1,1,1,薄茶,石川県,ガリバー 金沢店
1382,344,8000,2,0,1,1,1,真珠Ｍ,埼玉県,ホクエツ自動車販売 越谷店
1383,184.9,51000,9,0,1,1,1,紫Ｍ,長崎県,ネクステージ 長崎店
1384,326.9,5,1,0,1,1,1,薄緑,大阪府,リバティ 貝塚店
1385,83.6,50000,12,0,1,0,1,赤,埼玉県,ホクエツ自動車販売 川口本社
1386,174.6,22000,9,0,1,1,1,白真珠,京都府,京都トヨペット（株） マイカーガーデン
1387,184.8,20000,7,0,1,0,1,薄茶,埼玉県,ガリバー 新狭山店
1388,305.9,35000,2,0,1,1,1,黒,静岡県,ネクステージ 浜松志都呂店
1389,329.9,7000,2,0,1,1,1,緑,兵庫県,ネクステージ 姫路店
1390,184.9,32000,9,0,1,1,1,黒Ｍ,愛知県,ネクステージ 東浦店
1391,311.7,26000,3,0,1,1,1,真珠,愛知県,ＷＥＣＡＲＳ（ウィーカーズ） 名古屋鳴海店
1392,327.4,6,1,0,1,1,1,薄茶,大阪府,リバティ 松原天美店
1393,272.9,24000,4,0,1,0,1,黒,埼玉県,ネクステージ 草加店
1394,129.9,53000,10,0,1,0,1,黒Ｍ,京都府,リバティ 久御山店
1395,325.1,7000,3,0,1,1,1,緑,埼玉県,ネクステージ 草加店
1396,165.8,16000,10,0,1,0,1,白真珠,埼玉県,ガリバー 新狭山店
1397,180,57000,9,0,1,1,1,白真珠,三重県,（株）オートモール ヴァーサス伊勢店
1398,289.9,6000,3,0,1,0,1,黒,大阪府,ネクステージ 摂津店
1399,275.7,60000,4,0,1,1,1,黒,茨城県,茨城トヨペット株式会社 Ｕ－Ｃａｒセンター６号みのり店
1400,299.9,5,1,0,1,0,1,黒,滋賀県,リバティ 彦根店
1401,274.2,7000,4,0,1,0,1,薄茶,愛知県,ガリバー 名古屋茶屋店
1402,155.8,67000,11,0,1,1,1,真珠白,茨城県,ネクステージ 日立店
1403,329.9,9,1,0,1,1,1,薄緑,大阪府,リバティ 貝塚店
1404,179.9,34000,8,0,1,0,1,真珠,埼玉県,ＷＥＣＡＲＳ（ウィーカーズ） 浦和美園店
1405,217.1,31000,7,0,1,1,1,白,兵庫県,ホンダカーズ兵庫 三田中央店Ｈｏｎｄａ　Ｕ－Ｃａｒ
1406,337.3,22000,2,0,1,1,1,薄茶,千葉県,Ｙ’ｓ　Ｄｅａｌｅｒ　Ｐｒｅｍｉｕｍ（株）サトウオート
1407,233.7,27000,6,0,1,1,1,黒Ｍ,愛知県,ＶＥＲＮＯ　ＣＡＲＬＡ豊川店 （ベルノカーラ豊川店）
1408,189.9,49000,7,0,1,1,1,真珠白,岐阜県,ネクステージ 岐阜東バイパス店
1409,319.8,13000,1,0,1,1,1,真珠Ｍ,東京都,ガリバー 瑞穂店
1410,205,38000,7,0,1,1,1,白茶II,三重県,（株）オートモール ヴァーサス鈴鹿本店
1411,199.8,22000,7,0,1,0,1,黒Ｍ,東京都,ガリバー 八王子みなみ野店
1412,199.9,41000,7,0,1,1,1,薄茶,愛知県,ネクステージ 名古屋茶屋店
1413,199.9,71000,7,0,1,1,1,真珠白,千葉県,ＳＵＶ　ＬＡＮＤ 船橋習志野
1414,295.6,44000,4,0,1,1,1,緑,和歌山県,和歌山トヨタ自動車（株） 岩出店
1415,142.9,35000,10,0,1,0,1,黒,宮城県,ネクステージ 仙台利府店
1416,332.9,10000,3,0,1,1,1,真珠白,群馬県,ネクステージ 太田店
1417,322.6,17000,2,0,1,1,1,深灰,千葉県,ＷＥＣＡＲＳ（ウィーカーズ） 千葉店
1418,220.4,7000,5,0,1,0,1,白真珠,埼玉県,トヨタカローラ埼玉 Ｕステージ上尾西
1419,325.5,23000,2,0,1,1,1,緑,愛知県,ネクステージ 岡崎美合店
1420,162.9,30000,9,0,1,0,1,茶,千葉県,ＳＵＶ　ＬＡＮＤ 千葉
1421,270.9,16000,2,0,1,0,1,緑,埼玉県,埼玉トヨペット 北本支店
1422,159.8,62000,9,0,1,1,1,白真珠,大阪府,ガリバー 東大阪店
1423,194.8,30000,7,0,1,0,1,白真珠,神奈川県,アクティブコレクション コンパクトカー＆軽専門店　大和店
1424,105.8,110000,10,0,1,0,1,黒Ｍ,愛知県,グッドスピード 小牧ミニバン専門店
1425,184.6,15000,7,0,1,0,1,赤,大阪府,カーチス枚方
1426,312.7,22000,3,0,1,1,1,薄緑,愛知県,ＷＥＣＡＲＳ（ウィーカーズ） 名古屋北店
1427,274.8,35000,4,0,1,0,1,薄茶,愛知県,ガリバー 守山店
1428,243.9,50000,3,0,1,1,1,薄灰青,奈良県,リバティ イオンモール橿原Ｗｅｓｔ　Ｖｉｌｌａｇｅ店
1429,221.8,28000,6,0,1,1,1,白真珠,福岡県,ガリバー 太宰府インター　ミニバン専門店
1430,285.9,10000,4,0,1,0,1,緑,和歌山県,ネクステージ 和歌山店
1431,319,10000,2,0,1,1,1,真珠白,愛知県,ネクステージ 守山店
1432,330.5,11000,1,0,1,1,1,薄茶,埼玉県,ガリバー 羽生店
1433,289.9,17000,3,0,1,0,1,真珠,兵庫県,ＷＥＣＡＲＳ（ウィーカーズ） 西宮店
1434,309.9,35000,3,0,1,1,1,緑,福岡県,ネクステージ 八幡西店
1435,184.9,76000,6,0,1,1,1,黒,愛知県,ネクステージ 刈谷店
1436,264.9,40000,3,0,1,0,1,黒,新潟県,ネクステージ 新潟東店
1437,173,57000,8,0,1,1,1,青Ｍ,静岡県,ＷＥＣＡＲＳ（ウィーカーズ） 浜松東店
1438,206.4,36000,5,0,1,0,1,黒Ｍ,埼玉県,トヨタカローラ埼玉 Ｕステージ上尾
1439,222.8,10000,6,0,1,0,1,白真珠,埼玉県,ガリバーＷＯＷ！ＴＯＷＮ 大宮
1440,362.9,210,0,0,1,1,1,真珠白,愛知県,ネクステージ 岡崎美合店
1441,312.6,16000,2,0,1,1,1,黒,京都府,ＷＥＣＡＲＳ（ウィーカーズ） 中久世店
1442,115.9,98000,11,0,1,1,1,赤Ｍ,愛知県,愛知トヨタ 法性寺マイカーセンター
1443,213.8,24000,7,0,1,0,1,白真珠,滋賀県,ガリバー 彦根南店
1444,242.9,31000,5,0,1,1,1,黒Ｍ,愛知県,ＳＵＶ　ＬＡＮＤ 豊橋
1445,131.2,67000,9,0,1,0,1,銀Ｍ,埼玉県,トヨタカローラ埼玉 春日部小渕店
1446,336,6,0,0,1,1,1,緑緑,愛知県,（株）エムズオート　３号店
1447,336,4,1,0,1,1,1,薄茶,愛知県,（株）エムズオート　３号店
1448,363.1,10,0,0,1,1,1,真珠Ｍ,福岡県,ＷＥＣＡＲＳ（ウィーカーズ） 八幡店
1449,287.7,33000,4,0,1,1,1,青,兵庫県,ＷＥＣＡＲＳ（ウィーカーズ） 神戸垂水店
1450,246.7,22000,5,0,1,1,1,青ＭＭ,鹿児島県,ＷＥＣＡＲＳ（ウィーカーズ） 鹿児島店
1451,334.9,5000,1,0,1,1,1,薄茶,福岡県,ガリバー 香椎浜店
1452,317,10000,2,0,1,1,1,薄緑,埼玉県,ＷＥＣＡＲＳ（ウィーカーズ） 熊谷店
1453,359.6,7,1,0,1,1,1,深灰,大阪府,リバティ 貝塚店
1454,222.4,60000,6,0,1,1,0,真珠,茨城県,ＷＥＣＡＲＳ（ウィーカーズ） 石岡店
1455,329.8,10000,1,0,1,1,1,白真珠,新潟県,ガリバー 新潟店
1456,228.9,17000,7,0,1,1,0,真珠,福岡県,ＷＥＣＡＲＳ（ウィーカーズ） 春日店
1457,349.8,5,1,0,1,1,1,真珠Ｍ,熊本県,リバティ ドリーム熊本インター店
1458,307.9,17000,4,0,1,1,1,真珠白,静岡県,ネクステージ 富士店
1459,85.3,112000,10,0,1,0,1,真珠Ｍ,愛知県,愛知トヨタ キャラット豊田店
1460,274.2,34000,3,0,1,0,1,真珠,大阪府,ＷＥＣＡＲＳ（ウィーカーズ） 茨木インター店
1461,317.9,17000,3,0,1,1,1,緑,大阪府,ＳＵＶ　ＬＡＮＤ 堺
1462,264.7,37000,3,0,1,0,1,薄緑,兵庫県,ＷＥＣＡＲＳ（ウィーカーズ） 姫路店
1463,322.9,28000,3,0,1,1,1,緑,熊本県,ネクステージ 熊本東店
1464,122.4,104000,6,0,1,1,1,銀,神奈川県,カーセブン相模原陽光台
1465,288.4,16000,3,0,1,0,1,黒,熊本県,リバティ ドリーム熊本インター店
1466,145.3,44000,9,0,1,0,1,青Ｍ,愛知県,トヨタカローラ愛知（株） 楠マイカーセンター
1467,210.4,31000,6,0,1,0,1,真珠Ｍ,愛知県,トヨタカローラ名古屋（株） Ｕ－Ｃａｒ日進竹の山
1468,184.8,14000,8,0,1,0,1,白真珠,愛知県,グッドスピード 小牧ミニバン専門店
1469,297.7,33000,4,0,1,1,1,薄緑,新潟県,小林自動車 要町店
1470,229.9,8000,5,0,1,0,1,黒,埼玉県,ネクステージ 草加店
1471,274.2,37000,3,0,1,0,1,深灰,三重県,ＷＥＣＡＲＳ（ウィーカーズ） 四日市店
1472,284.3,14000,2,0,1,0,1,黒,埼玉県,ＷＥＣＡＲＳ（ウィーカーズ） 上尾店
1473,309.1,25000,3,0,1,1,1,黒,愛知県,トヨタモビリティ中京株式会社 中古車ＷＥＢ専門店
1474,312,19000,4,0,1,1,1,緑,長野県,ＮＴＰトヨタ信州 オレンジタウン筑摩
1475,217.1,26000,7,0,1,1,1,真珠Ｍ,愛知県,愛知トヨタ 名和店
1476,309.8,10000,3,0,1,0,1,緑,神奈川県,ガリバー 座間店
1477,133.8,12000,10,0,1,0,1,青Ｍ,奈良県,ガリバー 奈良店
1478,184.9,51000,7,0,1,0,1,真珠Ｍ,愛知県,愛知トヨタ 大樹寺店
1479,157.9,71000,10,0,1,1,1,真珠白,滋賀県,ネクステージ 東近江店
1480,310.5,37000,4,0,1,1,0,真珠,福井県,ＷＥＣＡＲＳ（ウィーカーズ） 越前店
1481,322.9,20000,2,0,1,1,1,真珠白,山口県,ネクステージ 山口店
1482,167.9,68000,11,0,1,1,1,真珠白,愛知県,ネクステージ 大高店
1483,359.6,22,1,0,1,1,1,黒,大阪府,リバティ 貝塚店
1484,139.9,51000,9,0,1,0,1,黒Ｍ,大阪府,リバティ 貝塚店
1485,244.9,32000,5,0,1,1,1,真珠白,愛知県,ネクステージ 岡崎美合店
1486,188.8,14000,7,0,1,0,1,白真珠,愛知県,グッドスピード 小牧ミニバン専門店
1487,172,39000,9,0,1,0,1,黒Ｍ,佐賀県,九州三菱自動車販売（株） カーセブン佐賀新栄店
1488,299.9,6,1,0,1,0,1,真珠Ｍ,大阪府,リバティ 松原天美店
1489,173.8,44000,8,0,1,0,1,白真珠,埼玉県,ガリバー 新狭山店
1490,359.9,30,1,0,1,1,1,薄茶,大阪府,リバティ 貝塚店
1491,177.1,33000,8,0,1,0,1,赤ＭII,愛知県,ＮＴＰ名古屋トヨペット（株） 一宮住吉店
1492,169.8,51000,9,0,1,0,1,白真珠,北海道,ガリバー 札幌手稲店
1493,269.9,14000,4,0,1,1,1,灰,埼玉県,ネクステージ 草加店
1494,299.9,34,1,0,1,0,1,黒,大阪府,リバティ 松原天美店
1495,391.9,9,1,0,1,1,1,薄茶,大阪府,Ｍ’ｚ　ＳＰＥＥＤ／エムズスピード
1496,334.8,8000,1,0,1,1,1,白真珠,新潟県,ガリバー 新潟店
1497,216.3,46000,5,0,1,0,1,茶真珠,福岡県,ＷＥＣＡＲＳ（ウィーカーズ） 春日店
1498,342.6,33000,3,0,1,1,1,真珠,山形県,ＷＥＣＡＲＳ（ウィーカーズ） 山形店
1499,280.3,34000,4,0,1,0,1,緑灰,千葉県,Ｙ’ｓ　Ｄｅａｌｅｒ　Ｐｒｅｍｉｕｍ（株）サトウオート
1500,294.9,12000,1,0,1,0,1,黒,愛知県,ネクステージ 一宮インター店
1501,199.8,50000,8,0,1,0,1,白真珠,青森県,スーパーアップル青森店
1502,202.9,41000,8,0,1,0,1,黒,静岡県,ネクステージ 浜松志都呂店
1503,172.9,75000,8,0,1,1,1,黒Ｍ,京都府,ＷＥＣＡＲＳ（ウィーカーズ） 京都伏見店
1504,339.8,16000,3,0,1,1,1,白真珠,北海道,ガリバー 札幌藻岩店
1505,224.8,24000,5,0,1,0,1,薄茶,埼玉県,ガリバーＷＯＷ！ＴＯＷＮ 大宮
1506,177.9,76000,7,0,1,1,1,真珠白,滋賀県,ネクステージ 彦根店
1507,285.7,51000,4,0,1,1,1,真珠Ｍ,大阪府,トヨタカローラ南海（株） 藤井寺プラザ
1508,149.8,27000,10,0,1,0,1,白真珠,広島県,ガリバー 広島吉島店
1509,99.8,90000,9,0,1,0,1,黒Ｍ,埼玉県,ガリバー 新狭山店
1510,272.9,35000,4,0,1,0,1,真珠白,岐阜県,ネクステージ 岐阜２１号バイパス店
1511,264.1,36000,4,0,1,1,1,薄灰青,埼玉県,ａｔＬａｓｔ
1512,224,17000,5,0,1,0,1,黒Ｍ,愛知県,ＮＴＰ名古屋トヨペット（株） 港店
1513,314.9,560,1,0,1,0,1,灰,愛知県,ネクステージ 刈谷店
1514,187.2,42000,8,0,1,1,1,薄茶茶,静岡県,愛車をグッとお手頃に。ＣＡＲ　ＯＮ（カーオン）
1515,155.2,76000,9,0,1,1,1,黒Ｍ,栃木県,トヨタカローラ栃木 中古車　つるた
1516,359.9,43,1,0,1,1,1,薄緑,大阪府,リバティ 貝塚店
1517,168.3,37000,10,0,1,1,1,青Ｍ,北海道,旭川トヨペット（株） 神居店
1518,182.4,66000,6,0,1,0,0,銀,群馬県,ＷＥＣＡＲＳ（ウィーカーズ） 前橋店
1519,342.9,3000,1,0,1,1,1,赤Ｍ,愛知県,ネクステージ 豊川店
1520,396.9,15,1,0,1,1,1,真珠白,千葉県,ＳＵＶ　ＬＡＮＤ 千葉
1521,347.4,5000,2,0,1,1,1,薄緑,福井県,ガリバーアウトレット ２７号敦賀店
1522,233.8,51000,6,0,1,1,1,白真珠,沖縄県,グッドスピード ＭＥＧＡ　ＳＵＶ南風原店
1523,162,28000,9,0,1,0,1,白真珠,大阪府,トヨタモビリティ新大阪（株） Ｕ－Ｃａｒ南高槻店
1524,116.6,91000,9,0,1,0,1,黒Ｍ,香川県,ＷＥＣＡＲＳ（ウィーカーズ） 高松店
1525,159.9,51000,10,0,1,0,1,黒,大阪府,ネクステージ 摂津店
1526,211.8,59000,8,0,1,0,1,茶真珠,岩手県,ガリバー 一関店
1527,219.8,26000,6,0,1,0,1,薄茶,長野県,ガリバー 南松本店
1528,97.5,107000,10,0,1,0,1,黒Ｍ,栃木県,トヨタカローラ栃木 中古車　つるた
1529,319.9,11000,1,0,1,1,1,真珠白,石川県,ＳＵＶ　ＬＡＮＤ 金沢
1530,295,30000,4,0,1,1,1,薄茶,滋賀県,ガリバー ８号長浜店
1531,142.9,106000,7,0,1,0,1,黒,千葉県,ＳＵＶ　ＬＡＮＤ 船橋習志野
1532,186.4,72000,7,0,1,1,1,緑Ｍ,茨城県,茨城トヨペット株式会社 Ｕ－Ｃａｒセンター土浦高津店
1533,208.8,51000,5,0,1,0,1,黒Ｍ,埼玉県,ガリバー 吉川美南店
1534,183.8,20000,9,0,1,0,1,白真珠,埼玉県,ガリバー 吉川美南店
1535,165.8,58000,9,0,1,0,1,白真珠,奈良県,ミニバン・ＳＵＶ・コンパクト専門店　フロンティアモータース　橿原店
1536,291.1,7000,3,0,1,0,1,白真珠,埼玉県,トヨタカローラ埼玉 上尾本店
1537,159.7,13000,10,0,1,0,1,白真珠,愛知県,ガリバー 一宮店
1538,249.9,24000,5,0,1,1,1,真珠白,宮崎県,ネクステージ 延岡店
1539,159.9,30000,9,0,1,0,1,黒Ｍ,大阪府,リバティ 貝塚店
1540,232.9,27000,5,0,1,0,1,真珠白,滋賀県,ネクステージ 彦根店
1541,137.9,42000,10,0,1,0,1,白真珠,兵庫県,リバティ 神戸店
1542,207.3,79000,5,0,1,1,1,黒Ｍ,茨城県,茨城トヨペット株式会社 Ｕ－Ｃａｒセンター土浦高津店
1543,302.9,23000,3,0,1,1,1,薄緑,神奈川県,ＷＥＣＡＲＳ（ウィーカーズ） 厚木店
1544,342.8,6000,1,0,1,1,1,真珠Ｍ,埼玉県,ガリバー 吉川美南店
1545,169.9,57000,9,0,1,0,1,真珠白,愛媛県,ネクステージ 松山中央店
1546,175.9,60000,9,0,1,1,1,茶Ｍ,和歌山県,ネクステージ 和歌山店
1547,179.4,45000,8,0,1,0,1,白真珠,兵庫県,ＪＡ　ＣＡＲ　マルシェ　ＪＵ適正販売店
1548,209.8,53000,7,0,1,1,1,白真珠,栃木県,ガリバー 小山店
1549,184.5,15000,8,0,0,0,1,銀Ｍ,千葉県,アップル柏中央店
1550,264.7,35000,3,0,1,0,1,黒,愛知県,ＷＥＣＡＲＳ（ウィーカーズ） 名古屋北店
1551,123,63000,11,0,1,0,1,茶,大阪府,カーチス枚方
1552,162.7,26000,7,1,1,0,1,真珠,愛知県,アツミモータース 田原店
1553,279.8,74000,4,0,1,1,1,白真珠,鹿児島県,ガリバーアウトレット 薩摩川内店
1554,213.9,43000,6,0,1,1,1,真珠Ｍ,愛知県,トヨタカローラ愛知（株） 三河安城マイカーセンター
1555,274.7,11000,3,0,1,0,1,真珠,京都府,ＷＥＣＡＲＳ（ウィーカーズ） 木津川店
1556,329.9,13000,3,0,1,1,1,緑,長野県,ネクステージ 松本店
1557,313.8,32000,3,0,1,1,1,薄茶,茨城県,茨城トヨペット株式会社 Ｕ－Ｃａｒセンター土浦高津店
1558,289.3,14000,3,0,1,0,0,黒,岡山県,ＷＥＣＡＲＳ（ウィーカーズ） 岡山南店
1559,169.8,56000,9,0,1,1,1,白真珠,茨城県,ガリバー つくば研究学園店
1560,234.9,31000,7,0,1,1,1,黒,愛媛県,ネクステージ 松山中央店
1561,188,40000,8,0,1,0,0,真珠,愛知県,ＷＥＣＡＲＳ（ウィーカーズ） 名古屋鳴海店
1562,205.8,55000,7,0,1,1,1,白真珠,埼玉県,ガリバー 吉川美南店
1563,339.9,7,1,0,1,1,1,薄茶,奈良県,リバティ イオンモール橿原Ｗｅｓｔ　Ｖｉｌｌａｇｅ店
1564,144.9,66000,11,0,1,0,1,黒,長野県,ネクステージ 松本店
1565,348.8,25000,3,0,1,1,1,白真珠,青森県,スーパーアップル青森店
1566,339.9,8,1,0,1,1,1,黒,兵庫県,リバティ 尼崎店
1567,129.9,70000,9,0,1,0,1,白真珠,愛知県,ガリバー １号知立店
1568,191.7,72000,7,0,1,1,1,黒Ｍ,石川県,ＷＥＣＡＲＳ（ウィーカーズ） 野々市店
1569,261.8,62000,3,0,1,1,1,真珠Ｍ,埼玉県,埼玉トヨペット 南越谷支店
1570,293.7,37000,3,0,1,1,1,薄茶,埼玉県,埼玉トヨペット ふじみ野支店
1571,164.9,60000,10,0,1,1,1,真珠白,大阪府,ネクステージ 寝屋川店
1572,222.9,25000,5,0,1,0,1,薄茶II,大阪府,ＷＥＣＡＲＳ（ウィーカーズ） 堺鉄砲町店
1573,347.9,12000,3,0,1,1,1,黒,鹿児島県,ＳＵＶ　ＬＡＮＤ 鹿児島
1574,344.9,22000,3,0,1,1,1,薄茶,新潟県,ネクステージ 新潟南店
1575,182.6,52000,8,0,1,0,1,真珠,京都府,ＷＥＣＡＲＳ（ウィーカーズ） 木津川店
1576,199.8,38000,8,0,1,1,1,白真珠,千葉県,ＨＵＮＴ 木更津
1577,339.9,6,1,0,1,1,1,薄緑,奈良県,リバティ イオンモール橿原Ｗｅｓｔ　Ｖｉｌｌａｇｅ店
1578,339.9,6,1,0,1,1,1,黒,奈良県,リバティ イオンモール橿原Ｗｅｓｔ　Ｖｉｌｌａｇｅ店
1579,237.9,27000,5,0,1,0,1,薄茶,千葉県,ＳＵＶ　ＬＡＮＤ 船橋習志野
1580,309.9,6,1,0,1,0,1,真珠Ｍ,大阪府,リバティ 八尾店
1581,182.9,44000,8,0,1,0,1,薄茶茶,大阪府,カーチス南港
1582,211.4,50000,5,0,1,0,1,薄茶,広島県,ＷＥＣＡＲＳ（ウィーカーズ） 広島西店
1583,309.8,32000,4,0,1,1,1,黒,福岡県,ガリバー 飯塚店
1584,149.7,64000,10,0,1,1,1,黒Ｍ,愛知県,ガリバー 一宮店
1585,372.6,810,1,0,1,1,1,真珠白,滋賀県,ネクステージ 草津店
1586,267.9,30000,4,0,1,0,1,薄緑,群馬県,ＷＥＣＡＲＳ（ウィーカーズ） 高崎店
1587,245.3,27000,5,0,1,1,1,真珠Ｍ,愛知県,ネッツトヨタ中部（株） Ｕ－Ｃａｒ米野木
1588,395.9,25,1,0,1,1,1,真珠白,千葉県,ＳＵＶ　ＬＡＮＤ 千葉
1589,116.8,96000,9,0,1,0,1,黒Ｍ,福岡県,ＷＥＣＡＲＳ（ウィーカーズ） 博多二又瀬店
1590,262.5,11000,4,0,1,0,1,薄緑,兵庫県,ＷＥＣＡＲＳ（ウィーカーズ） 加古川店
1591,212.9,23000,8,0,1,0,1,黒Ｍ,岐阜県,ネクステージ 岐阜東バイパス店
1592,149.9,59000,10,0,1,1,1,真珠白,埼玉県,ネクステージ 新座店
1593,326.9,19000,2,0,1,1,1,薄緑,福岡県,ＷＥＣＡＲＳ（ウィーカーズ） 古賀店
1594,326.9,14000,1,0,1,1,1,真珠Ｍ,福島県,ＷＥＣＡＲＳ（ウィーカーズ） 郡山店
1595,171.7,70000,9,0,1,0,1,黒Ｍ,宮城県,カーチスメガ仙台
1596,212,31000,5,0,1,0,1,深銀Ｍ,埼玉県,埼玉トヨペット 武蔵藤沢支店
1597,326.2,25000,3,0,1,1,1,真珠,兵庫県,ＷＥＣＡＲＳ（ウィーカーズ） 神戸北店
1598,207.6,73000,5,0,1,0,1,深銀Ｍ,熊本県,ユナイテッドトヨタ熊本株式会社 ネッツスクエア本店
1599,332.5,9000,3,0,1,1,1,真珠,埼玉県,ＷＥＣＡＲＳ（ウィーカーズ） 上尾店
1600,132.8,119000,7,0,1,0,0,真珠II,愛知県,ＷＥＣＡＲＳ（ウィーカーズ） 春日井店
1601,79.9,87000,13,0,1,0,1,真珠白,北海道,ネクステージ 札幌厚別店
1602,207.9,13000,7,0,1,0,1,真珠,和歌山県,ＷＥＣＡＲＳ（ウィーカーズ） 岩出店
1603,255.9,19000,5,0,1,1,1,真珠白,栃木県,ネクステージ 那須塩原店
1604,359,9,0,0,1,1,1,緑緑,愛知県,（株）エムズオート　３号店
1605,390.9,9,0,0,1,1,1,薄緑,大阪府,Ｍ’ｚ　ＳＰＥＥＤ／エムズスピード　大阪箕面店
1606,167.9,30000,10,0,1,0,1,黒Ｍ,愛知県,ネクステージ 日進駅前店
1607,187.9,28000,10,0,1,1,1,真珠白,神奈川県,ネクステージ 厚木店
1608,225.8,34000,6,0,1,1,1,白真珠,愛知県,グッドスピード 小牧ミニバン専門店
1609,141.5,103000,7,0,1,0,1,白真珠,佐賀県,佐賀トヨペット 鹿島店
1610,309.9,8,1,0,1,0,1,薄茶,奈良県,リバティ 西大和店
1611,309.9,19,1,0,1,0,1,黒,奈良県,リバティ 西大和店
1612,253.5,10000,6,0,1,1,1,白真珠,埼玉県,ガリバー 羽生店
1613,149.8,13000,10,0,1,0,1,緑Ｍ,大阪府,株式会社トラストガレージ
1614,223.7,70000,6,0,1,1,1,茶真珠,大分県,ガリバー 大分店
1615,317.7,21000,3,0,1,1,1,真珠,香川県,ＷＥＣＡＲＳ（ウィーカーズ） 宇多津店
1616,135.4,56000,10,0,1,0,1,黒Ｍ,埼玉県,埼玉トヨペット Ｕ－ｃａｒランド一平　川越店
1617,395.9,10,1,0,1,1,1,真珠白,千葉県,ＳＵＶ　ＬＡＮＤ 船橋習志野
1618,169.8,34000,9,0,1,0,1,白真珠,愛知県,ガリバー 岡崎店
1619,156.6,48000,9,0,1,0,1,黒Ｍ,愛知県,ＮＴＰ名古屋トヨペット（株） オレンジタウン２４８店
1620,218.1,52000,7,0,1,1,1,真珠,茨城県,ＷＥＣＡＲＳ（ウィーカーズ） 水戸店
1621,359.9,40,1,0,1,1,1,薄茶,茨城県,ネクステージ 水戸南店
1622,203.8,36000,7,0,1,0,1,黒Ｍ,三重県,（株）ホンダ四輪販売三重北 ヴァーサス四日市日永店
1623,116.1,75000,10,0,1,0,1,黒Ｍ,愛知県,トヨタカローラ愛知（株） 一宮マイカーセンター
1624,331.7,6000,3,0,1,1,1,黒,大阪府,ＷＥＣＡＲＳ（ウィーカーズ） 二色の浜店
1625,363.6,10,0,0,1,1,1,真珠Ｍ,兵庫県,ＷＥＣＡＲＳ（ウィーカーズ） 加古川店
1626,225,24000,6,0,1,0,1,青灰,愛知県,ＮＴＰ名古屋トヨペット（株） 三河安城店
1627,349.9,20000,2,0,1,1,1,真珠Ｍ,埼玉県,株式会社ｗｉｔｈ　ｌｅａｐｓ【ＪＵ適正販売店】
1628,206.8,34000,6,0,1,0,1,真珠Ｍ,愛知県,ＮＴＰ名古屋トヨペット（株） Ｕ－Ｃａｒプラザ１００　一宮インター店
1629,189.6,44000,7,0,1,0,1,真珠Ｍ,大阪府,トヨタカローラ南海（株） 諏訪森プラザ
1630,179.4,73000,5,0,1,0,1,黒Ｍ,愛知県,トヨタカローラ愛知（株） 碧南マイカーセンター
1631,149.9,54000,9,0,1,0,1,黒,兵庫県,リバティ 神戸店
1632,169.8,12000,10,0,1,1,1,真珠,千葉県,ガリバー 千葉ニュータウン店
1633,349.9,7000,1,0,1,1,1,黒,静岡県,ガリバー 磐田店
1634,169.9,26000,9,0,1,0,1,黒Ｍ,香川県,ネクステージ 丸亀店
1635,332.5,9000,1,0,1,1,1,灰II,岡山県,ＷＥＣＡＲＳ（ウィーカーズ） 倉敷水島店
1636,164.8,57000,11,0,1,1,1,白真珠,大阪府,カーチス南港
1637,202.9,47000,9,0,1,1,1,黒,岐阜県,ネクステージ 岐阜東バイパス店
1638,185.4,80000,8,0,1,1,1,黒Ｍ,広島県,広島トヨペット 呉店
1639,197.8,39000,8,0,1,0,1,真珠,京都府,ＷＥＣＡＲＳ（ウィーカーズ） 京都伏見店
1640,326.9,5,1,0,1,1,1,真珠Ｍ,大阪府,リバティ 松原天美店
1641,242.9,45000,6,0,1,1,1,真珠白,佐賀県,ネクステージ 南佐賀店
1642,204.9,28000,10,0,1,1,1,真珠白,長崎県,ネクステージ 長崎店
1643,340.9,20,1,0,1,1,1,薄茶,福岡県,ケイカフェ やはた店
1644,139.9,34000,9,1,1,0,1,白真珠,大阪府,ＣＯＺＹ　ＳＰＡＣＥ　ＣＡＲ
1645,148,77000,10,0,1,0,1,銀,滋賀県,ＷＥＣＡＲＳ（ウィーカーズ） 草津店
1646,313.9,6,0,0,1,1,1,薄茶,熊本県,リバティ ドリーム熊本インター店
1647,323.7,12000,3,0,1,1,1,緑,茨城県,茨城トヨペット株式会社 Ｕ－Ｃａｒセンター土浦高津店
1648,329.8,11000,3,0,1,1,1,白真珠,兵庫県,福祉車両専門店　カーブティッククラブ 昆陽店
1649,224.8,34000,7,0,1,1,1,茶黒II,宮城県,ガリバー 南仙台店
1650,202.8,7000,8,0,1,0,1,銀,埼玉県,ＷＥＣＡＲＳ（ウィーカーズ） 熊谷店
1651,230.8,24000,7,0,1,1,1,白真珠,沖縄県,グッドスピード ＭＥＧＡ　ＳＵＶ南風原店
1652,197.8,24000,7,0,1,0,0,薄茶II,千葉県,ＷＥＣＡＲＳ（ウィーカーズ） 酒々井店
1653,182.8,77000,8,0,1,1,1,真珠,和歌山県,ＷＥＣＡＲＳ（ウィーカーズ） 和歌山店
1654,149.9,50000,10,0,1,0,1,白真珠,兵庫県,リバティ 神戸店
1655,256.9,22000,6,0,1,0,1,茶黒,北海道,ＶＥＲＮＯ　ＣＡＲＬＡ札幌北広島店 （ベルノカーラ札幌北広島店）
1656,179.5,27000,11,0,1,1,1,白真珠,神奈川県,ガリバー 平塚店
1657,179.9,12000,9,0,1,0,1,真珠白,千葉県,ネクステージ 幕張店
1658,159.9,86000,10,0,1,0,1,真珠白,北海道,ネクステージ 函館北斗店
1659,287.5,9000,4,0,1,0,1,真珠,大阪府,ＷＥＣＡＲＳ（ウィーカーズ） 高槻店
1660,227.9,17000,7,0,1,0,1,真珠白,茨城県,ネクステージ 水戸南店
1661,234.9,7000,7,0,1,0,1,黒,静岡県,ネクステージ 東静岡店
1662,189.8,26000,9,0,1,0,1,黒Ｍ,島根県,ガリバー 出雲店
1663,240.6,31000,6,0,1,0,1,黒Ｍ,北海道,ＶＥＲＮＯ　ＣＡＲＬＡ札幌北広島店 （ベルノカーラ札幌北広島店）
1664,159.8,43000,9,0,1,0,1,白真珠,千葉県,ガリバーＷＯＷ！ＴＯＷＮ 幕張
1665,213.8,40000,7,0,1,1,1,黒,愛知県,グッドスピード 小牧ミニバン専門店
1666,212.9,12000,8,0,1,0,1,黒,山梨県,ネクステージ 甲府昭和インター店
1667,189.9,47000,9,0,1,1,1,黒Ｍ,鳥取県,ネクステージ 米子店
1668,198.9,38000,9,0,1,0,1,黒Ｍ,北海道,ネクステージ 札幌苗穂店
1669,244.9,40000,7,0,1,1,1,黒,大阪府,ＳＵＶ　ＬＡＮＤ 堺
1670,199.9,22000,11,0,1,1,1,真珠白,栃木県,ネクステージ 那須塩原店
1671,219.8,66000,5,0,1,0,1,白真珠,千葉県,ＨＵＮＴ 木更津
1672,171.2,31000,10,0,1,0,1,白真珠,岡山県,シティライト ジャック店
1673,132.7,89000,11,0,1,0,1,青Ｍ,愛知県,愛知トヨタ キャラット尾張旭店
1674,254.8,29000,5,0,1,1,1,薄茶,埼玉県,ホクエツ自動車販売 越谷店
1675,206.2,75000,5,0,1,0,1,黒Ｍ,広島県,ＷＥＣＡＲＳ（ウィーカーズ） 広島南店
1676,147.4,103000,9,0,1,1,1,真珠Ｍ,宮崎県,宮崎トヨタ自動車 ネッツ宮崎　花ヶ島マイカーセンター
1677,197.8,21000,10,0,1,1,1,真珠白,神奈川県,ネクステージ 相模原店
1678,201.8,33000,9,0,1,1,1,白真珠,埼玉県,Ｊネットカーズ　越谷レイクタウン店
1679,227,38000,8,0,1,1,1,黒Ｍ,兵庫県,ＷＥＣＡＲＳ（ウィーカーズ） 神戸垂水店
1680,197.7,45000,9,0,1,1,1,茶,埼玉県,ホクエツ自動車販売 川口本社
1681,231.9,18000,7,0,1,1,1,茶黒II,茨城県,ニチエイ・カーマックス 取手店
1682,232.7,46000,7,0,1,1,1,黒Ｍ,愛媛県,ＷＥＣＡＲＳ（ウィーカーズ） 西条店
1683,165.7,99000,6,0,1,0,1,黒Ｍ,岐阜県,トヨタカローラネッツ岐阜（株） Ｕ－Ｃａｒ大垣北店
1684,157.6,20000,11,0,1,0,1,青Ｍ,埼玉県,トヨタカローラ埼玉 羽生ＢＡＳＥ
1685,156.9,33000,11,0,1,0,1,真珠,埼玉県,ＷＥＣＡＲＳ（ウィーカーズ） 上尾店
1686,103.4,105000,10,0,1,0,1,白真珠,埼玉県,トヨタカローラ埼玉 上尾本店
1687,148.2,45000,11,0,1,0,1,白真珠,埼玉県,埼玉トヨペット 鶴ヶ島支店
1688,182.8,53000,9,0,1,1,1,真珠,京都府,ＷＥＣＡＲＳ（ウィーカーズ） 京都伏見店
1689,198,78000,7,0,1,1,1,真珠,福岡県,ＷＥＣＡＲＳ（ウィーカーズ） 八幡店
1690,237.3,23000,6,0,1,0,1,真珠Ｍ,高知県,高知トヨタ自動車 一文橋ステーション
1691,179.9,53000,10,0,1,1,1,青Ｍ,兵庫県,リバティ 神戸店
1692,186.7,27000,10,0,1,0,1,真珠Ｍ,和歌山県,和歌山トヨタ自動車（株） 岩出店
1693,186.9,14000,9,0,1,0,1,真珠白,千葉県,ＳＵＶ　ＬＡＮＤ 船橋習志野
1694,179.6,17000,10,0,1,0,1,真珠白,栃木県,ネクステージ 宇都宮店
1695,177.8,45000,9,0,1,0,1,真珠,兵庫県,ＷＥＣＡＲＳ（ウィーカーズ） 神戸垂水店
1696,236.2,58000,7,0,1,0,1,青Ｍ,岩手県,岩手三菱自動車（株） ダイヤモンドカーズ　盛岡津志田店
1697,242.8,25000,8,0,1,1,1,真珠,長崎県,ＷＥＣＡＲＳ（ウィーカーズ） 佐世保店
1698,165,66000,11,0,1,1,1,白真珠,愛知県,トヨタモビリティ中京株式会社 春日井センター
1699,440.1,8000,2,0,1,1,1,青,北海道,北北海道三菱自動車販売株式会社 旭川店
1700,175.6,19000,10,0,1,0,1,青Ｍ,和歌山県,和歌山トヨタ自動車（株） 岩出店
1701,189.5,54000,10,0,1,0,1,銀,岩手県,自社ローン専門店じしゃロン 盛岡店
1702,160.4,124000,8,0,1,0,1,黒Ｍ,栃木県,自社ローン専門店じしゃロン 宇都宮店
1703,185.9,97000,10,0,1,0,1,黒Ｍ,京都府,自社ローン専門店じしゃロン 伏見店
1704,187.1,99000,10,0,1,0,1,黒Ｍ,滋賀県,自社ローン専門店じしゃロン 草津店
1705,153.9,33000,5,0,1,0,1,赤Ｍ,群馬県,群馬トヨタ自動車（株） Ｕ－Ｐａｒｋ桐生バイパス店
1706,239.5,15000,2,0,1,1,1,赤灰Ｍ,神奈川県,ウエインズトヨタ神奈川 ＷＥＩＮＳ　Ｕ－Ｃａｒ　横須賀佐原インター
1707,138.1,48000,7,0,1,0,1,銀Ｍ,愛知県,愛知トヨタ 東刈谷店
1708,148.6,52000,8,0,1,1,1,黄,群馬県,群馬トヨタ自動車（株） Ｕ－Ｐａｒｋ高崎島野店
1709,127.6,72000,5,0,1,0,1,深銀Ｍ,鹿児島県,トヨタカローラ鹿児島 川内マイカーセンター
1710,269.5,18000,2,0,1,1,1,黒,神奈川県,ウエインズトヨタ神奈川 ＷＥＩＮＳ　Ｕ－Ｃａｒ　湘南台
1711,147.9,47000,7,0,1,0,1,茶真珠,広島県,広島トヨペット ＡＬＡＬいのくち
1712,96.9,78000,9,0,1,0,1,青Ｍ,新潟県,ａｕｔｏ　ｗｏｒｋｅｒ　ＩＳＨＩＤＡ
1713,234.5,16000,3,0,1,0,1,黒濃,神奈川県,ウエインズトヨタ神奈川 ビークルステーション横浜町田インター
1714,100.8,71000,9,0,1,0,1,黄,埼玉県,トヨタユーゼック カーロッツ入間
1715,259.5,6000,2,0,1,1,1,緑,神奈川県,ウエインズトヨタ神奈川 ＷＥＩＮＳ　Ｕ－Ｃａｒ　横浜狩場
1716,224.6,12000,3,0,1,0,1,黒,神奈川県,ウエインズトヨタ神奈川 ＷＥＩＮＳ　Ｕ－Ｃａｒ　横浜狩場
1717,109.8,94000,7,0,1,0,1,真珠Ｍ,岩手県,ネッツトヨタ盛岡（株） カーステージ月が丘
1718,130.1,77000,8,0,1,1,1,茶Ｍ,愛知県,愛知トヨタ 高畑マイカーセンター
1719,154.6,51000,6,0,1,0,1,銀Ｍ,鹿児島県,トヨタカローラ鹿児島 郡元マイカーセンター
1720,76.4,140000,9,0,1,1,1,青,岐阜県,ミニバン専門店　ファイントラスト可児店
1721,195.6,32000,5,0,1,1,1,真珠Ｍ,神奈川県,ウエインズトヨタ神奈川 ＷＥＩＮＳ　Ｕ－Ｃａｒ　平塚
1722,128.8,23000,5,1,1,0,1,黒Ｍ,愛知県,トヨタカローラ愛知（株） 楠マイカーセンター
1723,118.2,80000,9,0,1,1,1,黒Ｍ,愛知県,ＮＴＰ名古屋トヨペット（株） 三河安城店
1724,74.1,144000,9,0,1,1,1,黒,岐阜県,ミニバン専門店　ファイントラスト可児店
1725,265.7,38000,3,0,1,1,1,薄緑,大阪府,日産大阪販売（株） ＵＣＡＲＳ平野
1726,232.2,12000,3,0,1,0,1,緑,茨城県,茨城トヨペット株式会社 つくば西大橋店
1727,97,34000,8,1,1,0,1,赤Ｍ,愛知県,愛知トヨタ 城北店
1728,275,17000,2,0,1,1,1,緑,神奈川県,ウエインズトヨタ神奈川 ＷＥＩＮＳ　Ｕ－Ｃａｒ　溝ノ口
1729,290.5,8000,2,0,1,1,1,灰濃,福岡県,トヨタカローラ福岡 新宮店
1730,230.4,29000,4,0,1,0,1,真珠Ｍ,福岡県,ネッツトヨタ北九州 シャント飯塚店
1731,161.8,25000,6,0,1,0,1,灰,奈良県,（株）奈良マツダ 大宮通り店
1732,253.2,40000,3,0,1,1,1,薄茶,神奈川県,ウエインズトヨタ神奈川 ビークルステーションライフタウン藤沢
1733,274.9,5000,3,0,1,1,1,黒,神奈川県,ウエインズトヨタ神奈川 ビークルステーションライフタウン藤沢
1734,263,25000,2,0,1,1,1,緑,神奈川県,ウエインズトヨタ神奈川 ＷＥＩＮＳ　Ｕ－Ｃａｒ　平塚
1735,243.5,4000,3,0,1,0,1,黒,神奈川県,ウエインズトヨタ神奈川 ＷＥＩＮＳ　Ｕ－Ｃａｒ　根岸
1736,189.5,21000,4,0,1,0,1,深銀Ｍ,神奈川県,ウエインズトヨタ神奈川 ＷＥＩＮＳ　Ｕ－Ｃａｒ　港北大倉山
1737,109.2,49000,10,0,1,0,1,真珠Ｍ,福岡県,ネッツトヨタ北九州 シャント宗像店
1738,229.5,41000,3,0,1,1,1,黒,神奈川県,ウエインズトヨタ神奈川 Ｕ－ＢＡＳＥ西湘
1739,105,70000,11,0,1,1,1,真珠Ｍ,愛知県,ＮＴＰ名古屋トヨペット（株） 下市場中古車センター
1740,168.6,46000,7,0,1,1,1,銀Ｍ,神奈川県,ウエインズトヨタ神奈川 ビークルステーション渕野辺
1741,199.3,46000,4,0,1,1,1,黒Ｍ,福岡県,福岡トヨペット トヨタ認定中古車　小倉東店
1742,228.2,8000,3,0,1,0,1,薄茶,神奈川県,ウエインズトヨタ神奈川 ビークルステーション座間相武台
1743,257.8,16000,2,0,1,1,1,真珠Ｍ,神奈川県,ウエインズトヨタ神奈川 ビークルステーション座間相武台
1744,176.2,40000,5,0,1,0,1,薄茶,埼玉県,スズキ自販西埼玉 スズキアリーナ三芳鶴瀬
1745,295.4,10000,2,0,1,1,1,黒,神奈川県,ウエインズトヨタ神奈川 ＷＥＩＮＳ　Ｕ－Ｃａｒ　平塚
1746,241.3,22000,4,0,1,0,1,白真珠,福岡県,福岡トヨペット トヨタ認定中古車　福岡西店
1747,264.5,9000,3,0,1,1,1,黒,神奈川県,ウエインズトヨタ神奈川 ビークルステーション都筑中川
1748,92.1,58000,10,1,1,0,1,黄,愛知県,愛知トヨタ 島田マイカーセンター
1749,46.4,111000,14,0,1,0,1,赤茶Ｍ,愛知県,トヨタモビリティ東名古屋（株） キリンダム三好中央店
1750,248.5,24000,3,0,1,1,1,黒,神奈川県,ウエインズトヨタ神奈川 Ｕ－ＢＡＳＥ西湘
1751,234.5,49000,2,0,1,1,1,真珠白,神奈川県,ウエインズトヨタ神奈川 ＷＥＩＮＳ　Ｕ－Ｃａｒ　港南日野インター
1752,244.5,24000,3,0,1,1,1,白真珠,神奈川県,ウエインズトヨタ神奈川 ＷＥＩＮＳ　Ｕ－Ｃａｒ　横須賀佐原インター
1753,243.5,14000,4,0,1,0,1,黒,福岡県,トヨタカローラ福岡 新宮店
1754,244,14000,4,0,1,0,1,黒,福岡県,トヨタカローラ福岡 東那珂店
1755,105.8,72000,10,0,1,0,1,黒Ｍ,福岡県,福岡トヨペット トヨタ認定中古車　小倉東店
1756,95.1,85000,9,0,1,0,1,茶Ｍ,福岡県,トヨタカローラ福岡 麦野マイカーセンター
1757,129.9,42000,7,1,1,0,1,真珠Ｍ,愛知県,愛知トヨタ 高畑マイカーセンター
1758,121,81000,8,0,1,0,1,黄黒II,愛知県,ＮＴＰ名古屋トヨペット（株） 半田店
1759,126.9,36000,7,1,1,0,1,茶Ｍ,愛知県,愛知トヨタ 豊川マイカーセンター
1760,294.3,10000,2,0,1,1,1,灰濃,神奈川県,ウエインズトヨタ神奈川 ＷＥＩＮＳ　Ｕ－Ｃａｒ　橋本
1761,75.9,52000,11,1,1,0,1,青Ｍ,栃木県,トヨタカローラ栃木 小山犬塚店
1762,236.5,15000,2,0,1,0,1,青灰,神奈川県,ウエインズトヨタ神奈川 ビークルステーション都筑中川
1763,242,39000,3,0,1,0,1,黒,福岡県,ネッツトヨタ北九州 鞍手商品化センター
1764,100.1,53000,11,0,1,0,1,銀Ｍ,愛知県,愛知トヨタ 半田インター店
1765,188.8,36000,6,0,1,0,1,白真珠,静岡県,グッドスピード ＭＥＧＡ浜松店
1766,272.7,15000,3,0,1,1,1,青灰,神奈川県,ウエインズトヨタ神奈川 ＷＥＩＮＳ　Ｕ－Ｃａｒ　港北大倉山
1767,295,11000,2,0,1,1,1,薄灰青,神奈川県,ウエインズトヨタ神奈川 ビークルステーション座間相武台
1768,244.2,7000,2,0,1,0,1,黒,神奈川県,ウエインズトヨタ神奈川 Ｕ－ＢＡＳＥ湘南
1769,284.7,6000,3,0,1,1,1,黒,神奈川県,ウエインズトヨタ神奈川 ビークルステーション都筑中川
1770,129.2,41000,9,1,1,1,1,赤Ｍ,北海道,ＡＧＨトヨタ札幌（株） アンビシャス岩見沢
1771,164.2,73000,6,0,1,1,1,黄黒II,神奈川県,ウエインズトヨタ神奈川 ビークルステーション横浜町田インター
1772,333.8,16000,3,0,1,1,1,真珠白,兵庫県,兵庫日産自動車（株） 日産カーパレス明石
1773,284.4,14000,3,0,1,1,1,赤Ｍ,神奈川県,ウエインズトヨタ神奈川 Ｕ－ＢＡＳＥ西湘
1774,282.7,27000,3,0,1,1,1,緑,栃木県,ホンダカーズ栃木県央 佐野田島店（認定中古車取扱店）
1775,164.8,20000,7,0,1,0,1,銀Ｍ,神奈川県,ウエインズトヨタ神奈川 ビークルステーション瀬谷
1776,244.5,33000,3,0,1,1,1,黒,神奈川県,ウエインズトヨタ神奈川 ＷＥＩＮＳ　Ｕ－Ｃａｒ　湘南台
1777,279.5,4000,3,0,1,1,1,青灰,神奈川県,ウエインズトヨタ神奈川 ＷＥＩＮＳ　Ｕ－Ｃａｒ　横浜狩場
1778,264.6,55000,3,0,1,1,1,真珠Ｍ,福岡県,ネッツトヨタ北九州 シャント小倉南店
1779,176.6,55000,7,0,1,1,1,真珠Ｍ,群馬県,群馬トヨタ自動車（株） Ｕ－Ｐａｒｋ高崎島野店
1780,111.6,70000,9,0,1,0,1,真珠Ｍ,愛知県,ＮＴＰ名古屋トヨペット（株） 守山大森店
1781,184.8,27000,5,0,1,0,0,真珠白,神奈川県,ウエインズトヨタ神奈川 ビークルステーション横浜町田インター
1782,268.7,19000,3,0,1,1,1,薄緑,神奈川県,ウエインズトヨタ神奈川 ビークルステーション瀬谷
1783,227.2,81000,4,0,1,1,1,赤Ｍ,福岡県,ネッツトヨタ北九州 シャント飯塚店
1784,269.4,8000,2,0,1,1,1,真珠白,神奈川県,ウエインズトヨタ神奈川 ビークルステーション小田原
1785,209.9,9000,4,0,1,0,1,青灰,和歌山県,和歌山トヨペット（株） 岩出中島店
1786,141.1,55000,7,1,1,1,1,緑Ｍ,愛知県,愛知トヨタ 豊川マイカーセンター
1787,205,17000,4,0,1,0,1,薄茶,神奈川県,ウエインズトヨタ神奈川 ビークルステーション都筑中川
1788,254.5,49000,3,0,1,1,1,緑,神奈川県,ウエインズトヨタ神奈川 ＷＥＩＮＳ　Ｕ－Ｃａｒ　横浜狩場
1789,273.4,32000,4,0,1,1,1,黒,神奈川県,ウエインズトヨタ神奈川 Ｕ－ＢＡＳＥ湘南
1790,128.1,69000,9,0,1,0,1,茶Ｍ,福岡県,ネッツトヨタ北九州 シャント宗像店
1791,174.1,40000,7,0,1,0,1,黒Ｍ,福岡県,福岡トヨペット トヨタ認定中古車　八幡店
1792,289.1,13000,3,0,1,1,1,赤灰II,福岡県,福岡トヨペット トヨタ認定中古車　飯塚店
1793,273.7,25000,3,0,1,1,1,黒,神奈川県,ウエインズトヨタ神奈川 Ｕ－ＢＡＳＥ湘南
1794,158.1,38000,5,0,1,0,1,紺ＭＭ,愛知県,愛知トヨタ 東刈谷店
1795,155.7,55000,8,0,1,1,1,茶真珠,福岡県,福岡トヨペット トヨタ認定中古車　福岡西店
1796,243.3,17000,3,0,1,1,1,緑,神奈川県,ウエインズトヨタ神奈川 ビークルステーション小田原
1797,120.1,55000,7,1,1,0,1,薄茶,愛知県,愛知トヨタ 豊川マイカーセンター
1798,172.2,55000,5,0,1,0,1,赤Ｍ,愛知県,ＮＴＰ名古屋トヨペット（株） 小牧・岩崎店
1799,254.5,23000,3,0,1,1,1,深灰,神奈川県,ウエインズトヨタ神奈川 ビークルステーション座間相武台
1800,98.4,92000,10,0,1,0,1,白真珠,広島県,広島トヨペット ＡＬＡＬいのくち
1801,176.7,52000,6,0,1,0,1,真珠Ｍ,福岡県,ネッツトヨタ西日本 東合川Ｕ－Ｃａｒセンター
1802,232.8,81000,3,0,1,1,1,緑,福岡県,トヨタカローラ福岡 長尾店
1803,174.8,43000,6,0,1,0,1,赤黒II,東京都,トヨタユーゼック 葛西臨海店
1804,254.2,23000,3,0,1,1,1,白真珠,神奈川県,ウエインズトヨタ神奈川 ＷＥＩＮＳ　Ｕ－Ｃａｒ　港北大倉山
1805,242.4,43000,3,0,1,1,1,灰濃,福岡県,トヨタカローラ福岡 香椎駅前店
1806,256.5,1000,3,0,1,0,1,薄茶,神奈川県,ウエインズトヨタ神奈川 ＷＥＩＮＳ　Ｕ－Ｃａｒ　港北大倉山
1807,124.6,42000,9,0,1,0,1,真珠白,神奈川県,ウエインズトヨタ神奈川 ビークルステーションライフタウン藤沢
1808,273.9,22000,3,0,1,1,1,灰濃,神奈川県,ウエインズトヨタ神奈川 Ｕ－ＢＡＳＥ相模
1809,288.7,11000,3,0,1,1,1,白真珠,神奈川県,ウエインズトヨタ神奈川 Ｕ－ＢＡＳＥ湘南
1810,242.7,15000,4,0,1,0,1,黒,福岡県,トヨタカローラ福岡 原田駅前店
1811,173,65000,7,0,1,1,1,真珠II,愛知県,ＮＴＰ名古屋トヨペット（株） 下市場中古車センター
1812,279.2,7000,3,0,1,1,1,真珠Ｍ,神奈川県,ウエインズトヨタ神奈川 ＷＥＩＮＳ　Ｕ－Ｃａｒ　港北大倉山
1813,252.8,4000,3,0,1,0,1,青灰,神奈川県,ウエインズトヨタ神奈川 ＷＥＩＮＳ　Ｕ－Ｃａｒ　横浜狩場
1814,274.9,29000,3,0,1,1,1,薄茶,神奈川県,ウエインズトヨタ神奈川 ＷＥＩＮＳ　Ｕ－Ｃａｒ　溝ノ口
1815,281.8,9000,3,0,1,1,1,白真珠,神奈川県,ウエインズトヨタ神奈川 Ｕ－ＢＡＳＥ湘南
1816,263.5,37000,4,0,1,1,1,薄茶,神奈川県,ウエインズトヨタ神奈川 ＷＥＩＮＳ　Ｕ－Ｃａｒ　横浜狩場
1817,264.5,36000,4,0,1,1,1,緑,神奈川県,ウエインズトヨタ神奈川 ＷＥＩＮＳ　Ｕ－Ｃａｒ　横浜狩場
1818,182.7,29000,5,1,1,1,1,黒Ｍ,福岡県,トヨタカローラ福岡 北九州マイカーセンター
1819,198.7,14000,5,0,1,0,1,真珠Ｍ,岐阜県,トヨタカローラネッツ岐阜（株） Ｕ－Ｃａｒ中津川店
1820,278.7,21000,3,0,1,1,1,青灰,神奈川県,ウエインズトヨタ神奈川 ビークルステーション横浜町田インター
1821,274.5,21000,3,0,1,1,1,緑,神奈川県,ウエインズトヨタ神奈川 ＷＥＩＮＳ　Ｕ－Ｃａｒ　湘南台
1822,134.6,16000,9,0,1,0,1,黒Ｍ,神奈川県,ウエインズトヨタ神奈川 ＷＥＩＮＳ　Ｕ－Ｃａｒ　根岸
1823,234.5,42000,3,0,1,0,1,黒,神奈川県,ウエインズトヨタ神奈川 ＷＥＩＮＳ　Ｕ－Ｃａｒ　根岸
1824,175.1,33000,7,0,1,0,1,赤ＭII,愛知県,愛知トヨタ 小牧原店
1825,289.2,31000,3,0,1,1,1,真珠Ｍ,神奈川県,ウエインズトヨタ神奈川 ビークルステーション湘南六会
1826,242.6,39000,3,0,1,0,1,真珠Ｍ,埼玉県,埼玉トヨタ自動車 越谷マイカーセンター
1827,167.1,45000,5,1,1,1,1,薄茶II,神奈川県,ウエインズトヨタ神奈川 ビークルステーション横浜町田インター
1828,141.1,82000,7,0,1,1,1,茶黒II,福岡県,福岡トヨペット トヨタ認定中古車　飯塚店
1829,109.6,54000,11,0,0,0,1,白真珠,大阪府,大阪トヨタＳｏｕｔｈ（株） サンテラス松原
1830,310.9,7000,2,0,1,1,1,緑,兵庫県,兵庫日産自動車（株） 日産カーパレス神戸北
1831,263.7,11000,3,0,1,1,1,緑,神奈川県,ウエインズトヨタ神奈川 ビークルステーション渕野辺
1832,184.9,47000,6,0,1,1,1,黒Ｍ,石川県,石川トヨタ自動車（株） Ｕ－Ｃａｒ白山店
1833,238.8,39000,3,0,1,0,1,真珠Ｍ,神奈川県,ウエインズトヨタ神奈川 ビークルステーション湘南六会
1834,249.5,22000,3,0,1,0,1,白真珠,神奈川県,ウエインズトヨタ神奈川 Ｕ－ＢＡＳＥ西湘
1835,289.5,8000,2,0,1,1,1,真珠Ｍ,神奈川県,ウエインズトヨタ神奈川 ビークルステーションライフタウン藤沢
1836,153,22000,5,1,1,0,1,黒Ｍ,兵庫県,ネッツトヨタゾナ神戸（株） 尼崎店
1837,198.1,33000,5,0,1,0,1,赤ＭII,神奈川県,ウエインズトヨタ神奈川 ビークルステーション都筑中川
1838,215.7,33000,5,0,1,1,1,黒Ｍ,福岡県,トヨタカローラ福岡 東那珂店
1839,284.4,17000,4,0,1,1,1,薄茶,神奈川県,ウエインズトヨタ神奈川 Ｕ－ＢＡＳＥ相模
1840,57.2,105000,14,0,1,0,1,真珠Ｍ,愛知県,トヨタカローラ愛知（株） 三河安城マイカーセンター
1841,273.4,46000,4,0,1,1,1,緑,福岡県,ネッツトヨタ北九州 シャント小倉南店
1842,274.2,12000,3,0,1,1,1,黒,神奈川県,ウエインズトヨタ神奈川 ＷＥＩＮＳ　Ｕ－Ｃａｒ　湘南台
1843,97.2,76000,10,0,1,0,1,黒Ｍ,愛知県,ＮＴＰ名古屋トヨペット（株） 三河安城店
1844,273.5,34000,4,0,1,1,1,灰灰灰,神奈川県,ウエインズトヨタ神奈川 ＷＥＩＮＳ　ＰＡＲＫ　Ｕ－ＢＡＳＥ海老名
1845,274.5,38000,3,0,1,1,1,黒,神奈川県,ウエインズトヨタ神奈川 ＷＥＩＮＳ　Ｕ－Ｃａｒ　湘南台
1846,278.2,27000,3,0,1,1,1,青灰,神奈川県,ウエインズトヨタ神奈川 Ｕ－ＢＡＳＥ西湘
1847,279.5,30000,3,0,1,1,1,真珠Ｍ,神奈川県,ウエインズトヨタ神奈川 ＷＥＩＮＳ　Ｕ－Ｃａｒ　湘南台
1848,124.9,69000,10,0,1,1,1,赤ＭＭ,静岡県,トヨタユナイテッド静岡 南安倍中古車店
1849,216.8,24000,4,0,1,0,1,黒Ｍ,東京都,トヨタユーゼック 葛西臨海店
1850,283.2,10000,3,0,1,1,1,灰濃,神奈川県,ウエインズトヨタ神奈川 Ｕ－ＢＡＳＥ湘南
1851,259.5,18000,3,0,1,0,1,真珠Ｍ,神奈川県,ウエインズトヨタ神奈川 ビークルステーション都筑中川
1852,262.9,25000,3,0,1,0,1,薄緑,福岡県,福岡トヨペット トヨタ認定中古車　久留米インター店
1853,196.3,33000,5,0,1,0,1,薄茶,岐阜県,トヨタカローラネッツ岐阜（株） ネッツ美濃加茂店
1854,158.4,38000,8,0,1,0,1,濃紫,愛知県,愛知トヨタ 半田インター店
1855,208.6,40000,5,0,1,1,1,赤Ｍ,大阪府,大阪トヨタＳｏｕｔｈ（株） サンテラス和泉中央
1856,67.9,88000,13,0,1,0,1,薄銀銀,栃木県,ネクステージ 宇都宮店
1857,291.5,28000,2,0,1,1,1,真珠Ｍ,神奈川県,ウエインズトヨタ神奈川 ビークルステーション渕野辺
1858,178.1,14000,7,0,1,0,1,真珠II,神奈川県,ウエインズトヨタ神奈川 ビークルステーション横浜町田インター
1859,149.3,64000,8,0,1,0,1,真珠Ｍ,福岡県,ネッツトヨタ北九州 シャント小倉南店
1860,257.4,9000,3,0,1,0,1,灰濃,福岡県,トヨタカローラ福岡 原田駅前店
1861,284.6,15000,3,0,1,1,1,緑,神奈川県,ウエインズトヨタ神奈川 Ｕ－ＢＡＳＥ湘南
1862,284.8,36000,3,0,1,1,1,薄茶,神奈川県,ウエインズトヨタ神奈川 ＷＥＩＮＳ　Ｕ－Ｃａｒ　橋本
1863,171.4,37000,8,0,1,1,1,銀Ｍ,福岡県,トヨタカローラ福岡 みやま店
1864,265.5,47000,4,0,1,1,1,薄茶,岡山県,ネッツトヨタ岡山 Ｕステージ泉田
1865,120.1,54000,10,0,1,0,1,黒Ｍ,愛知県,ＮＴＰ名古屋トヨペット（株） オレンジタウン豊田土橋店
1866,287.3,32000,3,0,1,1,1,黒,大阪府,トヨタモビリティ新大阪（株） Ｕ－Ｃａｒ　Ｓｍａｒｔ　新大阪
1867,138.5,64000,11,0,1,1,1,黒Ｍ,埼玉県,埼玉トヨタ自動車 浦和マイカーセンター
1868,69.9,58000,14,0,1,0,1,黒,大阪府,ネクステージ 岸和田店
1869,138.2,84000,7,0,1,0,1,黒Ｍ,愛知県,ＮＴＰ名古屋トヨペット（株） 岡崎針崎店
1870,163.6,43000,7,0,1,0,1,茶Ｍ,福岡県,トヨタカローラ福岡 麦野マイカーセンター
1871,163.2,61000,7,1,1,1,1,真珠Ｍ,福岡県,トヨタカローラ福岡 北九州マイカーセンター
1872,288.5,23000,3,0,1,1,1,緑,群馬県,群馬トヨタ自動車（株） Ｕ－Ｐａｒｋオートモール渋川店
1873,263.8,17000,2,0,1,0,1,真珠Ｍ,神奈川県,ウエインズトヨタ神奈川 ビークルステーションライフタウン藤沢
1874,180.6,36000,7,0,1,0,1,黒Ｍ,福岡県,トヨタカローラ福岡 麦野マイカーセンター
1875,176.9,36000,7,0,1,1,1,赤Ｍ,群馬県,群馬トヨタ自動車（株） Ｕ－Ｐａｒｋ桐生バイパス店
1876,297.9,23000,2,0,1,1,1,緑,福岡県,ネッツトヨタ北九州 シャント八幡西店
1877,295.3,18000,2,0,1,1,1,緑,神奈川県,ウエインズトヨタ神奈川 ビークルステーション湘南六会
1878,240,38000,4,0,1,0,1,真珠Ｍ,群馬県,群馬トヨタ自動車（株） Ｕ－Ｐａｒｋ桐生バイパス店
1879,204.6,25000,5,0,1,0,1,真珠Ｍ,神奈川県,ウエインズトヨタ神奈川 Ｕ－ＢＡＳＥ西湘
1880,278,46000,3,0,1,1,1,薄緑,福岡県,福岡トヨペット トヨタ認定中古車　久留米インター店
1881,247.6,35000,4,0,1,0,1,白真珠,福岡県,福岡トヨペット トヨタ認定中古車　八幡店
1882,140.6,62000,10,0,1,1,1,青Ｍ,福岡県,トヨタカローラ福岡株式会社 太宰府店
1883,276.5,43000,4,0,1,1,1,薄緑,福岡県,福岡トヨペット トヨタ認定中古車　福岡西店
1884,126.2,141000,7,0,1,0,1,黄,岩手県,岩手三菱自動車（株） ダイヤモンドカーズ　盛岡津志田店
1885,208.1,25000,5,0,1,0,1,白真珠,神奈川県,ウエインズトヨタ神奈川 ビークルステーション座間相武台
1886,168.8,82000,8,0,1,1,1,黒Ｍ,岩手県,ネッツトヨタ盛岡（株） カーステージ月が丘
1887,293,16000,3,0,1,1,1,薄茶,福岡県,福岡トヨペット トヨタ認定中古車　福岡西店
1888,72.9,55000,15,0,1,0,1,真珠白,福岡県,ネクステージ 北九州店
1889,106.9,85000,10,0,1,0,1,赤ＭＭ,愛知県,ＮＴＰ名古屋トヨペット（株） 港店
1890,288.2,13000,3,0,1,1,1,白真珠,神奈川県,ウエインズトヨタ神奈川 Ｕ－ＢＡＳＥ湘南
1891,244.5,19000,4,0,1,0,1,黒,群馬県,群馬トヨタ自動車（株） Ｕ－Ｐａｒｋ伊勢崎つなとり店
1892,259.5,10000,3,0,1,0,1,緑灰黒,神奈川県,ウエインズトヨタ神奈川 ビークルステーション横浜町田インター
1893,64.8,24000,15,0,1,0,1,赤茶Ｍ,千葉県,ＥＬ－Ｒｅｃａｒｓ　エル・レカーズ
1894,284.5,16000,3,0,1,1,1,真珠Ｍ,神奈川県,ウエインズトヨタ神奈川 ＷＥＩＮＳ　Ｕ－Ｃａｒ　厚木水引
1895,82.1,80000,10,1,1,0,1,黒Ｍ,大阪府,トヨタモビリティ新大阪（株） Ｕ－Ｃａｒ東豊中店
1896,163.6,39000,9,0,1,1,1,黄,大阪府,大阪トヨタＳｏｕｔｈ（株） サンテラス和泉中央
1897,144.9,45000,7,1,1,0,1,真珠II,愛知県,愛知トヨタ 島田マイカーセンター
1898,200.5,30000,4,1,1,1,1,赤Ｍ,福岡県,トヨタカローラ福岡 新宮店
1899,274.3,39000,4,0,1,1,1,赤Ｍ,神奈川県,ウエインズトヨタ神奈川 ＷＥＩＮＳ　Ｕ－Ｃａｒ　根岸
1900,282.8,49000,3,0,1,1,1,真珠Ｍ,福岡県,トヨタカローラ福岡 井尻店
1901,204.6,25000,5,0,1,1,1,真珠白,神奈川県,ウエインズトヨタ神奈川 ＷＥＩＮＳ　Ｕ－Ｃａｒ　溝ノ口
1902,226.5,78000,4,0,1,1,1,緑,神奈川県,ウエインズトヨタ神奈川 ビークルステーション座間相武台
1903,262.4,27000,3,0,1,0,1,緑,福岡県,トヨタカローラ福岡 八女インター店
1904,187.1,25000,8,0,1,1,1,真珠Ｍ,神奈川県,ウエインズトヨタ神奈川 ＷＥＩＮＳ　Ｕ－Ｃａｒ　相模原
1905,282,36000,3,0,1,1,1,薄緑,福岡県,福岡トヨペット トヨタ認定中古車　福岡インター店
1906,296.2,24000,3,0,1,1,1,黒,福岡県,ネッツトヨタ北九州 シャント小倉南店
1907,294.5,16000,2,0,1,1,1,黒,神奈川県,ウエインズトヨタ神奈川 ビークルステーション湘南六会
1908,265.8,25000,3,0,1,0,1,黒,福岡県,福岡トヨペット トヨタ認定中古車　小倉東店
1909,296.3,24000,3,0,1,1,1,黒,埼玉県,ネッツトヨタ埼玉 春日部マイカーセンター
1910,278.4,24000,4,0,1,1,1,緑,神奈川県,ウエインズトヨタ神奈川 ビークルステーション都筑中川
1911,105.9,87000,10,0,1,0,1,真珠Ｍ,福岡県,ネッツトヨタ北九州 シャント宗像店
1912,263.9,42000,4,0,1,1,1,黒,静岡県,トヨタユナイテッド静岡 沼津みどりが丘店
1913,179.6,57000,6,0,1,0,1,黒Ｍ,神奈川県,ウエインズトヨタ神奈川 ＷＥＩＮＳ　Ｕ－Ｃａｒ　横浜狩場
1914,284.8,14000,3,0,1,1,1,真珠Ｍ,神奈川県,ウエインズトヨタ神奈川 ＷＥＩＮＳ　Ｕ－Ｃａｒ　溝ノ口
1915,295.6,28000,2,0,1,1,1,II,群馬県,群馬トヨタ自動車（株） Ｕ－Ｐａｒｋ高崎島野店
1916,258.4,37000,3,0,1,0,1,黒,福岡県,トヨタカローラ福岡 新宮店
1917,171.6,29000,6,1,1,0,1,白真珠,大阪府,大阪トヨタＳｏｕｔｈ（株） サンテラス松原
1918,175.9,52000,8,0,1,1,1,茶Ｍ,福岡県,トヨタカローラ福岡 北九州マイカーセンター
1919,286.5,22000,4,0,1,1,1,真珠Ｍ,埼玉県,ネッツトヨタ埼玉 春日部マイカーセンター
1920,302.1,19000,4,0,1,1,1,真珠Ｍ,茨城県,茨城トヨペット株式会社 笠松運動公園店
1921,264.5,53000,4,0,1,1,1,黒,神奈川県,ウエインズトヨタ神奈川 ビークルステーション都筑中川
1922,214.5,35000,7,0,1,1,1,黒Ｍ,神奈川県,ウエインズトヨタ神奈川 ＷＥＩＮＳ　Ｕ－Ｃａｒ　湘南台
1923,159.5,46000,9,0,1,1,1,青Ｍ,埼玉県,ネッツトヨタ埼玉 富士見マイカーセンター
1924,186.1,33000,6,0,1,0,1,赤Ｍ,愛知県,愛知トヨタ 半田インター店
1925,195.6,35000,5,0,1,0,1,黒,広島県,スズキ自販広島 スズキアリーナ広島西
1926,169.8,68000,6,0,1,0,1,黒,埼玉県,株式会社フレックス車太郎（シャタロウ）　ＪＵ適正販売店
1927,195.4,51000,4,0,1,0,1,真珠Ｍ,愛知県,ＮＴＰ名古屋トヨペット（株） 半田店
1928,150.9,85000,8,0,1,1,1,濃紫,岡山県,ネッツトヨタ岡山 Ｕステージ倉敷中島
1929,294.8,17000,4,0,1,1,1,黒,静岡県,グッドスピード ＭＥＧＡ浜松店
1930,289.5,15000,3,0,1,1,1,緑,神奈川県,ウエインズトヨタ神奈川 ＷＥＩＮＳ　Ｕ－Ｃａｒ　横須賀佐原インター
1931,130.1,76000,9,0,1,0,1,真珠Ｍ,愛知県,ＮＴＰ名古屋トヨペット（株） 岡崎針崎店
1932,311.3,13000,3,0,1,1,1,薄灰青,福岡県,福岡トヨペット トヨタ認定中古車　福岡西店
1933,121.7,54000,9,1,1,0,1,銀Ｍ,愛知県,ＮＴＰ名古屋トヨペット（株） カーロッツ三好店
1934,261.3,31000,3,0,1,0,1,緑,神奈川県,ウエインズトヨタ神奈川 ビークルステーション湘南六会
1935,226.7,27000,4,0,1,0,1,青,埼玉県,トヨタユーゼック カーロッツ入間
1936,171.6,20000,5,1,1,0,1,青灰,愛知県,ＮＴＰ名古屋トヨペット（株） 港店
1937,309.6,32000,3,0,1,1,1,真珠Ｍ,鹿児島県,トヨタカローラ鹿児島 Ｕ－ステーション鹿屋
1938,307.2,15000,3,0,1,1,1,緑,茨城県,茨城トヨペット株式会社 日立田尻店
1939,265.6,27000,4,0,1,0,1,緑,福岡県,ネッツトヨタ北九州 シャント宗像店
1940,164.2,80000,5,0,1,0,1,真珠Ｍ,福岡県,ネッツトヨタ北九州 シャント飯塚店
1941,278.8,30000,4,0,1,1,1,白真珠,三重県,グッドスピード 四日市　ＳＵＶ専門店
1942,184.8,37000,6,0,1,0,1,青Ｍ,神奈川県,ウエインズトヨタ神奈川 ＷＥＩＮＳ　Ｕ－Ｃａｒ　横須賀佐原インター
1943,221.2,50000,5,0,1,1,1,真珠Ｍ,埼玉県,埼玉トヨタ自動車 深谷マイカーセンター
1944,62.9,99000,13,0,1,0,1,薄銀Ｍ,大阪府,ネクステージ 摂津店
1945,269.6,40000,3,0,1,0,1,黒,神奈川県,ウエインズトヨタ神奈川 ＷＥＩＮＳ　Ｕ－Ｃａｒ　横須賀佐原インター
1946,54.9,101000,17,0,1,0,1,薄銀Ｍ,広島県,ネクステージ 福山神辺店
1947,267.9,55000,4,0,1,1,1,白真珠,埼玉県,ネッツトヨタ埼玉 北本マイカーセンター
1948,299,6000,1,0,1,0,1,黒,茨城県,茨城トヨペット 神栖知手店
1949,188.8,48000,8,0,1,1,1,茶Ｍ,岩手県,ネッツトヨタ盛岡（株） カーステージ月が丘
1950,273.7,48000,4,0,1,1,1,薄緑,神奈川県,ウエインズトヨタ神奈川 ビークルステーション瀬谷
1951,314.5,9000,2,0,1,1,1,緑,福岡県,ネッツトヨタ北九州 シャント宗像店
1952,151.1,33000,9,0,1,0,1,赤,愛知県,ホンダカーズ愛知 長久手店（認定中古車取扱店）
1953,319.5,7000,3,0,1,1,1,真珠Ｍ,福岡県,ネッツトヨタ北九州 シャント宗像店
1954,111.7,37000,10,1,1,0,1,黄,愛知県,ＮＴＰ名古屋トヨペット（株） Ｕ－Ｃａｒプラザ１００　一宮インター店
1955,187.1,38000,5,1,1,1,1,真珠Ｍ,愛知県,愛知トヨタ 半田インター店
1956,85.2,122000,10,0,1,0,1,白真珠,広島県,広島トヨペット ＡＬＡＬやぎ
1957,288.8,40000,3,0,1,1,1,薄緑,神奈川県,ウエインズトヨタ神奈川 ＷＥＩＮＳ　Ｕ－Ｃａｒ　平塚
1958,285.7,39000,3,0,1,1,1,黒,神奈川県,ウエインズトヨタ神奈川 ビークルステーション湘南六会
1959,185.7,77000,7,0,1,1,1,銀Ｍ,群馬県,群馬トヨタ自動車（株） Ｕ－Ｐａｒｋオートモール渋川店
1960,262.4,39000,3,0,1,0,1,黒,福岡県,トヨタカローラ福岡 井尻店
1961,145.3,75000,7,1,1,0,1,真珠白,岡山県,岡山トヨペット ＣＨＵ　ＢＡＳＥ　倉敷
1962,325.5,7000,2,0,1,1,1,真珠Ｍ,福岡県,ネッツトヨタ北九州 シャント小倉本店
1963,140,38000,9,0,1,0,1,青Ｍ,福岡県,トヨタカローラ福岡 本店
1964,139.8,56000,9,0,1,0,1,真珠Ｍ,神奈川県,ウエインズトヨタ神奈川 ビークルステーション湘南六会
1965,223.1,79000,4,0,1,0,1,真珠Ｍ,愛知県,ＮＴＰ名古屋トヨペット（株） オレンジタウン津島店
1966,125.7,76000,9,0,1,0,1,真珠Ｍ,福岡県,ネッツトヨタ北九州 シャント宗像店
1967,286,45000,4,0,1,1,1,黒,福岡県,福岡トヨペット トヨタ認定中古車　博多南店
1968,266.8,13000,2,0,1,0,1,真珠白,栃木県,栃木ダイハツ販売（株） インターパーク店
1969,217.2,7000,7,0,1,1,1,緑Ｍ,茨城県,茨城トヨペット株式会社 日立田尻店
1970,308.2,19000,3,0,1,1,1,真珠Ｍ,埼玉県,埼玉トヨタ自動車 秩父店
1971,175.2,79000,5,0,1,0,1,青灰,愛知県,ＮＴＰ名古屋トヨペット（株） 岡崎針崎店
1972,330.7,7000,1,0,1,1,1,緑,福岡県,福岡トヨペット トヨタ認定中古車　飯塚店
1973,260.7,35000,3,1,1,1,1,黒,大阪府,大阪トヨタＳｏｕｔｈ（株） サンテラス和泉中央
1974,306,38000,3,0,1,1,1,黒,埼玉県,埼玉トヨタ自動車 志木富士見店
1975,165.9,25000,9,0,1,0,1,黒Ｍ,兵庫県,ＵＲＢＡＮ　ＢＲＥＡＴＨ　ｉｎｃ． アーバンブレス伊丹店
1976,268.7,36000,4,0,1,0,1,薄緑,神奈川県,ウエインズトヨタ神奈川 ビークルステーション瀬谷
1977,297.8,7000,4,0,1,1,1,緑,三重県,グッドスピード 四日市　ＳＵＶ専門店
1978,241.8,12000,3,1,1,0,1,真珠Ｍ,愛知県,愛知トヨタ 島田マイカーセンター
1979,59.2,112000,13,0,1,0,1,銀ＭＭ,埼玉県,埼玉トヨタ自動車 川越マイカーセンター
1980,209.8,19000,6,0,1,0,1,薄茶,埼玉県,株式会社フレックス車太郎（シャタロウ）　ＪＵ適正販売店
1981,189.6,47000,6,0,1,0,1,真珠Ｍ,大阪府,大阪トヨタＳｏｕｔｈ（株） サンテラス和泉中央
1982,144.6,48000,11,0,1,0,1,白真珠,神奈川県,ウエインズトヨタ神奈川 ビークルステーション座間相武台
1983,127.4,43000,11,1,1,1,1,茶Ｍ,埼玉県,埼玉トヨペット Ｕ－ｃａｒランド一平　上尾店
1984,203.6,16000,7,0,1,0,1,真珠Ｍ,群馬県,群馬トヨタ自動車（株） Ｕ－Ｐａｒｋ太田竜舞店
1985,176,91000,4,0,1,0,1,薄灰青,福岡県,福岡トヨペット トヨタ認定中古車　飯塚店
1986,57.4,99000,16,0,1,0,1,銀Ｍ,岐阜県,ＷＥＣＡＲＳ（ウィーカーズ） 岐南店
1987,214.1,34000,6,0,1,0,1,深銀Ｍ,神奈川県,ウエインズトヨタ神奈川 ビークルステーション都筑中川
1988,248.2,22000,5,0,1,1,1,真珠Ｍ,群馬県,群馬トヨタ自動車（株） Ｕ－Ｐａｒｋ伊勢崎つなとり店
1989,199.2,54000,5,0,1,0,1,黒Ｍ,静岡県,トヨタユナイテッド静岡 富士青葉通り店
1990,207.7,21000,8,0,1,1,1,茶Ｍ,群馬県,群馬トヨタ自動車 Ｕ－Ｐａｒｋ前橋荒牧店
1991,147.8,103000,4,1,1,0,1,銀Ｍ,北海道,ＡＧＨトヨタ札幌（株） アンビシャス苗穂
1992,265,9000,3,1,1,0,1,薄茶,福岡県,ネッツトヨタ北九州 シャント八幡西店
1993,175.3,48000,7,1,1,1,1,真珠Ｍ,大阪府,トヨタモビリティ新大阪（株） カーロッツ新大阪店
1994,234.5,45000,6,0,1,1,1,黒Ｍ,神奈川県,ウエインズトヨタ神奈川 ビークルステーションライフタウン藤沢
1995,116.3,78000,10,1,1,0,1,真珠Ｍ,愛知県,トヨタカローラ愛知（株） 岡崎大樹寺マイカーセンター
1996,91.2,110000,9,1,1,0,1,白真珠,栃木県,トヨタカローラ栃木 中古車　かわだ
1997,400.1,5,1,0,1,1,1,薄茶,大阪府,オートリアル株式会社
1998,243.9,24000,6,0,1,0,1,薄茶,石川県,石川トヨタ自動車（株） Ｕ－Ｃａｒ白山店
1999,160.4,136000,9,0,1,1,1,銀,福島県,自社ローン専門店じしゃロン 福島店
2000,149,87000,3,0,0,1,1,灰深,新潟県,Ｇ－ＡＦＴＥＲ ＭＥＧＡ新潟店
2001,163.4,90000,3,0,1,1,1,薄緑,千葉県,ＣＡＲＩＮＣ 千葉畑町店
2002,169,89000,3,0,1,1,1,深灰,千葉県,ＣＡＲＩＮＣ 千葉北１６号店
2003,172,90000,3,0,1,1,1,深灰,千葉県,ＣＡＲＩＮＣ 千葉北１６号店
2004,175,80000,3,0,1,1,1,深灰,千葉県,ＣＡＲＩＮＣ 千葉北１６号店
2005,177,74000,3,0,1,1,1,黒,千葉県,ＣＡＲＩＮＣ 千葉北１６号店
2006,175,85000,3,0,1,1,1,深灰,千葉県,ＣＡＲＩＮＣ 千葉北１６号店
2007,148.6,81000,3,0,0,1,1,灰,千葉県,Ｇ－ＡＦＴＥＲ 成田店
2008,171.3,89000,3,0,1,1,1,深灰,千葉県,チャンス 船橋店
2009,183.8,88000,3,0,1,1,1,濃灰,栃木県,ガリバーアウトレット 西那須野店
2010,145.3,35000,4,0,0,1,1,黄,埼玉県,レイルソフトワークス三郷店　ＪＵ適正販売店
2011,164.8,28000,4,0,1,1,0,銀,神奈川県,ＣＡＲ　ＢＡＮＫ　ＲＩＧＨＴ
2012,112.1,38000,8,0,1,0,1,銀Ｍ,茨城県,チャンス 神栖２号店
2013,77,38000,11,0,1,0,1,黒Ｍ,東京都,パティオ東村山
2014,172,92000,3,0,1,1,1,深灰,千葉県,ＣＡＲＩＮＣ 千葉北１６号店
2015,85.7,50000,9,0,1,0,1,黄,茨城県,チャンス つくば店
2016,177.3,79000,3,0,1,1,1,深灰,栃木県,ＣＡＲＩＮＣ 宇都宮インターパーク店
2017,55.2,65000,12,0,0,0,1,赤,大阪府,トヨタモビリティ新大阪（株） アウトレット摂津店
2018,104.8,55000,7,1,1,1,0,銀,群馬県,ＣＡＲ　ＢＡＮＫ　ＲＩＧＨＴ　高崎フィールド店
2019,179.5,95000,3,0,1,1,1,白真珠,岩手県,（株）トーサイ　北上・金ヶ崎　光岡自動車販売特約店
2020,148.5,54000,4,0,1,1,1,紺Ｍ,千葉県,チャンス 船橋店
2021,172,95000,3,0,1,1,1,黒,千葉県,ＣＡＲＩＮＣ 四街道店
2022,89.9,82000,10,0,1,0,1,黒,鹿児島県,ＳＵＶ　ＬＡＮＤ 鹿児島
2023,176.1,70000,3,0,0,1,1,黒Ｍ,新潟県,Ｇ－ＡＦＴＥＲ ＭＥＧＡ新潟店
2024,92.3,78000,8,0,1,0,1,銀Ｍ,茨城県,チャンス つくば店
2025,149.9,70000,3,1,0,1,1,深灰,神奈川県,フェニックス 金沢八景センター
2026,189.6,15000,1,0,1,0,1,深灰,佐賀県,カーテンダー佐賀
2027,179.9,81000,3,0,1,1,1,深灰,千葉県,ＣＡＲＩＮＣ 四街道店
2028,148.8,70000,8,0,1,1,1,白真珠,愛知県,ガリバー １号知立店
2029,181.9,81000,3,0,1,1,1,薄緑,千葉県,ＣＡＲＩＮＣ 四街道店
2030,181.4,89000,3,0,1,1,1,薄緑,千葉県,ＣＡＲＩＮＣ 四街道店
2031,185,21000,3,1,1,1,1,薄緑,千葉県,ゴールドガレージ
2032,177,94000,3,0,1,1,1,黒,千葉県,ＣＡＲＩＮＣ 千葉北１６号店
2033,177,99000,3,0,1,1,1,深灰,千葉県,ＣＡＲＩＮＣ 千葉北１６号店
2034,182.2,84000,3,0,1,1,1,深灰,茨城県,ＣＡＲＩＮＣ つくば店
2035,175.3,98000,3,0,1,1,1,薄緑,栃木県,ＣＡＲＩＮＣ 宇都宮インターパーク店
2036,149.2,82000,3,1,1,1,1,深灰,茨城県,ＣＡＲＩＮＣ つくば店
2037,279.9,9000,3,0,1,1,1,真珠白,静岡県,ネクステージ 富士店
2038,176.6,47000,7,0,1,0,1,赤,島根県,ガリバー 出雲店
2039,129.6,94000,4,0,0,1,1,黒Ｍ,千葉県,Ｇ－ＡＦＴＥＲ 成田店
2040,74.8,93000,9,0,1,0,1,紫,茨城県,オーテックプラスつくば店
2041,182.2,87000,3,0,1,1,1,薄緑,茨城県,ＣＡＲＩＮＣ つくば店
2042,187.2,78000,3,0,1,1,1,深灰,茨城県,ＣＡＲＩＮＣ つくば店
2043,184.2,86000,3,0,1,1,1,黒,茨城県,ＣＡＲＩＮＣ つくば店
2044,232.1,39000,2,0,1,1,1,赤灰II,千葉県,チャンス 四街道５１号店
2045,119.9,34000,8,0,1,0,1,茶真珠,福井県,リバティ 鯖江店
2046,163.8,58000,5,0,1,1,1,銀Ｍ,群馬県,（株）トヨナガ 六郷店
2047,109.8,29000,7,1,1,0,0,真珠白,東京都,ＣＡＲ　ＢＡＮＫ　ＲＩＧＨＴ　八王子フィールド店
2048,142.5,41000,7,0,1,0,1,黒Ｍ,和歌山県,軽ワールド　車検のコバック和歌山湊店
2049,124,78000,8,0,1,0,1,黒Ｍ,兵庫県,ガリバー 垂水店
2050,154.8,44000,5,0,1,0,1,薄茶,埼玉県,ガリバー １７号上尾店
2051,137,67000,4,0,1,0,1,紺Ｍ,埼玉県,パティオ所沢
2052,139,79000,8,0,1,0,1,青緑Ｍ,長野県,（株）トーハイモータース
2053,174.4,90000,3,0,1,1,1,薄緑,千葉県,ＣＡＲＩＮＣ 四街道店
2054,187.2,88000,3,0,1,1,1,黒,茨城県,ＣＡＲＩＮＣ つくば店
2055,145.8,31000,9,0,1,0,1,紫,広島県,ガリバー 広島吉島店
2056,129.7,76000,4,0,1,0,1,黄,千葉県,チャンス 大網店
2057,189.8,43000,4,0,0,1,0,黒真珠,岡山県,Ｇ－ＡＦＴＥＲ ＭＥＧＡ東岡山店
2058,92.5,94000,7,0,1,0,1,銀Ｍ,栃木県,ＣＡＲＩＮＣ 宇都宮インターパーク店
2059,99,80000,11,0,1,1,1,黒Ｍ,千葉県,ＣＡＲＩＮＣ 四街道店
2060,119.7,32000,10,0,1,0,1,黒Ｍ,千葉県,カーセブン松戸中央店
2061,79.8,86000,11,0,1,0,1,黄緑,愛知県,ゆーずどかぁ本舗（株）
2062,268.9,9000,2,0,0,1,1,青,千葉県,Ｇ－ＡＦＴＥＲ ＭＥＧＡ千葉北インター店
2063,139.8,15000,7,0,0,0,1,白真珠,埼玉県,レイルソフトワークス三郷店　ＪＵ適正販売店
2064,174.4,91000,3,0,1,1,1,深灰,千葉県,ＣＡＲＩＮＣ 四街道店
2065,89,75000,11,0,1,0,1,薄緑,熊本県,ｆｉｖｅ　ｓｔａｒ　自社ローン取扱店
2066,75,45000,13,0,1,0,1,赤紫Ｍ,東京都,パティオ東村山
2067,109.8,21000,9,0,1,0,1,銀黒白,兵庫県,ひまわりガーデン　ＤＣＭダイキ明石店／株式会社オートスタイルトレーディング
2068,88,115000,9,0,1,1,1,黒Ｍ,大阪府,ハイブリッドライン
2069,99.1,88000,10,0,1,1,1,黒Ｍ,栃木県,ＣＡＲＩＮＣ 宇都宮インターパーク店
2070,223.9,56000,3,0,1,1,1,赤,茨城県,チャンス 神栖店
2071,129.9,72000,8,0,1,1,1,白真珠,千葉県,カインドアウトレット千葉　コンパクトハイブリッド専門店 プリウス／アクア／ノート／フィット
2072,129.8,37000,8,0,1,0,1,赤,愛知県,（株）トヨタモータース　２４８店
2073,129,38000,8,0,1,1,0,白真珠,千葉県,ゴールドガレージ
2074,193.8,27000,3,0,0,0,0,真珠白,千葉県,Ｇ－ＡＦＴＥＲ ＭＥＧＡ千葉北インター店
2075,89.6,93000,10,0,1,1,1,銀Ｍ,栃木県,ＣＡＲＩＮＣ 宇都宮インターパーク店
2076,114.1,61000,7,0,1,0,1,赤,熊本県,ネッツトヨタ熊本 ネッツワールド玉名店
2077,211.5,58000,3,0,1,1,1,白,千葉県,チャンス 茂原店
2078,173.8,34000,7,0,1,0,1,青Ｍ,佐賀県,ガリバー 佐賀本庄店
2079,260.8,10000,3,0,1,1,1,緑,愛知県,ガリバー 守山店
2080,183.6,82000,3,0,1,1,1,薄緑,千葉県,ＣＡＲＩＮＣ 千葉畑町店
2081,100,90000,10,0,1,1,1,茶真珠,千葉県,ＣＡＲＩＮＣ 千葉畑町店
2082,108,72000,10,0,1,1,0,黒Ｍ,千葉県,ゴールドガレージ
2083,128.8,58000,8,0,1,0,0,真珠白,宮城県,ＣＡＲ　ＢＡＮＫ　ＲＩＧＨＴ　ベース仙台店
2084,185.4,26000,4,1,1,1,1,赤ＭII,大分県,トヨタカローラ大分 本店　トヨタ認定中古車センター元町
2085,119.4,36000,9,0,1,0,1,真珠白,千葉県,ＣａｒＳａｌｅｓ　ＢａｙＬｉｎｅ 本店
2086,209.8,24000,3,0,1,0,1,緑,埼玉県,パティオ所沢
2087,109.8,44000,11,0,1,0,1,茶真珠,熊本県,株式会社ＨＡＫＵＴＯ　ルマンα
2088,149.9,52000,8,0,1,1,1,紫,福井県,ガリバー 福井店
2089,74.8,108000,11,0,1,1,1,青,大阪府,ＫＳ－ｓｅｌｅｃｔｉｏｎ　ケイエスセレクション　堺インター店
2090,167.3,96000,3,0,1,0,1,黒,千葉県,ＣＡＲＩＮＣ 千葉北１６号店
2091,92.9,60000,9,0,0,0,0,真珠白,千葉県,Ｇ－ＡＦＴＥＲ 木更津店
2092,109.8,97000,10,0,1,1,1,真珠白,宮城県,ネクステージ 泉インター店
2093,124.8,93000,8,0,1,1,1,赤,福岡県,ハイブリッド・コンパクト専門店　ｅｃｏスマイル
2094,242.8,38000,2,0,1,1,1,薄茶,千葉県,チャンス 船橋店
2095,153,65000,8,0,1,1,1,銀Ｍ,熊本県,株式会社レインボーシティ
2096,264.6,24000,3,0,1,1,1,深灰,愛知県,ＢＥＶＥ（ベベ）港店
2097,187.1,43000,5,0,1,1,1,茶真珠,福岡県,ホンダカーズ筑後 柳川佃町店
2098,159.9,85000,3,1,0,1,1,深灰,神奈川県,フェニックス 本社センター
2099,99,58000,11,0,1,0,1,黄,広島県,オートパークゼンコー
2100,201.8,40000,4,0,1,0,1,紺Ｍ,埼玉県,ガリバー 新狭山店
2101,155.9,36000,7,0,1,0,1,茶真珠,茨城県,ガリバー ひたち海浜公園前店
2102,137.4,61000,7,0,0,0,1,茶真珠,千葉県,Ｇ－ＡＦＴＥＲ 成田店
2103,78.8,103000,11,0,1,1,1,黒,大阪府,ＫＳ－ｓｅｌｅｃｔｉｏｎ　ケイエスセレクション　堺インター店
2104,99.9,100000,8,0,1,0,1,緑,千葉県,チャンス 八街店
2105,102.5,82000,10,0,1,1,1,青Ｍ,千葉県,ＣＡＲＩＮＣ 千葉畑町店
2106,219.8,54000,3,0,1,1,1,薄茶黒,兵庫県,ひまわりガーデン　ＤＣＭダイキ明石店／株式会社オートスタイルトレーディング
2107,164.5,42000,7,0,1,1,1,青Ｍ,千葉県,ＣＡＲＩＮＣ 千葉畑町店
2108,168.9,32000,5,0,1,0,1,真珠Ｍ,栃木県,栃木トヨタ自動車（株） Ｕ－Ｃａｒ　インターパーク店
2109,249.4,10,1,0,1,1,1,黒,愛知県,ネクステージ 守山店
2110,129.8,57000,10,0,1,1,0,銀Ｍ,千葉県,ガリバー 蘇我インター店
2111,169.8,55000,8,0,1,1,1,黒Ｍ,大阪府,ガリバー 東大阪店
2112,91.1,64000,11,0,1,0,1,黒Ｍ,福島県,ガリバー 郡山安積店
2113,185.9,55000,7,0,1,1,1,茶真珠,茨城県,ガリバー ひたち海浜公園前店
2114,245.2,24000,3,0,0,1,0,緑,千葉県,Ｇ－ＡＦＴＥＲ 成田店
2115,103.3,76000,10,0,1,0,1,茶,熊本県,ホンダカーズ熊本 宇土店
2116,147.1,59000,7,0,1,0,1,黄黒,茨城県,チャンス 神栖店
2117,254,28000,3,0,1,1,1,薄緑,千葉県,チャンス 船橋店
2118,242.9,10,1,0,1,1,1,黒,福井県,ネクステージ 福井丸岡店
2119,104.9,69000,11,0,1,0,1,茶,千葉県,ＳＵＶ　ＬＡＮＤ 柏
2120,234.1,13000,3,0,1,0,1,薄緑,兵庫県,ガリバー 垂水店
2121,120.4,78000,7,0,1,0,1,赤Ｍ,群馬県,群馬トヨペット株式会社 ヴィーパーク高崎店
2122,148.7,42000,7,0,1,0,1,黒,静岡県,愛車をグッとお手頃に。ＣＡＲ　ＯＮ（カーオン）
2123,164.8,68000,8,0,1,1,1,茶,沖縄県,ガリバー 那覇店
2124,262.6,10000,4,0,1,1,1,白真珠,愛知県,ＢＥＶＥ（ベベ）港店
2125,123.8,53000,10,0,1,1,1,銀,岡山県,ガリバー 岡山店
2126,157.3,32000,7,0,1,0,1,白真珠,大分県,ホンダカーズ大分 Ｕ－Ｓｅｌｅｃｔ大分
2127,136.4,57000,10,0,1,1,1,青Ｍ,沖縄県,ガリバー ５８号宜野湾店
2128,239,14000,3,0,1,0,1,緑,三重県,アップル 四日市ときわ／アップルＦＣ本部直営店
2129,285.8,20000,3,0,1,1,1,青灰II,千葉県,ガリバー 千葉ニュータウン店
2130,163.3,88000,3,1,1,1,1,灰,茨城県,チャンス 神栖店
2131,263.8,38000,3,0,1,1,1,赤Ｍ,茨城県,ガリバー ６号ひたちなか店
2132,132.5,39000,6,1,1,0,1,茶真珠,千葉県,ＣＡＲＩＮＣ 千葉畑町店
2133,219,21000,3,0,1,0,1,白真珠,埼玉県,パティオ所沢
2134,162.1,7000,6,0,0,0,1,赤Ｍ,千葉県,Ｇ－ＡＦＴＥＲ 木更津店
2135,79.8,84000,10,0,1,0,1,赤Ｍ,千葉県,エル・レカーズ　野田２号店
2136,106.9,46000,9,1,1,0,1,白真珠,埼玉県,（株）Ｈｏｎｄａ　Ｃａｒｓ　埼玉中 東大宮店Ｕ－Ｓｅｌｅｃｔコーナー
2137,110.5,117000,8,0,1,0,1,黒Ｍ,宮城県,ガリバー アウトレット古川バイパス店
2138,54,115000,11,0,1,0,1,白真珠,北海道,セカンドエスカーズ
2139,146,43000,7,0,1,0,1,赤黒II,新潟県,トラスト新潟　ＪＵ適正販売店
2140,144.9,82000,6,0,1,0,1,黒Ｍ,大分県,トヨタカローラ大分 トヨタ認定中古車センター高城
2141,273.8,44000,3,0,1,1,1,薄緑,東京都,ガリバー 瑞穂店
2142,239.8,25000,4,0,0,1,0,白真珠,千葉県,Ｇ－ＡＦＴＥＲ ＭＥＧＡ千葉北インター店
2143,218.5,28000,4,0,1,0,1,黒Ｍ,兵庫県,ワンゼット　東神戸
2144,199.8,29000,5,0,1,0,1,赤Ｍ,群馬県,ガリバー 高崎菅谷店
2145,219.8,22000,3,0,1,0,1,白真珠,千葉県,ガリバー 千葉ニュータウン店
2146,175.8,49000,7,0,1,1,1,銀Ｍ,愛知県,ガリバー 北名古屋店
2147,154.8,60000,8,0,1,0,1,白真珠,沖縄県,ガリバー うるま店
2148,100.3,58000,10,1,1,1,1,黄,千葉県,ＣＡＲＩＮＣ 千葉北１６号店
2149,143.8,66000,8,0,1,0,1,青緑Ｍ,栃木県,ガリバー 栃木バイパス店
2150,65,71000,13,0,1,0,1,銀,北海道,７８オート 「軽自動車専門店」
2151,258,7000,2,1,1,1,1,黒,北海道,ＣＡＲ‘Ｓ　ＴＯＷＮ　～カーズタウン～ Ｒ１２号　カーズタウン本店
2152,158.6,89000,3,1,1,1,1,黒,千葉県,ＣＡＲＩＮＣ 千葉畑町店
2153,125.3,9000,7,1,0,0,0,黄,埼玉県,レイルソフトワークス三郷店　ＪＵ適正販売店
2154,138.8,59000,9,0,1,1,1,緑Ｍ,大阪府,ガリバー 東大阪店
2155,175.1,41000,6,0,1,0,1,赤Ｍ,群馬県,ネッツトヨタ群馬 高崎駅東口店中古車センター
2156,152.9,53000,8,0,1,0,1,薄銀,千葉県,ＳＵＶ　ＬＡＮＤ 船橋習志野
2157,259.5,9000,2,0,1,1,1,白真珠,埼玉県,パティオ所沢
2158,239.8,39000,3,0,1,1,1,薄緑,和歌山県,木下モータース　車検のコバック田辺新庄店
2159,329.5,1000,2,0,1,1,1,青,北海道,ＳＵＶ　ＬＡＮＤ 札幌
2160,167.8,63000,7,0,1,0,1,茶真珠,岡山県,ガリバー 岡山店
2161,178.8,39000,7,0,1,0,1,青Ｍ,新潟県,ガリバー 長岡店
2162,222.5,27000,3,0,1,0,1,薄灰青,茨城県,チャンス 神栖２号店
2163,132.9,37000,10,0,1,0,1,青Ｍ,茨城県,ＷＥＣＡＲＳ（ウィーカーズ） つくば店
2164,74.5,54000,11,0,1,0,1,赤紫Ｍ,埼玉県,パティオ所沢
2165,294.8,8000,1,0,1,1,1,黒,奈良県,奈良日産自動車（株） 中古車登美ヶ丘
2166,264.9,12000,3,0,1,0,1,薄緑,東京都,ガリバー 瑞穂店
2167,125,52000,10,0,1,1,1,黄白黒,兵庫県,ひまわりガーデン　ＤＣＭダイキ明石店／株式会社オートスタイルトレーディング
2168,119.8,40000,11,0,1,0,1,赤,福岡県,ガリバー 大牟田店
2169,259.8,17000,3,0,1,1,1,薄灰青,千葉県,ガリバーＷＯＷ！ＴＯＷＮ 幕張
2170,292.7,10000,1,0,1,1,1,黒,兵庫県,（株）クインオート 篠山自動車総合センター
2171,99.7,63000,11,0,1,0,1,黄,埼玉県,カーセブンＭＥＧＡ三郷店
2172,84.8,77000,11,1,1,1,1,黄,兵庫県,ひまわりガーデン　ロイヤルホームセンター東灘魚崎店／株式会社オネスト
2173,276.5,10000,2,0,1,1,1,薄茶,兵庫県,ネッツトヨタ神戸（株） ネッツテラス川西
2174,175.8,38000,8,0,1,0,1,黒Ｍ,三重県,ガリバー 朝日店
2175,149.8,61000,8,0,1,0,1,紫,山形県,ガリバー ７号酒田店
2176,110.8,34000,10,1,1,1,0,銀,埼玉県,ＣＡＲ　ＢＡＮＫ　ＲＩＧＨＴ　春日部フィールド店
2177,87.4,85000,10,0,1,0,1,赤ＭＭ,岡山県,ＷＥＣＡＲＳ（ウィーカーズ） 倉敷水島店
2178,259.8,37000,3,0,0,1,1,白真珠,千葉県,Ｇ－ＡＦＴＥＲ ＭＥＧＡ千葉北インター店
2179,86.8,82000,9,1,0,1,1,銀Ｍ,奈良県,ＢＡＭＢＩ（バンビ）
2180,118,56000,11,0,1,0,0,黒,大分県,トヨタカローラ大分 本店　トヨタ認定中古車センター元町
2181,164.2,78000,6,0,1,1,1,黒赤II,香川県,ガリバー １１号丸亀店
2182,162.8,40000,8,0,1,1,1,黄,山形県,ネクステージ 鶴岡店
2183,101.7,87000,11,0,1,1,1,黄緑,神奈川県,リバーサイド 湘南スーパーエリア
2184,58.2,81000,13,0,1,0,1,真珠,愛知県,頭金　金魚三匹　（株）葉栗オートショップ 平和営業所
2185,138.1,33000,5,1,0,1,0,紺Ｍ,埼玉県,レイルソフトワークス三郷店　ＪＵ適正販売店
2186,261.6,3000,2,0,1,1,1,薄茶Ｍ,茨城県,チャンス つくば店
2187,149.9,83000,6,0,1,1,1,茶Ｍ,宮城県,株式会社エーシーネクスト 岩沼店
2188,173.8,77000,6,0,1,1,1,黒Ｍ,愛知県,ガリバー 北名古屋店
2189,124.4,41000,10,0,1,0,1,白真珠,山口県,ハイブリッド＆コンパクトカー専門店　岩国Ｋｍａｒｋｅｔ
2190,227.2,21000,4,0,1,0,1,薄茶茶,滋賀県,ガリバー 草津南店
2191,189.9,50000,7,0,1,1,1,黒,福岡県,ネクステージ 新宮店
2192,83.8,98000,10,0,1,1,0,青,埼玉県,ＣＡＲ　ＢＡＮＫ　ＲＩＧＨＴ　春日部フィールド店
2193,274.9,33000,3,0,1,1,1,緑,宮崎県,ネクステージ 延岡店
2194,159.8,35000,8,0,1,0,1,紫,山口県,ガリバー 山口店
2195,169.2,89000,3,1,1,1,1,深灰,茨城県,ＣＡＲＩＮＣ つくば店
2196,159,48000,7,0,1,0,1,茶真珠,熊本県,ラクのりショップ山鹿店
2197,269.8,13000,3,0,1,1,1,白真珠,福岡県,ガリバー 太宰府インター　ミニバン専門店
2198,288.8,18000,2,0,1,1,1,黒,秋田県,カーセブン　秋田臨海店
2199,279.9,32000,4,0,1,1,1,緑Ｍ,神奈川県,ネクステージ 厚木店
2200,167.2,90000,3,1,1,1,1,深灰,茨城県,ＣＡＲＩＮＣ つくば店
2201,154.8,34000,8,0,0,1,1,真珠白,千葉県,ＪＯＹ　ＲＯＵＴＥ 富里インター店
2202,105,85000,9,0,1,0,1,白真珠,大阪府,ハイブリッドライン
2203,298.8,8000,1,0,1,1,1,真珠Ｍ,奈良県,奈良日産自動車（株） 中古車登美ヶ丘
2204,137.8,73000,6,0,1,1,0,白,宮城県,ＣＡＲ　ＢＡＮＫ　ＲＩＧＨＴ　ベース仙台店
2205,280.3,13000,2,0,1,1,1,薄緑,千葉県,チャンス 佐倉店
2206,285.9,1000,2,0,0,1,1,薄灰青,神奈川県,フェニックス 野川センター
2207,115.7,44000,10,0,1,0,1,黒Ｍ,千葉県,カーセブン松戸中央店
2208,168.1,50000,6,0,1,0,1,赤Ｍ,大分県,トヨタカローラ大分 トヨタ認定中古車センター高城
2209,176,62000,6,0,0,1,1,黒Ｍ,千葉県,Ｇ－ＡＦＴＥＲ 木更津店
2210,149.9,78000,8,0,1,1,0,赤黒II,兵庫県,ワンゼット　大久保
2211,179.4,89000,3,1,1,1,1,白真珠,千葉県,ＣＡＲＩＮＣ 千葉北１６号店
2212,163.5,65000,4,0,1,1,1,黒,埼玉県,パティオ所沢
2213,170.9,21000,7,0,1,1,1,青,神奈川県,株式会社ＲＥＸエネルギー長後ＣＳ
2214,119.6,70000,10,0,1,1,1,黄,熊本県,ネッツトヨタ熊本 ネッツワールド水俣店
2215,269.8,29000,4,0,1,1,1,黒,兵庫県,ガリバー 洲本バイパス店
2216,107.4,66000,10,1,1,1,1,青Ｍ,千葉県,ＣＡＲＩＮＣ 千葉畑町店
2217,155.8,7000,11,0,1,1,1,黄,大阪府,（株）関西オート 八尾店
2218,139,63000,7,0,1,0,1,赤黒II,大阪府,Ａｕｔｏ　Ｆａｃｅ　オートフェイス
2219,80.8,90000,11,0,1,0,0,黒,宮城県,ＣＡＲ　ＢＡＮＫ　ＲＩＧＨＴ　ベース仙台店
2220,227.5,31000,3,0,1,0,1,灰,熊本県,ネッツトヨタ熊本 ネッツワールド玉名店
2221,271.7,17000,3,0,1,1,1,白真珠,茨城県,チャンス 神栖２号店
2222,269.8,49000,3,0,1,1,1,薄茶茶,三重県,ガリバー 伊勢店
2223,248.1,40000,4,0,1,1,1,黒,群馬県,群馬トヨペット株式会社 ヴィーパーク高崎３５４バイパス店
2224,140.4,67000,8,0,1,0,1,濃紫,大分県,トヨタカローラ大分 わさだ店　トヨタ認定中古車センターわさだ
2225,109.4,62000,10,0,1,0,1,黒Ｍ,千葉県,ＣＡＲＩＮＣ 千葉畑町店
2226,254.5,11000,3,0,1,1,1,真珠,茨城県,チャンス 神栖店
2227,125.8,85000,11,0,1,1,1,白真珠,宮城県,ガリバー 仙台利府店
2228,139.8,21000,7,1,0,1,1,青緑Ｍ,埼玉県,レイルソフトワークス三郷店　ＪＵ適正販売店
2229,149.1,38000,7,0,1,0,1,赤Ｍ,愛知県,愛知トヨタ 鳴海店
2230,126.8,106000,6,0,1,1,1,黒Ｍ,愛知県,ガリバー 豊川インター店
2231,180,32000,6,0,0,0,1,緑,京都府,カーセブン　京都南インター店
2232,191.9,55000,4,0,1,1,1,黒Ｍ,茨城県,チャンス 神栖店
2233,227.8,39000,4,0,1,1,1,白真珠,岡山県,ガリバー 岡山店
2234,109.4,79000,11,0,1,1,1,白真珠,千葉県,ＣＡＲＩＮＣ 四街道店
2235,273.8,43000,3,0,1,1,1,薄緑,千葉県,ガリバーＷＯＷ！ＴＯＷＮ 幕張
2236,92.5,74000,11,0,1,0,1,黄,岐阜県,土岐三菱自動車販売（株） クリーンカー土岐ガーデン
2237,229.9,17000,4,0,1,0,1,黒,三重県,ネクステージ 松阪店
2238,130.8,56000,6,1,1,0,1,黒Ｍ,千葉県,チャンス 千葉大宮インター店
2239,139.8,92000,7,0,1,0,1,緑,岩手県,ガリバー 北上店
2240,129.8,91000,7,0,1,1,1,赤,福岡県,ガリバー 大牟田店
2241,179.2,33000,7,0,1,0,1,青緑Ｍ,大阪府,（株）関西オート 八尾店
2242,199.8,50000,5,0,1,0,1,白真珠,山形県,ガリバー 天童店
2243,134.8,40000,9,0,1,0,1,白真珠,広島県,カーショップ　エリート
2244,249.8,26000,3,0,1,0,1,深灰,宮城県,ガリバーアウトレット 石巻店
2245,264.8,3000,2,1,1,1,1,黒,佐賀県,カーテンダー佐賀
2246,150.2,32000,10,0,1,1,1,青Ｍ,栃木県,ガリバー 小山店
2247,124.5,61000,10,0,1,1,1,銀Ｍ,東京都,パティオ東村山
2248,132.8,75000,9,0,1,1,1,赤ＭＭ,広島県,ＷＥＣＡＲＳ（ウィーカーズ） 広島安佐南店
2249,273.6,17000,2,0,1,1,1,真珠白,三重県,ネクステージ 四日市店
2250,189.9,24000,6,0,1,0,1,青Ｍ,埼玉県,ネクステージ 草加店
2251,72.8,94000,10,0,1,0,0,茶,埼玉県,ＣＡＲ　ＢＡＮＫ　ＲＩＧＨＴ　春日部フィールド店
2252,134.9,95000,8,0,1,1,1,黒,福岡県,ネクステージ 新宮店
2253,129.7,50000,9,0,1,0,1,銀,埼玉県,カーセブンＭＥＧＡ三郷店
2254,82.8,68000,10,1,1,0,0,黒,埼玉県,ＣＡＲ　ＢＡＮＫ　ＲＩＧＨＴ　春日部フィールド店
2255,272.9,27000,3,0,1,1,1,真珠白,愛知県,ネクステージ 豊川店
2256,199.8,45000,5,0,1,0,1,黒Ｍ,福井県,ガリバーアウトレット ２７号敦賀店
2257,116,60000,8,1,1,0,1,黒Ｍ,千葉県,ＣＡＲＩＮＣ 四街道店
2258,257.4,40000,3,0,1,1,1,黒,福岡県,ケイカフェ やはた店
2259,274.9,4000,1,0,1,1,1,灰,石川県,ガレージフィックス野々市店
2260,159.9,35000,8,0,1,0,1,赤Ｍ,福井県,リバティ 鯖江店
2261,169.5,10000,6,1,1,1,1,黄,愛知県,（株）オートタウン犬山 犬山店
2262,158.9,58000,6,0,1,0,1,黒Ｍ,茨城県,チャンス つくば店
2263,245,19000,4,0,1,1,1,黒,東京都,パティオ東村山
2264,169.9,40000,7,0,1,0,1,茶,千葉県,ＳＵＶ　ＬＡＮＤ 柏
2265,319.3,15,1,0,1,1,1,黒,熊本県,ジョイドライブ植木店
2266,319.3,9,1,0,1,1,1,黒,熊本県,ジョイドライブ植木店
2267,131.8,75000,8,0,1,0,1,白真珠,富山県,インディオ富山
2268,278.8,12000,4,0,1,1,1,薄緑,熊本県,ガリバー 熊本インター店
2269,332.9,4000,1,0,1,1,1,真珠Ｍ,岡山県,ＷＥＣＡＲＳ（ウィーカーズ） 岡山店
2270,249.9,12000,4,0,1,0,1,薄緑,群馬県,群馬トヨペット株式会社 ヴィーパーク太田店
2271,177.2,79000,3,1,1,1,1,深灰,茨城県,ＣＡＲＩＮＣ つくば店
2272,189.4,57000,4,1,1,1,1,白真珠,千葉県,ＣＡＲＩＮＣ 四街道店
2273,258,40000,3,0,1,1,1,黒,埼玉県,パティオ所沢
2274,113,46000,10,0,1,0,1,真珠,東京都,パティオ東村山
2275,98.4,78000,10,0,1,0,1,白真珠,埼玉県,オートＰＡＸ　川野辺自動車販売（株）　羽生１２２号バイパス店 ＪＵ適正販売店
2276,106.5,53000,10,1,1,1,1,銀,千葉県,チャンス 茂原店
2277,107.8,80000,10,0,1,0,1,黒Ｍ,富山県,インディオ富山
2278,124.5,97000,7,0,1,1,1,薄茶,千葉県,ＣＡＲＩＮＣ 千葉北１６号店
2279,295.8,14000,1,0,1,1,1,黒,大阪府,グッドスピード ＭＥＧＡ　ＳＵＶ大阪豊中店
2280,204.8,41000,6,0,1,1,1,赤IIII,愛媛県,ガリバー 宇和島店
2281,80,106000,9,0,1,0,1,黒Ｍ,大阪府,ハイブリッドライン
2282,246.5,2000,3,0,1,0,1,薄茶,静岡県,アツミモータース 浜北インター店
2283,115.3,91000,8,0,1,0,1,白真珠,千葉県,ＣＡＲＩＮＣ 千葉北１６号店
2284,169.8,73000,8,0,1,1,1,白真珠,沖縄県,ガリバー 那覇店
2285,174.3,45000,7,0,1,0,1,真珠Ｍ,愛知県,ネッツトヨタ中部（株） Ｕ－Ｃａｒ春日井
2286,84.6,99000,10,0,1,0,1,黒白,新潟県,くるまのサファリ
2287,182.8,46000,7,0,1,0,1,薄茶,神奈川県,ネクステージ 小田原店
2288,254.8,59000,3,0,1,1,1,桃,群馬県,ガリバーアウトレット 伊勢崎店
2289,306.9,23000,2,0,1,1,1,真珠白,埼玉県,ネクステージ 草加店
2290,115,65000,9,0,1,0,1,黒Ｍ,埼玉県,パティオ所沢
2291,119.8,82000,10,0,1,0,1,黄,北海道,ガリバー ３８号帯広店
2292,150,36000,8,1,1,0,1,黄,北海道,（有）シーク
2293,108.6,75000,10,0,1,0,1,黒Ｍ,愛知県,愛知トヨタ 認定中古車ＡＵＴＯＴＯＷＮ高辻店
2294,105,28000,9,1,1,0,1,銀,大阪府,Ｃ－ＳＰＡＣＥ．
2295,274.6,12000,2,0,1,0,1,黒,鹿児島県,ＷＥＣＡＲＳ（ウィーカーズ） 鹿児島店
2296,269.9,10,1,0,1,1,1,黒,香川県,ネクステージ 丸亀店
2297,138,88000,6,0,1,1,1,青Ｍ,熊本県,チェレステ インター店
2298,194.9,46000,6,0,1,0,1,黒,愛知県,ネクステージ 刈谷店
2299,298.4,20000,2,0,1,1,1,真珠Ｍ,愛知県,ＮＴＰ名古屋トヨペット（株） 南店
2300,230.2,40000,5,0,1,1,1,黒,静岡県,ネクステージ 富士店
2301,259.5,23000,4,0,1,0,1,緑灰,栃木県,ネクステージ 那須塩原店
2302,100,36000,9,1,1,0,1,青,大阪府,Ｃ－ＳＰＡＣＥ．
2303,151.8,54000,6,0,1,0,1,銀,大阪府,ＷＥＣＡＲＳ（ウィーカーズ） 深江橋店
2304,120.2,84000,9,0,1,1,1,茶真珠,福岡県,サザンオート
2305,198.8,40000,6,0,1,0,1,白真珠,福井県,ガリバー ８号越前店
2306,173.6,50000,4,1,1,0,1,薄緑,千葉県,チャンス 酒々井店
2307,269.8,36000,3,0,1,1,1,薄緑,栃木県,ガリバー 栃木バイパス店
2308,189.8,39000,4,0,0,0,1,白真珠,愛知県,アップルワールド三好店
2309,155.7,46000,9,0,1,1,1,紫,大阪府,ひまわりガーデン　エコール・ロゼ富田林店／株式会社オンフリーク
2310,159.5,74000,7,0,1,1,1,茶真珠,埼玉県,株式会社ポイントエフ ４号バイパス店
2311,203.5,16000,2,1,1,0,1,灰,埼玉県,エフガレージ 所沢店
2312,55.7,177000,11,0,1,1,1,銀Ｍ,熊本県,ネッツトヨタ熊本 東バイパスマイカーセンター
2313,104.9,89000,11,0,1,1,1,緑Ｍ,愛知県,ネクステージ 豊川店
2314,259,15000,4,0,1,0,1,真珠白,沖縄県,オリックスＵ－ｃａｒ那覇店
2315,296.5,17000,2,0,1,1,1,真珠Ｍ,青森県,ＷＥＣＡＲＳ（ウィーカーズ） 八戸店
2316,278.7,7000,3,0,1,1,1,赤Ｍ,静岡県,未使用車・中古車・大型展示場　松下モータース
2317,154.5,74000,4,0,1,1,1,黒,茨城県,チャンス 神栖２号店
2318,263.6,37000,3,0,1,1,1,薄緑,群馬県,（株）トヨナガ スズキアリーナトヨナガ富岡
2319,179.9,53000,8,0,1,1,1,紫,大阪府,ネクステージ 摂津店
2320,150,65000,8,0,1,0,1,紫,三重県,（株）オートモール ヴァーサス伊勢店
2321,269.9,20000,2,0,1,0,1,灰,山口県,ネクステージ 山口店
2322,169.3,45000,7,0,1,0,1,薄灰青,群馬県,（株）トヨナガ 伊勢崎店
2323,304.8,17000,2,0,1,1,1,黒,愛知県,ガリバー 岡崎店
2324,322.9,3000,1,0,1,1,1,深灰,山梨県,ＷＥＣＡＲＳ（ウィーカーズ） 甲府店
2325,142.9,31000,11,0,1,1,1,赤Ｍ,千葉県,サンキョウ ディスカウント館　コンパクト・ハイブリッドカー専門店
2326,299.9,25000,2,0,1,1,1,真珠白,山形県,ネクステージ 山形北店
2327,91.4,65000,11,0,0,0,0,白真珠,千葉県,Ｇ－ＡＦＴＥＲ 木更津店
2328,369.8,169,0,0,1,1,1,黒,北海道,ガリバー 札幌藻岩店
2329,274.8,25000,3,0,1,1,1,薄茶,滋賀県,ガリバー 草津南店
2330,330,3,0,0,1,1,1,薄緑,千葉県,アップル白井店　（株）湯浅
2331,190.8,21000,7,0,1,1,1,黒Ｍ,福島県,ガリバー いわき小名浜店
2332,218.8,30000,4,1,1,1,1,青,埼玉県,エフガレージ 所沢店
2333,294.8,28000,3,0,1,1,1,白真珠,奈良県,ガリバー 橿原桜井店
2334,119.4,99000,8,0,1,1,1,黒Ｍ,埼玉県,ハイビークル
2335,84.8,116000,11,0,1,0,1,茶真珠,北海道,（株）ガレージライン 西宮の沢店
2336,258,32000,4,0,1,1,0,深灰,千葉県,ゴールドガレージ
2337,199.8,8000,6,0,1,0,1,赤Ｍ,千葉県,ガリバーＷＯＷ！ＴＯＷＮ 幕張
2338,118,83000,10,0,1,0,1,茶Ｍ,群馬県,ネッツＧＴＧ やじま店
2339,298,15000,2,0,1,1,1,真珠Ｍ,北海道,北海道三菱自動車販売（株） 西店
2340,154.8,53000,10,0,1,1,1,白真珠,福島県,ガリバー 福島店
2341,199.9,39000,5,0,1,1,1,黒,大阪府,ネクステージ 岸和田店
2342,178.8,26000,9,0,1,1,1,白真珠,広島県,ガリバー 福山店
2343,129.7,39000,9,0,1,0,1,銀,埼玉県,カーセブンＭＥＧＡ三郷店
2344,176.9,59000,7,0,1,0,1,茶真珠,広島県,ＷＥＣＡＲＳ（ウィーカーズ） 広島南店
2345,179.8,42000,8,0,1,1,1,白真珠,山口県,ガリバーアウトレット 下関長府店
2346,289.8,51000,3,0,1,1,1,緑,沖縄県,ガリバー 那覇店
2347,111.5,91000,9,0,1,1,1,白真珠,千葉県,ＣＡＲＩＮＣ 千葉畑町店
2348,180,58000,7,0,1,1,1,黒Ｍ,福島県,ビートエンジニア
2349,259.6,29000,3,0,1,1,1,灰,愛知県,ネクステージ 一宮インター店
2350,129.3,93000,7,0,1,1,1,白真珠,千葉県,ＣＡＲＩＮＣ 千葉北１６号店
2351,172.7,49000,6,0,1,0,1,緑,埼玉県,カーセブンＭＥＧＡ三郷店
2352,234.4,29000,3,0,1,0,1,白真珠,宮崎県,福永自動車
2353,174.9,62000,5,0,1,0,1,真珠白,愛知県,ネクステージ 刈谷店
2354,122,33000,11,0,1,0,1,青Ｍ,千葉県,ＷＥＣＡＲＳ（ウィーカーズ） 千葉店
2355,149,40000,9,0,1,1,1,赤Ｍ,埼玉県,株式会社ポイントエフ ４号バイパス店
2356,122.8,35000,10,0,1,0,1,黒Ｍ,千葉県,ガリバー 千葉ニュータウン店
2357,184.2,36000,7,0,1,0,1,青緑Ｍ,大阪府,（株）関西オート 八尾店
2358,97.8,93000,10,0,1,1,0,真珠白,神奈川県,ＣＡＲ　ＢＡＮＫ　ＲＩＧＨＴ
2359,250.8,22000,4,0,1,0,1,黒,大分県,トヨタカローラ大分 中津店　トヨタ認定中古車センター中津
2360,282.9,26000,3,0,1,1,1,薄緑,福岡県,ＷＥＣＡＲＳ（ウィーカーズ） 西福岡店
2361,90,112000,11,0,1,1,1,白真珠,大阪府,ハイブリッドライン
2362,100.3,68000,9,1,1,0,1,青Ｍ,千葉県,ＣＡＲＩＮＣ 千葉畑町店
2363,49.2,54000,11,1,0,0,1,銀ＭＭ,大阪府,トヨタモビリティ新大阪（株） アウトレット１７１茨木店
2364,252.3,13000,3,0,1,0,1,黒,埼玉県,埼玉トヨペット 北本支店
2365,96.8,65000,10,0,1,0,1,赤Ｍ,埼玉県,エル・レカーズ越谷店
2366,292.2,15000,3,0,1,1,1,赤Ｍ,茨城県,ニチエイ・カーマックス 取手店
2367,276.3,6000,2,0,1,1,1,薄灰青,茨城県,ホリエオート 古河下山店　ＪＵ適正販売店
2368,138.7,48000,10,0,1,1,1,黄,東京都,株式会社ポイントエフ 環七Ｊクルー店
2369,169.3,44000,6,0,1,0,1,白真珠,群馬県,（株）トヨナガ スズキアリーナトヨナガ太田
2370,165,41000,8,0,1,0,1,黒Ｍ,熊本県,株式会社ＨＡＫＵＴＯ　ルマンα
2371,157.8,78000,8,0,1,1,1,白真珠,岐阜県,アクション１可児
2372,302.6,18000,3,0,1,1,1,薄緑,宮城県,ネクステージ 名取店
2373,256.6,11000,3,0,1,0,1,真珠,愛知県,アップル天白店
2374,160.8,42000,7,0,1,0,1,黒Ｍ,愛知県,愛知トヨタ 刈谷マイカーセンター
2375,185.6,25000,5,0,1,0,1,赤Ｍ,熊本県,ネッツトヨタ熊本 ネッツワールド八代店
2376,259.8,35000,4,0,1,1,1,薄灰青,福岡県,ＺａＺａＣＡＲＳ 小倉本店
2377,159.9,87000,8,0,1,1,1,黒Ｍ,静岡県,ネクステージ 浜松志都呂店
2378,115.8,61000,8,1,1,0,0,薄茶,神奈川県,ＣＡＲ　ＢＡＮＫ　ＲＩＧＨＴ
2379,125.4,70000,10,0,1,1,1,黄,群馬県,（株）トヨナガ スズキアリーナトヨナガ前橋中央
2380,335.8,50,1,0,1,1,1,薄緑,大阪府,（株）関西オート 八尾店
2381,297.9,16000,2,0,1,1,1,緑,愛知県,ネクステージ ４１号小牧店
2382,280.2,158,1,0,1,1,1,黒,石川県,ガレージフィックス野々市店
2383,295.7,8000,1,0,1,1,1,真珠Ｍ,兵庫県,（株）クインオート 篠山自動車総合センター
2384,213.8,24000,5,0,1,0,1,薄茶,広島県,ガリバー 広島インター店
2385,259.6,51000,3,0,1,1,1,緑,大分県,トヨタカローラ大分 トヨタ認定中古車センター高城
2386,335.9,6,1,0,1,1,1,薄緑,大分県,軽スパ高城店　株式会社小野自動車
2387,169.8,68000,8,0,1,1,1,白真珠,埼玉県,ガリバー 新狭山店
2388,289.9,36000,3,0,1,1,1,緑,北海道,ネクステージ 札幌苗穂店
2389,218.8,49000,3,0,1,0,1,黒,福岡県,オリックス Ｕ－Ｃａｒ福岡大野城店／株式会社イデックスオート・ジャパン
2390,242.6,19000,2,0,1,0,1,赤Ｍ,愛知県,ＮＴＰ名古屋トヨペット（株） オレンジタウン瀬戸店
2391,179.8,52000,6,0,1,0,1,茶,鹿児島県,ガリバーアウトレット 薩摩川内店
2392,90.3,94000,10,0,1,0,1,黒Ｍ,千葉県,ＣＡＲＩＮＣ 千葉畑町店
2393,294.8,20000,3,0,1,1,1,薄茶,千葉県,ガリバー 千葉ニュータウン店
2394,302.7,12000,1,0,1,1,1,黒Ｍ,愛知県,ネクステージ 守山店
2395,208.8,30000,7,0,1,0,1,銀Ｍ,北海道,ガリバー 旭川永山店
2396,299.8,15000,2,0,1,1,1,真珠Ｍ,北海道,スズキ　アリーナ　ＡＩＸ　新川
2397,69.9,28000,11,0,1,0,1,黒Ｍ,埼玉県,エバーグリーンオート株式会社 サード店
2398,288.8,20000,2,0,1,1,1,真珠Ｍ,秋田県,カーセブン　秋田臨海店
2399,132.6,61000,10,0,0,1,1,赤Ｍ,神奈川県,エースカーセールス プレミアムアウトレット　パート１
2400,148.4,49000,10,0,1,1,1,黄,鹿児島県,ホンダカーズ鹿児島 ＫＴＳオートシティ
2401,133.8,78000,9,0,1,1,1,青Ｍ,山形県,ガリバー 鶴岡店
2402,219.8,57000,4,0,0,1,1,白真珠,東京都,ガリバー 環七一之江店
2403,339.8,11,1,0,1,1,1,薄緑,大分県,（株）カミタケモータース 大分店
2404,268.9,3000,2,0,1,0,1,深灰Ｍ,徳島県,ワンゼット　徳島店
2405,279.1,31000,4,0,1,1,1,真珠Ｍ,滋賀県,トヨタモビリティ滋賀（株） ウエルコム栗東　Ｕ－ＣａｒＬＡＮＤ
2406,219.9,39000,5,0,1,1,1,真珠白,岐阜県,ネクステージ 岐阜２１号バイパス店
2407,132.8,85000,7,0,1,1,0,薄茶,茨城県,ＣＡＲ　ＢＡＮＫ　ＲＩＧＨＴ　つくばフィールド店
2408,134.8,53000,11,0,1,1,1,黒,群馬県,ＣＡＲ　ＢＡＮＫ　ＲＩＧＨＴ　高崎フィールド店
2409,208.3,18000,5,0,1,1,1,茶Ｍ,愛知県,西日本三菱自動車販売（株） ＵＣＡＲ豊橋瓜郷
2410,182.9,47000,7,0,1,1,1,茶真珠,茨城県,ガリバー １２４号鹿嶋店
2411,118,51000,10,0,1,0,1,青Ｍ,大分県,トヨタカローラ大分 中津店　トヨタ認定中古車センター中津
2412,124.3,36000,10,0,0,0,0,薄黄緑,神奈川県,エースカーセールス 川崎宮前店
2413,209.8,47000,5,0,1,1,1,薄灰青,福岡県,ガリバー 香椎浜店
2414,154.8,25000,9,0,1,0,1,青,神奈川県,ネクステージ 横浜戸塚店
2415,195.1,37000,6,0,1,1,1,青,福岡県,ホンダカーズ福岡 Ｕ－Ｓｅｌｅｃｔ糸島
2416,230.8,32000,4,0,1,1,1,薄茶,大分県,ＯＲＩＸ　Ｕ－ｃａｒ 大分萩原店
2417,115.8,91000,10,0,1,1,1,茶真珠,千葉県,ＣＡＲＩＮＣ 千葉畑町店
2418,117.6,24000,10,0,1,0,1,白真珠,東京都,パティオ東村山
2419,193,30000,5,0,1,0,1,赤Ｍ,滋賀県,トヨタモビリティ滋賀（株） ウエルコム栗東　Ｕ－ＣａｒＬＡＮＤ
2420,139,46000,9,0,1,0,1,赤Ｍ,三重県,（株）オートモール ヴァーサス鈴鹿本店
2421,323.8,1000,2,0,1,1,1,黒,佐賀県,ガリバー 唐津店
2422,165.7,66000,7,0,1,1,1,緑Ｍ,岐阜県,トヨタカローラネッツ岐阜（株） Ｕ－Ｃａｒ可児店
2423,236.9,6000,1,0,0,0,0,白真珠,岡山県,Ｇ－ＡＦＴＥＲ ＭＥＧＡ東岡山店
2424,295.8,24000,1,0,1,1,1,黒,沖縄県,グッドスピード ＭＥＧＡ　ＳＵＶ南風原店
2425,319.7,8000,1,0,1,1,1,黒Ｍ,岐阜県,ネクステージ 土岐多治見店
2426,274.9,15000,2,0,1,1,1,真珠白,愛知県,ネクステージ 刈谷店
2427,278,23000,2,0,1,1,1,薄茶,京都府,高年式・低走行専門店　カーボックス
2428,286.9,34000,2,0,1,1,1,濃灰,宮崎県,ネクステージ 延岡店
2429,264.4,26000,3,0,1,0,1,白真珠,群馬県,群馬トヨペット株式会社 ヴィーパーク太田店
2430,293.9,48000,3,0,1,1,1,薄緑,熊本県,ガリバー 熊本インター店
2431,295.1,37000,3,0,1,1,1,黒,山梨県,ネクステージ 甲府昭和インター店
2432,309.9,9000,3,0,1,1,1,青,千葉県,ＳＵＶ　ＬＡＮＤ 柏
2433,287.7,41000,4,0,1,1,1,真珠,福岡県,ＷＥＣＡＲＳ（ウィーカーズ） 小郡店
2434,293.9,32000,4,0,1,1,1,青,千葉県,ＳＵＶ　ＬＡＮＤ 柏
2435,204.9,68000,5,0,1,1,1,真珠白,愛知県,ネクステージ 刈谷店
2436,177.6,45000,6,0,1,0,1,薄茶,群馬県,ガリバー 高崎菅谷店
2437,199.2,47000,6,0,1,0,1,茶,埼玉県,（株）Ｈｏｎｄａ　Ｃａｒｓ　埼玉中 東大宮店Ｕ－Ｓｅｌｅｃｔコーナー
2438,149.9,87000,7,0,1,1,1,赤黒,宮城県,ネクステージ 仙台泉店
2439,172.9,63000,7,0,1,0,1,黒,栃木県,ネクステージ 小山店
2440,209.8,27000,7,0,1,1,1,白真珠,大阪府,ガリバー 東大阪店
2441,117.7,33000,8,0,1,0,1,銀Ｍ,埼玉県,トヨタカローラ埼玉 羽生ＢＡＳＥ
2442,133.5,78000,8,1,1,1,1,黒Ｍ,茨城県,ＣＡＲＩＮＣ つくば店
2443,168.8,31000,8,0,1,0,1,青緑Ｍ,大阪府,ガリバー 東大阪店
2444,169,47000,8,0,1,0,1,紫Ｍ,愛知県,ネクステージ 一宮インター店
2445,107,99000,9,0,1,0,1,赤ＭＭ,兵庫県,ＷＥＣＡＲＳ（ウィーカーズ） 西宮店
2446,137.8,55000,9,0,1,0,1,緑Ｍ,栃木県,ネクステージ 那須塩原店
2447,146.7,30000,9,0,1,0,1,黒Ｍ,奈良県,リバティ 西大和店
2448,179.9,55000,9,0,1,1,1,真珠白,三重県,ネクステージ 津店
2449,185.4,18000,9,0,1,1,1,黄,埼玉県,トヨタカローラ埼玉 春日部小渕店
2450,91.1,115000,10,0,0,1,1,真珠白,新潟県,Ｇ－ＡＦＴＥＲ ＭＥＧＡ新潟店
2451,159.5,63000,10,0,1,1,1,白真珠,佐賀県,ガリバー 久留米みやき店
2452,198.2,65000,10,0,1,0,1,茶,北海道,ガリバー 札幌清田店
2453,305.4,17000,1,0,1,1,1,黒,埼玉県,ネクステージ 幸手店
2454,299.8,15000,3,0,1,1,1,黒,愛知県,ガリバー 守山店
2455,169.8,49000,8,0,1,0,1,白真珠,滋賀県,ガリバー ８号長浜店
2456,249.9,14,1,0,1,1,1,真珠,愛知県,普・未使用車　パッションプラス南大高店
2457,123.5,64000,9,0,1,0,1,青Ｍ,熊本県,株式会社フロンティア熊本
2458,279.9,11000,2,0,1,0,1,黒,岐阜県,ネクステージ 美濃加茂店
2459,116.1,87000,10,0,1,1,1,黒Ｍ,栃木県,ＣＡＲＩＮＣ 宇都宮インターパーク店
2460,138,80000,8,0,1,1,1,銀Ｍ,千葉県,ゴールドガレージ
2461,255.9,39000,4,0,1,1,1,真珠白,愛知県,ネクステージ 名古屋茶屋店
2462,249.8,38000,4,0,1,0,1,白,熊本県,株式会社ＨＡＫＵＴＯ　ルマンα
2463,282.9,36000,3,0,1,1,1,黒,三重県,ネクステージ 四日市店
2464,235.6,13000,1,0,1,0,1,薄緑,岐阜県,ＷＥＣＡＲＳ（ウィーカーズ） 岐南店
2465,132.3,57000,10,0,1,0,1,黒,千葉県,ホンダカーズ北千葉 Ｕ－Ｓｅｌｅｃｔ流山
2466,142.4,34000,9,0,1,0,1,銀Ｍ,愛知県,ガリバー 名古屋茶屋店
2467,347.6,10,1,0,1,1,1,緑茶灰,愛知県,Ａｃｅ　Ｃａｒｓ（有）エースカーズ
2468,200.1,43000,5,0,1,1,1,黄,愛知県,愛知トヨタ キャラット小牧店
2469,365.9,13,0,0,1,1,1,黒,鳥取県,ネクステージ 米子店
2470,302.9,15,1,0,1,0,1,黒,山口県,ネクステージ 山口店
2471,305.4,10000,1,0,1,1,1,黒Ｍ,愛知県,ネクステージ 守山店
2472,306.9,11000,1,0,1,1,1,真珠Ｍ,愛知県,ネクステージ 江南店
2473,308.1,11000,1,0,1,1,1,黒,和歌山県,ネクステージ 和歌山店
2474,329.7,9000,1,0,1,1,1,白真珠,愛知県,ガリバー 一宮店
2475,349.9,7000,1,0,1,1,1,赤灰,千葉県,ＳＵＶ　ＬＡＮＤ 千葉
2476,241.8,9000,2,0,1,0,1,桃,栃木県,ガリバー 小山店
2477,272.2,40000,2,0,1,1,1,緑,大阪府,トヨタモビリティ新大阪（株） Ｕ－Ｃａｒ枚方山之上店
2478,288.3,4000,2,0,1,1,1,赤Ｍ,大分県,トヨタカローラ大分 本店　トヨタ認定中古車センター元町
2479,309.7,10000,2,0,1,1,1,薄茶,愛知県,ガリバー 一宮店
2480,239.8,22000,3,0,1,1,1,白真珠,島根県,ガリバー 出雲店
2481,270,21000,3,0,1,1,1,黒,東京都,パティオ東村山
2482,286.3,19000,3,0,1,1,1,真珠Ｍ,兵庫県,神戸トヨペット（株） ＴＨＥ　ＧＡＲＡＧＥ　西宮
2483,288.2,41000,3,0,1,1,1,白真珠,大阪府,ガリバー 枚方店
2484,299.8,11000,3,0,1,1,1,緑,鹿児島県,ガリバー 鹿児島店
2485,309.9,29000,3,0,1,1,1,真珠白,岡山県,ネクステージ 岡山店
2486,293.3,29000,4,0,1,1,1,緑,大阪府,ＳＵＶ　ＬＡＮＤ 箕面
2487,293.8,14000,4,0,1,1,1,真珠白,岡山県,ユーカープラス
2488,208.8,29000,5,0,1,0,1,白真珠,千葉県,ガリバーアウトレット 八千代店
2489,209.9,41000,5,0,1,0,1,薄茶,愛知県,ガリバー 岡崎店
2490,201.8,39000,6,0,1,1,1,赤,岩手県,ガリバー 盛岡南店
2491,219.2,32000,6,0,1,1,1,薄茶,香川県,ガリバー 高松東山崎店
2492,111.9,107000,7,0,0,1,1,薄茶,千葉県,Ｇ－ＡＦＴＥＲ 成田店
2493,189.8,38000,7,0,1,0,1,黒Ｍ,千葉県,ガリバーＷＯＷ！ＴＯＷＮ 幕張
2494,197.3,22000,7,0,1,0,1,真珠白,香川県,ネクステージ 高松店
2495,209.8,36000,7,0,1,1,1,青Ｍ,愛知県,ガリバー 守山店
2496,219.8,41000,7,0,1,1,1,真珠,沖縄県,ガリバー ３２９南風原店
2497,119.2,84000,8,0,1,0,1,紫,香川県,ガリバー 高松東山崎店
2498,129.2,56000,8,0,1,0,1,茶,愛知県,（株）オートタウン犬山 一宮千秋店
2499,154.8,58000,8,0,1,0,1,紫,佐賀県,ガリバー 唐津店
2500,109.9,81000,9,0,1,0,1,真珠白,愛知県,ネクステージ クラスポ蒲郡店
2501,111.6,95000,9,0,0,1,0,黒,岡山県,Ｇ－ＡＦＴＥＲ ＭＥＧＡ東岡山店
2502,112.9,65000,9,0,1,0,1,黒,大阪府,ＳＵＶ　ＬＡＮＤ 箕面
2503,120.1,71000,9,0,1,0,1,黒Ｍ,奈良県,ネクステージ 橿原店
2504,133.8,85000,9,0,1,0,1,白真珠,栃木県,ガリバー 小山店
2505,164.8,69000,9,0,1,0,1,白真珠,北海道,カーセブン函館西店
2506,169.9,58000,9,0,1,1,1,紫,熊本県,リバティ ドリーム熊本インター店
2507,172.9,70000,9,0,1,1,1,真珠白,千葉県,ＳＵＶ　ＬＡＮＤ 船橋習志野
2508,189.5,44000,9,0,1,0,1,黒,北海道,恵新自動車販売
2509,79.8,85000,10,0,1,0,1,青Ｍ,愛知県,ゆーずどかぁ本舗（株）
2510,113,110000,10,0,1,1,1,真珠,福岡県,ＷＥＣＡＲＳ（ウィーカーズ） 小郡店
2511,129.5,29000,10,0,1,1,1,銀,東京都,パティオ東村山
2512,134.1,51000,10,0,1,0,1,茶,香川県,ネクステージ 高松店
2513,68.3,71000,11,0,0,0,1,茶Ｍ,大阪府,トヨタモビリティ新大阪（株） アウトレット寝屋川店
2514,133,41000,11,0,0,0,1,真珠白,京都府,カーセブン　京都南インター店
2515,147.9,42000,11,0,1,0,1,真珠白,熊本県,ネクステージ 熊本東店
2516,65.9,65000,12,0,1,0,1,黒,大阪府,ネクステージ 岸和田店
2517,309.8,11000,2,0,1,1,1,薄茶,新潟県,ガリバー 新潟店
2518,287.9,2000,2,0,1,0,1,薄灰青,東京都,ガリバー 瑞穂店
2519,187.9,61000,6,0,1,1,1,赤ＭII,愛知県,愛知トヨタ 師勝マイカーセンター
2520,235.9,15000,3,1,1,1,1,真珠白,埼玉県,エフガレージ 所沢店
2521,159.8,57000,8,0,1,0,1,紫,熊本県,株式会社ＨＡＫＵＴＯ　ルマンα
2522,249.9,31000,3,0,1,0,1,黒,熊本県,リバティ ドリーム熊本インター店
2523,159.9,59000,5,1,1,1,1,薄茶,大阪府,株式会社エムケイガレージ
2524,182.8,67000,5,0,1,0,1,白真珠,新潟県,ガリバー ８号燕三条店
2525,237.8,21000,5,0,1,1,1,白真珠,埼玉県,ガリバー 新狭山店
2526,181.8,22000,6,0,1,0,1,白真珠,東京都,パティオ東村山
2527,151.8,38000,7,1,1,1,1,茶黒II,茨城県,ＣＡＲＩＮＣ つくば店
2528,141.6,42000,9,0,1,0,1,銀Ｍ,愛知県,アップル豊川インター店
2529,346.8,7,0,0,1,1,1,真珠Ｍ,滋賀県,滋賀県最大級！コンパクトカー専門店 ＮＯＡＳ（ノアーズ）
2530,266.6,20000,2,1,1,1,1,薄灰青,福井県,ハシモトモータース
2531,214.8,65000,6,0,1,0,1,黒Ｍ,宮城県,株式会社エーシーネクスト 利府店
2532,133.4,73000,7,0,1,1,1,真珠Ｍ,大分県,トヨタカローラ大分 トヨタ認定中古車センター別府石垣
2533,150.3,38000,7,0,1,0,1,赤Ｍ,愛知県,愛知トヨタ 米野木駅前店
2534,119.2,39000,8,0,1,0,1,青Ｍ,埼玉県,フジミオート ＪＵ適正販売店
2535,137.7,40000,8,0,1,0,1,銀Ｍ,岐阜県,岐阜トヨペット（株） リフェスタ岐阜
2536,163.2,46000,8,0,1,0,1,黒Ｍ,北海道,旭川トヨペット（株） 東光店
2537,178.1,42000,8,0,1,0,1,黒Ｍ,宮城県,株式会社エーシーネクスト 利府店
2538,113.4,97000,9,0,1,1,1,黒Ｍ,埼玉県,ハイビークル
2539,114.6,72000,10,0,1,0,1,黒,群馬県,ネクステージ 前橋店
2540,79,50000,12,0,0,0,1,白真珠,千葉県,村山モータース
2541,149.9,66000,8,0,1,0,1,黒Ｍ,徳島県,ノヴィルカーベイス カーセブン川内店
2542,117.4,98000,9,0,1,1,1,白真珠,千葉県,ＣＡＲＩＮＣ 千葉畑町店
2543,129.7,48000,11,0,1,1,1,黄,大阪府,ひまわりガーデン　エコール・ロゼ富田林店／株式会社オンフリーク
2544,296.4,15000,2,0,1,1,1,真珠Ｍ,群馬県,群馬トヨペット株式会社 ヴィーパーク太田店
2545,134.4,60000,10,0,1,0,1,黒Ｍ,宮城県,三共自動車販売（株） ミニバン専門店　仙台東インター夢創庫
2546,289.9,9000,4,0,1,1,1,黒,岐阜県,ネクステージ 岐阜２１号バイパス店
2547,159.5,83000,6,0,1,0,1,黒,愛知県,ネクステージ クラスポ蒲郡店
2548,206.8,38000,7,0,1,1,1,茶真珠,大阪府,（株）関西オート 八尾店
2549,187.9,21000,7,0,1,1,1,黒Ｍ,熊本県,ネッツトヨタ熊本 ＡＵＴＯＭＡＬＬ　ＣＯＬＡＳ　御船店
2550,307,13000,2,0,1,1,1,黒Ｍ,北海道,北海道三菱自動車販売（株） 石狩店
2551,119.9,100000,9,0,1,1,1,濃黒Ｍ,広島県,ネクステージ 福山神辺店
2552,289.7,23000,4,0,1,1,1,黒,群馬県,群馬トヨペット株式会社 ヴィーパーク太田店
2553,305.8,11000,2,0,1,1,1,薄茶,茨城県,ガリバー つくば研究学園店
2554,309,16000,2,0,1,1,1,真珠白,愛知県,ネクステージ 守山店
2555,319.6,35000,3,0,1,1,1,黒,岩手県,ガリバー 盛岡店
2556,152.4,57000,9,0,1,1,1,茶,大阪府,カーチス枚方
2557,182.1,44000,7,0,1,1,1,緑Ｍ,栃木県,栃木トヨタ自動車（株） Ｕ－Ｃａｒ　インターパーク店
2558,138.7,44000,10,0,1,1,1,青,大阪府,ひまわりガーデン　エコール・ロゼ富田林店／株式会社オンフリーク
2559,176.9,14000,7,1,1,1,1,銀Ｍ,徳島県,ワンゼット　徳島店
2560,269.9,11000,3,0,1,0,1,黒,石川県,ネクステージ 野々市店
2561,259.6,13000,3,0,1,0,1,黒,大阪府,（有）ディーファクトリー
2562,99.1,110000,11,0,1,1,1,白真珠,宮崎県,福永自動車
2563,179.9,71000,8,0,1,1,1,真珠白,静岡県,ネクステージ 東静岡店
2564,254.6,4000,2,0,1,0,1,薄緑,大阪府,ＷＥＣＡＲＳ（ウィーカーズ） 高槻店
2565,177.4,76000,5,0,1,1,1,銀Ｍ,大分県,トヨタカローラ大分 トヨタ認定中古車センター高城
2566,171.5,41000,7,0,1,0,1,銀Ｍ,愛知県,愛知トヨタ キャラット豊川店
2567,119.9,35000,10,0,1,0,1,白真珠,埼玉県,エバーグリーンオート株式会社 サード店
2568,291.8,23000,3,0,1,1,1,緑,京都府,ホンダカーズ京都 Ｕ－Ｓｅｌｅｃｔ久世橋　（Ｈｏｎｄａ認定中古車取扱店）
2569,159.9,80000,7,0,1,1,1,黒Ｍ,奈良県,リバティ イオンモール橿原Ｗｅｓｔ　Ｖｉｌｌａｇｅ店
2570,201,18000,5,0,1,0,1,真珠Ｍ,熊本県,ネッツトヨタ熊本 ネッツワールド健軍桜木店
2571,135.9,64000,10,0,1,1,1,白真珠,静岡県,愛車をグッとお手頃に。ＣＡＲ　ＯＮ（カーオン）
2572,308.8,5000,3,0,1,1,1,灰青青,大阪府,ガリバー 東大阪店
2573,210.8,49000,6,0,1,1,1,白真珠,茨城県,ガリバー 筑西店
2574,199.9,35000,5,0,1,0,1,黒,石川県,ネクステージ 野々市店
2575,305.5,10000,2,0,1,1,1,灰,石川県,ＳＵＶ　ＬＡＮＤ 金沢
2576,287.9,26000,4,0,1,1,1,薄緑,愛知県,ネクステージ 日進駅前店
2577,285.8,27000,4,0,1,1,1,薄緑,熊本県,ガリバー 熊本店
2578,258.7,13,1,0,1,1,1,黒,愛知県,普・未使用車　パッションプラス南大高店
2579,209.8,32000,5,0,1,0,1,黒,愛媛県,ガリバー 宇和島店
2580,313.3,8000,1,0,1,1,1,真珠Ｍ,静岡県,未使用車・中古車・大型展示場　松下モータース
2581,219.9,40000,5,0,1,0,1,茶黒II,愛知県,ガリバー 岡崎店
2582,130.6,103000,7,0,1,1,1,黒Ｍ,福岡県,サザンオート
2583,319.8,9,1,0,1,1,1,黒,愛媛県,軽が安いガリレオ
2584,289.5,40000,2,0,1,1,1,灰濃,岐阜県,トヨタカローラネッツ岐阜（株） Ｕ－Ｃａｒ大垣店
2585,156.8,71000,9,0,1,1,1,黒Ｍ,宮城県,ガリバー 仙台利府店
2586,282.9,42000,4,0,1,1,1,真珠,山梨県,ＷＥＣＡＲＳ（ウィーカーズ） 甲斐店
2587,170.4,53000,7,0,1,0,1,真珠Ｍ,熊本県,熊本トヨペット 水俣店
2588,155.7,74000,8,0,1,1,1,赤Ｍ,熊本県,熊本トヨペット 山鹿店
2589,143.7,85000,7,0,1,1,1,赤Ｍ,栃木県,栃木トヨタ自動車（株） Ｕ－Ｃａｒ　西那須野店
2590,258.7,8,1,0,1,1,1,黒,愛知県,普・未使用車　パッションプラス春日井店
2591,85.6,104000,10,0,1,0,1,黒,千葉県,チャンス 八街店
2592,309.9,10000,1,0,1,1,1,真珠白,三重県,ネクステージ 四日市店
2593,322.8,842,1,0,1,1,1,黒,滋賀県,滋賀県最大級！コンパクトカー専門店 ＮＯＡＳ（ノアーズ）
2594,179.9,50000,8,0,1,0,1,黒,愛媛県,ネクステージ 松山中央店
2595,151.2,87000,7,0,1,1,1,黒Ｍ,茨城県,ＣＡＲＩＮＣ つくば店
2596,176.6,48000,6,0,1,0,1,赤Ｍ,愛知県,ＮＴＰ名古屋トヨペット（株） オレンジタウン一宮店
2597,177.2,49000,8,0,1,1,1,茶Ｍ,愛知県,愛知トヨタ キャラット豊田店
2598,219,25000,5,0,1,1,1,薄茶,千葉県,ガリバー 木更津金田店
2599,309.9,11000,1,0,1,1,1,薄茶,三重県,ネクステージ 桑名店
2600,155.7,57000,7,0,1,0,1,緑,宮城県,宮城ダイハツ販売 六丁の目店
2601,308.2,10000,3,0,1,1,1,真珠Ｍ,群馬県,ネッツトヨタ群馬 前橋よしおか店
2602,257.3,26000,3,0,1,0,1,灰,埼玉県,カーセブンＭＥＧＡ三郷店
2603,199.9,24000,5,0,1,0,1,赤Ｍ,大分県,軽スパ別府店　株式会社小野自動車
2604,167.8,65000,7,0,1,0,1,茶,沖縄県,ガリバー 那覇店
2605,157,63000,9,0,1,0,1,紫,福井県,有限会社　太陽商会
2606,269.8,28000,3,0,0,1,1,薄茶,大分県,ガレージカズセカンド
2607,108.1,101000,9,0,1,0,1,真珠白,宮崎県,ネクステージ 延岡店
2608,264.8,52000,4,0,1,1,1,薄茶茶,三重県,ガリバー 伊勢店
2609,142.9,71000,10,0,1,1,1,黒,愛知県,ネクステージ 刈谷店
2610,119.2,99000,7,0,1,0,1,白真珠,千葉県,チャンス 富里店
2611,189.8,51000,7,0,1,1,1,白真珠,鳥取県,ガリバー 鳥取店
2612,285.3,38000,4,0,1,1,1,黒,大分県,トヨタカローラ大分 わさだ店　トヨタ認定中古車センターわさだ
2613,314.9,14000,1,0,1,1,1,真珠白,愛知県,ネクステージ 大高店
2614,148.1,77000,5,1,1,1,1,白真珠,茨城県,ＣＡＲＩＮＣ つくば店
2615,249.8,39000,3,0,1,0,1,薄緑,山形県,ガリバー 天童店
2616,164.6,88000,5,0,1,1,1,真珠Ｍ,愛知県,愛知トヨタ 師勝マイカーセンター
2617,222.2,37000,5,0,1,1,1,紺Ｍ,三重県,（株）オートモール ヴァーサス四日市東インター店
2618,279.8,8,2,0,1,0,1,黒,神奈川県,アクティブコレクション　登録済未使用車専門店
2619,133.8,69000,11,0,1,1,1,赤Ｍ,滋賀県,ガリバー 草津南店
2620,271.6,18000,2,0,1,0,1,黒,大分県,トヨタカローラ大分 本店　トヨタ認定中古車センター元町
2621,125.8,33000,11,0,1,0,1,黄,大阪府,（株）関西オート 八尾店
2622,268.2,47000,4,0,1,1,1,真珠Ｍ,滋賀県,トヨタモビリティ滋賀（株） ウエルコム栗東　Ｕ－ＣａｒＬＡＮＤ
2623,195.9,13000,6,0,1,0,1,白真珠,徳島県,ワンゼット　徳島店
2624,292.9,21000,3,0,1,1,1,緑,三重県,ネクステージ 松阪店
2625,213.8,36000,5,0,1,0,1,薄茶,鹿児島県,ガリバー 鹿児島店
2626,148.8,80000,9,0,1,1,1,白真珠,富山県,ガリバー 黒部店
2627,328,18000,3,0,1,1,1,真珠,山形県,ＷＥＣＡＲＳ（ウィーカーズ） 山形店
2628,95.3,97000,9,0,1,0,1,茶真珠,千葉県,ＣＡＲＩＮＣ 千葉畑町店
2629,188.4,22000,7,0,1,1,1,真珠II,大分県,トヨタカローラ大分 中津店　トヨタ認定中古車センター中津
2630,309.9,11000,1,0,1,1,1,真珠白,愛知県,ネクステージ 東浦店
2631,298.5,12000,2,0,1,1,1,薄茶,大分県,トヨタカローラ大分 中津店　トヨタ認定中古車センター中津
2632,310,8000,2,0,1,1,1,真珠Ｍ,富山県,ガリバー 富山店
2633,229.8,31000,5,0,1,0,1,白真珠,京都府,ガリバー 舞鶴店
2634,131,34000,10,0,1,0,1,真珠,兵庫県,カーショップＲ′ｓ４３（カーショップアールズ４３）
2635,174.9,66000,7,0,1,0,1,白真珠,大阪府,（有）ヒラマツ自動車
2636,118,100000,8,0,1,0,1,真珠,岐阜県,ＷＥＣＡＲＳ（ウィーカーズ） 瑞穂店
2637,177.8,49000,7,0,1,0,1,黒,奈良県,ネクステージ 奈良店
2638,315.9,5000,1,0,1,1,1,真珠白,栃木県,ネクステージ 小山店
2639,124.9,35000,10,0,1,0,1,黒Ｍ,大阪府,株式会社エムケイガレージ
2640,218.9,36000,7,0,1,1,1,赤,福岡県,ＴＲＩＡＬ　ＣＡＲＳ（トライアルカーズ） 田川川崎店
2641,181.6,28000,6,0,1,0,1,黄,福岡県,ＷＥＣＡＲＳ（ウィーカーズ） 古賀店
2642,322.8,31000,4,0,1,1,1,深灰,北海道,ガリバー 旭川永山店
2643,259.8,61000,3,0,1,1,1,白真珠,栃木県,ガリバー 栃木バイパス店
2644,188.1,65000,5,0,1,1,1,薄茶,愛知県,愛知トヨタ キャラット尾張旭店
2645,311.9,15000,1,0,1,1,1,薄緑,東京都,ガリバー 瑞穂店
2646,112,57000,10,1,1,1,1,銀Ｍ,千葉県,チャンス 八街店
2647,175.9,43000,8,0,1,0,1,黒Ｍ,徳島県,ワンゼット　徳島店
2648,118.6,27000,11,0,0,0,1,銀Ｍ,神奈川県,エースカーセールス 川崎宮前店
2649,264.1,9000,3,0,1,0,0,黒,石川県,ガレージフィックス野々市店
2650,245.9,21000,4,1,1,1,1,薄茶Ｍ,徳島県,ワンゼット　徳島店
2651,95.5,97000,10,0,1,0,1,白真珠,千葉県,ＣＡＲＩＮＣ 千葉畑町店
2652,189.8,50000,7,0,1,0,1,白真珠,佐賀県,ガリバー 唐津店
2653,275,68000,2,0,1,1,1,白真珠,沖縄県,ガリバー ５８号宜野湾店
2654,229.5,45000,5,0,1,1,1,黒Ｍ,兵庫県,ワンゼット　東神戸
2655,299.9,10000,1,0,1,1,1,薄緑Ｍ,宮城県,ネクステージ 大崎店
2656,289.8,32000,4,0,1,1,1,白真珠,愛知県,ガリバー 守山店
2657,314.9,19000,3,0,1,1,1,緑,福井県,ネクステージ 福井丸岡店
2658,233.8,33000,4,0,1,0,1,黒Ｍ,沖縄県,ガリバー ３２９南風原店
2659,192.6,44000,6,0,1,0,1,真珠,大阪府,ＷＥＣＡＲＳ（ウィーカーズ） 二色の浜店
2660,312.4,11000,1,0,1,1,1,薄茶,静岡県,ネクステージ 裾野長泉店
2661,214.8,46000,5,0,1,1,0,茶,鳥取県,ガリバー 鳥取店
2662,283,14000,2,0,1,1,1,真珠Ｍ,大分県,トヨタカローラ大分 宇佐店
2663,146.7,46000,10,0,1,1,1,黒Ｍ,宮城県,三共自動車販売（株） 仙台六丁の目店
2664,207.8,29000,6,0,1,0,1,白真珠,東京都,ガリバー 八王子みなみ野店
2665,280.8,34000,4,0,1,1,1,薄茶,三重県,ガリバー 朝日店
2666,129,70000,10,0,1,0,1,銀,大阪府,タカセオートトレーディング 福祉車両取扱い店
2667,312.6,9000,1,0,1,1,1,真珠Ｍ,京都府,ＷＥＣＡＲＳ（ウィーカーズ） 京都伏見店
2668,321.8,11000,1,0,1,1,1,白真珠,兵庫県,（株）スズキ中兵庫販売 スズキカ―セレクションセンター鈴蘭台
2669,309.9,26000,2,0,1,1,1,深灰,福岡県,ＴＲＩＡＬ　ＣＡＲＳ（トライアルカーズ） 新宮店
2670,305.9,6,1,0,1,1,1,薄茶,大分県,軽スパ別府店　株式会社小野自動車
2671,172.9,56000,7,0,1,0,1,黒Ｍ,三重県,ネクステージ 津店
2672,278.7,39000,4,0,1,1,1,黒,大分県,トヨタカローラ大分 トヨタ認定中古車センター高城
2673,273.8,33000,4,0,1,1,1,黒,神奈川県,ガリバー 小田原東インター店
2674,126.6,63000,10,0,1,0,1,真珠白,栃木県,ＴＳモータース
2675,206.9,27000,5,0,1,1,1,白真珠,神奈川県,リバーサイド エルザ１６号町田ショールーム
2676,279.7,9000,3,1,1,1,1,黒,兵庫県,ワンゼット鈴蘭台
2677,129.6,100000,5,1,1,1,1,白真珠,福岡県,サザンオート
2678,264.9,24000,3,0,1,1,1,薄茶,福岡県,福祉車両のみ１５０台展示　福祉車両専門店（一社）福祉車両のたすかる
2679,279.2,29000,4,0,1,1,1,真珠Ｍ,大分県,トヨタカローラ大分 トヨタ認定中古車センター別府石垣
2680,286.6,5000,1,0,1,0,1,深灰,千葉県,ＷＥＣＡＲＳ（ウィーカーズ） 酒々井店
2681,306.7,19000,1,0,1,1,1,黒,愛知県,アツミモータース 豊橋向山店
2682,179.9,38000,8,0,1,0,1,紫,群馬県,東部オート 小鳥店
2683,215.3,42000,5,0,1,1,1,真珠白,東京都,カーセブン八王子多摩店
2684,163.5,36000,7,0,1,0,1,赤Ｍ,愛知県,愛知トヨタ 稲沢おりづマイカーセンター
2685,211.6,14000,7,0,1,1,1,茶真珠,沖縄県,ＷＥＣＡＲＳ（ウィーカーズ） 糸満店
2686,148.7,75000,7,0,1,0,1,黄,群馬県,ネッツトヨタ群馬 高崎駅東口店中古車センター
2687,219.5,12000,2,0,1,0,1,真珠,群馬県,ＷＥＣＡＲＳ（ウィーカーズ） 前橋店
2688,257.6,2000,2,0,1,1,1,薄緑,千葉県,ＷＥＣＡＲＳ（ウィーカーズ） 南柏店
2689,312.6,12000,2,0,1,1,1,黒,神奈川県,ＷＥＣＡＲＳ（ウィーカーズ） 瀬谷目黒店
2690,276.8,12000,3,0,1,0,1,薄緑,大阪府,ガリバー 東大阪店
2691,284.6,11000,3,0,1,0,1,黒,山口県,ＷＥＣＡＲＳ（ウィーカーズ） 宇部店
2692,316.6,11000,3,0,1,1,1,薄緑,茨城県,ＷＥＣＡＲＳ（ウィーカーズ） 阿見店
2693,217.8,43000,6,0,1,1,1,白真珠,静岡県,ガリバー 富士青葉通り店
2694,143.8,60000,7,0,1,0,1,白真珠,埼玉県,ガリバー 新狭山店
2695,218.3,56000,7,0,1,1,1,黒Ｍ,山口県,ＷＥＣＡＲＳ（ウィーカーズ） 宇部店
2696,146.4,37000,9,0,1,0,1,黒Ｍ,福岡県,九州三菱自動車販売（株） クリーンカー久留米
2697,156.8,43000,9,0,1,1,1,銀,埼玉県,ガリバー 新狭山店
2698,267.6,10,1,0,1,1,1,真珠Ｍ,広島県,ＷＥＣＡＲＳ（ウィーカーズ） 広島西店
2699,119.4,72000,10,0,1,0,1,黒Ｍ,神奈川県,リバーサイド エルザ１６号町田ショールーム
2700,271.3,41000,4,0,1,1,1,緑,福岡県,ホンダカーズ福岡 那珂川店
2701,313.8,7000,1,0,1,1,1,薄緑,大分県,ＣＡＲ　ＮＥＣＳＴ
2702,329.9,10000,1,0,1,1,1,薄茶,群馬県,東部オート 高前バイパス店
2703,176.4,32000,7,0,1,0,1,薄茶,大阪府,（株）ジョブカーズ 枚方東店
2704,162.4,12000,8,1,1,1,1,銀Ｍ,千葉県,ＣＡＲＩＮＣ 千葉畑町店
2705,131.3,87000,8,0,1,0,1,黒,宮崎県,ホンダカーズ宮崎 花ヶ島店
2706,317.6,21000,1,0,1,1,1,薄緑,佐賀県,ＷＥＣＡＲＳ（ウィーカーズ） 唐津店
2707,137.9,71000,10,0,1,0,1,真珠白,愛知県,ネクステージ 大高店
2708,251.6,40000,3,0,1,0,1,黒,兵庫県,神戸トヨペット（株） ＴＨＥ　ＧＡＲＡＧＥ　姫路
2709,239.8,54000,3,0,1,0,1,薄茶,兵庫県,ガリバー 洲本バイパス店
2710,184.1,67000,6,0,1,1,0,茶,神奈川県,リバーサイド エルザ横浜店
2711,249.8,39000,2,0,1,1,1,緑,広島県,ガリバー 広島吉島店
2712,292.8,47000,2,0,1,1,1,白真珠,千葉県,ガリバー 蘇我インター店
2713,317.7,20000,2,0,1,1,1,薄茶,大阪府,ＳＵＶ　ＬＡＮＤ 箕面
2714,230.8,21000,3,0,1,0,1,灰,千葉県,ガリバー 千葉ニュータウン店
2715,292.8,13000,3,0,1,1,1,白真珠,千葉県,ガリバー 千葉ニュータウン店
2716,301.4,38000,3,0,1,0,1,黒,福島県,ガリバー 郡山安積店
2717,306.6,34000,3,0,1,1,1,黒,徳島県,ガリバー 徳島川内店
2718,104.3,106000,7,0,1,0,1,薄茶,愛知県,ＳＵＶ専門店　ファイントラスト小牧店
2719,172.1,67000,7,0,1,1,1,白真珠,埼玉県,ガリバー 新狭山店
2720,203,68000,7,0,1,1,1,黒Ｍ,千葉県,ＷＥＣＡＲＳ（ウィーカーズ） 南柏店
2721,206.6,42000,7,0,1,1,1,青Ｍ,千葉県,ガリバー １６号野田店
2722,240.6,25000,7,0,1,1,1,茶,徳島県,ガリバー 徳島川内店
2723,148,80000,8,0,1,1,1,濃紫,愛知県,トヨタモビリティ中京株式会社 西尾センター
2724,153.8,60000,8,0,1,0,1,黒Ｍ,茨城県,ガリバー ひたち海浜公園前店
2725,182.9,73000,9,0,1,1,1,白真珠,兵庫県,ガリバー ２号明石店
2726,144.8,17000,10,0,1,0,1,黒Ｍ,東京都,ガリバー 世田谷成城店
2727,149.8,52000,10,0,1,0,1,薄緑Ｍ,北海道,ガリバー 旭川永山店
2728,309,41000,2,0,1,1,1,薄緑,愛媛県,ガリバー 今治店
2729,301.6,18000,3,0,1,1,1,真珠Ｍ,広島県,ＷＥＣＡＲＳ（ウィーカーズ） 広島西店
2730,199.9,38000,7,0,1,1,1,赤紫,福岡県,ＴＲＩＡＬ　ＣＡＲＳ（トライアルカーズ） 新宮店
2731,218.7,33000,6,0,1,0,1,白真珠,兵庫県,ワンゼット　東神戸
2732,129.8,23000,10,0,1,0,1,青,千葉県,ふくしる浦安店（アットカーズ浦安）
2733,169.7,30000,8,0,1,0,1,茶,埼玉県,カーセブンＭＥＧＡ三郷店
2734,299.8,20000,3,0,1,1,1,黒,兵庫県,ガリバー 姫路店
2735,139.8,76000,10,0,1,1,1,白真珠,東京都,ガリバー 八王子みなみ野店
2736,128.8,58000,10,0,1,0,1,白真珠,三重県,ガリバー 伊勢店
2737,280.6,35000,3,0,1,1,1,緑,愛知県,愛知トヨタ 稲沢おりづマイカーセンター
2738,134.1,27000,11,0,0,1,1,赤Ｍ,神奈川県,エースカーセールス 第６センター
2739,229.9,38000,5,0,1,1,1,青,新潟県,ネクステージ 長岡店
2740,242.7,58000,3,0,1,1,1,深灰,兵庫県,ＷＥＣＡＲＳ（ウィーカーズ） 兵庫太子店
2741,215.9,25000,6,0,1,0,1,黒Ｍ,長野県,ネクステージ 松本店
2742,260.5,12000,3,0,1,1,1,黒,岡山県,岡山トヨペット ＣＨＵ　ＢＡＳＥ　津山
2743,206.6,99000,5,0,1,1,1,真珠Ｍ,熊本県,ユナイテッドトヨタ熊本株式会社 カローラ熊本　東バイパス店
2744,233.9,20000,5,0,1,1,1,黒Ｍ,愛知県,愛知トヨタ キャラット知立店
2745,150.4,46000,7,0,1,0,1,銀Ｍ,愛知県,愛知トヨタ 東刈谷マイカーセンター
2746,152.6,71000,7,0,1,0,1,黄黒II,熊本県,ユナイテッドトヨタ熊本株式会社 Ｒ３２５店
2747,160.5,40000,7,0,1,0,1,黒Ｍ,栃木県,栃木トヨタ自動車（株） Ｕ－Ｃａｒ　西那須野店
2748,177.5,29000,7,0,1,0,1,茶Ｍ,北海道,ダイハツ豊平
2749,190.1,11000,7,0,1,0,1,赤Ｍ,愛知県,愛知トヨタ 城北店
2750,153.4,71000,8,0,1,1,1,黒Ｍ,熊本県,株式会社フロンティア熊本
2751,140,54000,9,0,1,1,1,黒Ｍ,愛知県,トヨタモビリティ東名古屋（株） キリンダム三好中央店
2752,112.1,55000,10,0,1,0,1,青Ｍ,愛知県,愛知トヨタ 高蔵寺店
2753,289.9,28000,4,0,1,1,1,真珠白,埼玉県,ネクステージ 新座店
2754,147,60000,10,0,1,1,1,真珠Ｍ,兵庫県,神戸トヨペット（株） ＴＨＥ　ＧＡＲＡＧＥ　姫路
2755,289.8,50000,4,0,1,1,1,深灰,岩手県,ガリバー 北上店
2756,177.9,63000,9,0,1,1,1,黒,福岡県,ネクステージ 北九州店
2757,289.8,43000,4,0,1,1,1,白真珠,沖縄県,ガリバー うるま店
2758,219.8,45000,5,0,1,0,1,薄茶黒,茨城県,ガリバー つくば研究学園店
2759,311.8,22000,2,0,1,1,1,黒,石川県,ガリバー 七尾店
2760,288.9,38000,3,0,1,1,1,白真珠,広島県,広島トヨペット 三原店
2761,163,59000,7,0,1,0,1,青ＭＭ,奈良県,ＷＥＣＡＲＳ（ウィーカーズ） 橿原店
2762,181.8,82000,7,0,1,0,1,黒Ｍ,山形県,ガリバー 鶴岡店
2763,148.3,56000,9,0,1,1,1,黄,大阪府,トヨタモビリティ新大阪（株） Ｕ－Ｃａｒ枚方山之上店
2764,179.9,39000,9,0,1,0,1,濃黒Ｍ,神奈川県,ネクステージ 厚木店
2765,187.9,51000,5,0,1,0,1,薄茶,佐賀県,ＷＥＣＡＲＳ（ウィーカーズ） 佐賀北部バイパス店
2766,172.3,42000,7,0,1,0,1,銀Ｍ,愛知県,愛知トヨタ 岡崎中店
2767,270.6,52000,3,0,1,1,1,緑,大分県,トヨタカローラ大分 本店　トヨタ認定中古車センター元町
2768,114.8,50000,9,1,1,0,1,白,大阪府,（株）アイエスオート　泉大津本店
2769,319.9,60,1,0,1,1,1,黒,広島県,サコダ車輌 東広島店
2770,125.7,98000,10,0,1,0,1,茶真珠,北海道,トヨタモビリティ帯広 中古車センターＴＷＩＮＧ
2771,324.9,11000,2,0,1,1,1,真珠白,愛知県,ネクステージ 東浦店
2772,184,69000,7,0,1,1,1,真珠Ｍ,大分県,トヨタカローラ大分 トヨタ認定中古車センター別府石垣
2773,228.7,37000,6,0,1,1,1,黒Ｍ,山形県,プライムオート 本社
2774,254.6,25000,2,0,1,0,1,青,東京都,ＷＥＣＡＲＳ（ウィーカーズ） 多摩店
2775,192.8,47000,7,0,1,0,1,白真珠,沖縄県,ガリバー 那覇店
2776,188.2,4000,8,0,1,0,1,銀Ｍ,大阪府,（株）関西オート 八尾店
2777,329.9,3000,1,0,1,1,1,灰,千葉県,ネクステージ 幕張店
2778,287.6,18000,1,0,1,1,1,真珠Ｍ,佐賀県,ＷＥＣＡＲＳ（ウィーカーズ） 佐賀大和店
2779,307.9,9,1,0,1,1,1,薄茶,岐阜県,ファミリー エコカー店
2780,189.8,47000,8,0,1,0,1,黒Ｍ,沖縄県,ガリバー 那覇店
2781,319.8,17,1,0,1,1,1,薄緑,愛媛県,軽が安いガリレオ
2782,159.8,19000,10,0,1,0,1,黒Ｍ,福井県,ガリバー ８号越前店
2783,199.8,27000,7,0,1,0,1,白真珠,東京都,ガリバー 世田谷成城店
2784,136.5,87000,11,0,1,1,1,真珠白,滋賀県,ネクステージ 草津店
2785,210,39000,5,0,1,0,1,茶,千葉県,ガリバー 木更津金田店
2786,194.8,30000,7,0,1,0,1,黒Ｍ,新潟県,ガリバー 新潟店
2787,128.2,81000,9,0,1,1,1,白真珠,愛知県,アップル東郷店
2788,146,70000,4,1,1,1,1,真珠,茨城県,チャンス 神栖店
2789,177.8,53000,7,0,1,0,1,黒Ｍ,大阪府,ＴＡＸ和泉店
2790,170.2,13000,8,0,1,0,1,銀Ｍ,茨城県,茨城トヨペット株式会社 Ｕ－Ｃａｒセンター６号みのり店
2791,307.9,7,1,0,1,1,1,薄茶,岐阜県,ファミリー エコカー店
2792,254.7,24000,4,0,1,0,1,青,和歌山県,ＷＥＣＡＲＳ（ウィーカーズ） 和歌山店
2793,123,67000,11,0,1,0,1,真珠,熊本県,ＷＥＣＡＲＳ（ウィーカーズ） 熊本浜線店
2794,91.9,101000,9,0,1,0,1,黒Ｍ,群馬県,ネッツＧＴＧ ひろさわ店
2795,324.9,10000,2,0,1,1,1,濃青Ｍ,栃木県,ネクステージ 宇都宮店
2796,277.8,14000,3,0,1,0,1,薄茶,愛知県,ガリバー 名古屋茶屋店
2797,188,25000,6,0,1,0,1,黒Ｍ,千葉県,株式会社イケダオート
2798,299.8,16000,4,0,1,1,1,薄茶,岡山県,ユーカープラス
2799,292.7,18000,3,0,1,1,1,黒,岡山県,ネッツトヨタ岡山 Ｕステージ倉敷中島
2800,272.6,14000,3,0,1,1,1,青,千葉県,ＷＥＣＡＲＳ（ウィーカーズ） 千葉店
2801,214.9,51000,7,0,1,1,1,黒,長野県,ネクステージ 長野南店
2802,278,9000,1,0,1,0,1,薄茶茶,愛知県,（株）エムズオート　３号店
2803,228,21000,5,0,1,0,0,薄灰青,熊本県,株式会社テクニカルオートチアキ
2804,253.8,7000,4,0,0,1,0,真珠白,千葉県,Ｇ－ＡＦＴＥＲ ＭＥＧＡ千葉北インター店
2805,279.8,32000,4,0,1,1,1,黒,岡山県,ガリバー 岡山店
2806,312.7,25000,2,0,1,1,1,薄茶,大阪府,ＷＥＣＡＲＳ（ウィーカーズ） 堺鉄砲町店
2807,327.6,9000,1,0,1,1,1,深灰II,東京都,ＷＥＣＡＲＳ（ウィーカーズ） 多摩店
2808,194.9,78000,5,0,1,1,1,真珠白,三重県,ネクステージ 松阪店
2809,185.9,64000,8,0,1,0,1,黒Ｍ,熊本県,ＷＥＣＡＲＳ（ウィーカーズ） 宇土店
2810,236.7,27000,5,0,1,1,1,真珠,滋賀県,ＷＥＣＡＲＳ（ウィーカーズ） びわ湖守山店
2811,276.6,20000,3,0,1,1,1,薄緑,愛媛県,ＷＥＣＡＲＳ（ウィーカーズ） 衣山店
2812,199.7,27000,6,0,1,0,1,黒Ｍ,大阪府,ワンゼット　箕面店
2813,314.4,3000,1,0,1,1,1,真珠白,神奈川県,カーセブン川崎宮崎台店
2814,105,76000,10,0,1,0,1,黒Ｍ,茨城県,ＣＡＲＩＮＣ つくば店
2815,335.9,7,1,0,1,1,1,薄緑,大分県,軽スパ別府店　株式会社小野自動車
2816,165.7,62000,8,0,1,0,1,真珠白,埼玉県,カーセブンＭＥＧＡ三郷店
2817,196.9,28000,7,0,1,1,1,白真珠,宮崎県,ホンダカーズ宮崎 花ヶ島店
2818,316.6,7000,3,0,1,1,1,真珠,徳島県,ＷＥＣＡＲＳ（ウィーカーズ） 徳島上板店
2819,193.2,68000,8,0,1,1,1,黒Ｍ,宮城県,株式会社エーシーネクスト 大崎店
2820,189.8,27000,8,0,1,0,1,黒Ｍ,茨城県,ガリバー １２４号鹿嶋店
2821,346.9,5,0,0,1,1,1,緑黒,兵庫県,株式会社くるま屋スピッツ　新車市場カーベル姫路西店
2822,242.8,34000,4,0,1,1,1,黄黒II,大阪府,（株）関西オート 八尾店
2823,254.6,13000,3,0,1,0,1,黒,石川県,ガレージフィックス野々市店
2824,289.8,29000,4,0,1,1,1,薄茶,京都府,ガリバー 舞鶴店
2825,86.2,94000,11,0,1,0,1,青Ｍ,栃木県,アープオート
2826,326.5,1000,1,0,1,1,1,薄灰青,群馬県,群馬トヨペット株式会社 ヴィーパーク太田店
2827,309.8,47000,3,0,1,1,1,白真珠,福島県,ガリバーアウトレット 会津若松店
2828,147,97000,8,0,1,1,1,真珠,岡山県,ウィルオートサービス
2829,182.4,36000,7,0,1,1,1,真珠II,愛知県,愛知トヨタ 東浦店
2830,264.7,16000,3,0,1,0,0,薄緑,大分県,ＷＥＣＡＲＳ（ウィーカーズ） 大分下郡店
2831,178.6,51000,7,0,1,1,1,薄茶,大阪府,大阪トヨタＳｏｕｔｈ（株） サンテラス和泉中央
2832,169.9,87000,5,0,1,0,1,真珠白,北海道,ネクステージ 札幌厚別店
2833,339.9,7000,1,0,1,1,1,真珠白,岐阜県,ネクステージ 岐阜２１号バイパス店
2834,355,4,0,0,1,1,1,白真珠,千葉県,ガリバー 木更津金田店
2835,299.9,931,2,0,1,1,1,薄緑,群馬県,東部オート 高前バイパス店
2836,315,6000,2,0,1,1,1,黒,鳥取県,ＩＲＩＥ　ＦＡＣＴＯＲＹ
2837,186.2,46000,7,0,1,0,1,黒Ｍ,福井県,株式会社　北陸山川モータース　滝波店
2838,149.8,34000,9,0,1,0,1,白真珠,新潟県,ガリバー 新潟店
2839,177.7,23000,7,0,1,0,1,真珠Ｍ,愛知県,愛知トヨタ キャラット小牧店
2840,229.9,38000,7,0,1,1,1,真珠白,静岡県,ネクステージ 裾野長泉店
2841,143.8,60000,11,0,1,1,1,青Ｍ,大阪府,ガリバー 枚方店
2842,356.4,9,0,0,1,1,1,薄茶,大阪府,Ｍ’ｚ　ＳＰＥＥＤ／エムズスピード
2843,198.8,28000,7,0,1,0,1,赤紫II,熊本県,ガリバー 熊本インター店
2844,273.8,12000,4,0,1,0,1,薄緑,愛知県,ガリバー 名古屋茶屋店
2845,123.8,91000,11,0,1,1,1,銀Ｍ,富山県,ガリバー 黒部店
2846,189.9,32000,7,0,1,0,1,白真珠,徳島県,ワンゼット　徳島店
2847,169.9,27000,9,0,1,0,1,真珠白,香川県,ネクステージ 丸亀店
2848,301.7,32000,4,0,1,1,1,緑,大分県,ＯＲＩＸ　Ｕ－ｃａｒ 大分萩原店
2849,169.7,75000,7,0,1,1,1,白真珠,大阪府,普通車・登録済未使用車専門店　車の森 なかもず店
2850,304.4,10000,3,0,1,1,1,真珠白,熊本県,九州産交オートサービス すまいる館　西回りバイパス店
2851,121.8,122000,8,0,1,0,1,紫,埼玉県,ガリバー 羽生店
2852,153.3,56000,11,0,1,1,1,黒,埼玉県,カーセブンＭＥＧＡ三郷店
2853,153.2,85000,5,0,1,0,1,黒Ｍ,大分県,トヨタカローラ大分 宇佐店
2854,232.9,26000,5,0,1,1,1,赤Ｍ,宮城県,ＷＥＣＡＲＳ（ウィーカーズ） 名取店
2855,161.8,60000,11,0,1,1,1,白真珠,岐阜県,ガリバー 岐阜北方店
2856,208.8,60000,5,0,1,1,1,茶黒II,富山県,ガリバーアウトレット 富山新庄店
2857,306.8,19000,3,0,1,1,1,薄茶,三重県,ガリバー アウトレット津高茶屋店
2858,325,11000,3,0,0,1,1,白,北海道,ＣＡＲ　ＰＬＡＴ小樽
2859,218.1,34000,7,0,1,1,1,青,神奈川県,リバーサイド エルザ横浜店
2860,311.6,6000,3,0,1,1,1,真珠,新潟県,ＷＥＣＡＲＳ（ウィーカーズ） 新潟中央店
2861,186.7,56000,6,0,1,0,1,真珠,千葉県,ＷＥＣＡＲＳ（ウィーカーズ） 南柏店
2862,269.4,38000,3,0,1,1,1,薄茶,群馬県,群馬トヨペット株式会社 ヴィーパーク高崎３５４バイパス店
2863,109.9,90000,9,0,1,0,1,黒Ｍ,沖縄県,ネクステージ 沖縄うるま店
2864,288.6,31000,4,0,1,1,1,薄茶,大分県,トヨタカローラ大分 中津店　トヨタ認定中古車センター中津
2865,94.9,122000,9,0,1,0,1,黒,石川県,ＳＵＶ　ＬＡＮＤ 金沢
2866,155.9,35000,9,0,1,0,1,白真珠,徳島県,ワンゼット　徳島店
2867,289.8,60000,4,0,1,1,1,薄緑,北海道,（株）四輪館 本店
2868,150.5,85000,9,0,1,0,1,茶真珠,北海道,トヨタモビリティ帯広 中古車センターＴＷＩＮＧ
2869,166,58000,5,1,1,1,1,黒Ｍ,千葉県,チャンス 船橋店
2870,218.6,20000,5,0,1,1,1,赤Ｍ,神奈川県,共立マイカーセンター 潮見台店
2871,329.8,4000,4,0,1,1,1,深灰,北海道,ａｐｏｌｌｏＯＮＥ白石店
2872,189.7,52000,7,0,1,0,1,黒Ｍ,宮崎県,ネクステージ 延岡店
2873,280.9,44000,3,0,1,1,1,黒,群馬県,ネッツＧＴＧ やじま店
2874,198,40000,8,0,1,1,1,黄II,宮崎県,ＷＥＣＡＲＳ（ウィーカーズ） 宮崎店
2875,302.6,33000,3,0,1,1,1,真珠,長野県,ＷＥＣＡＲＳ（ウィーカーズ） 長野東店
2876,233.8,11000,6,0,1,1,1,薄茶,三重県,ガリバー アウトレット津高茶屋店
2877,182.2,32000,7,0,1,0,1,黒Ｍ,愛知県,ＳＵＶ専門店　ファイントラスト小牧店
2878,297.8,31000,3,0,1,1,1,白真珠,埼玉県,オートＰＡＸ　川野辺自動車販売（株）　羽生１２２号バイパス店 ＪＵ適正販売店
2879,154.4,87000,7,0,1,1,1,茶真珠,千葉県,ＣＡＲＩＮＣ 千葉畑町店
2880,202.7,24000,6,0,1,0,1,黒,埼玉県,カーセブンＭＥＧＡ三郷店
2881,281.7,17000,3,0,1,0,1,黒,福岡県,ネクステージ 新宮店
2882,196.5,55000,7,0,1,1,1,緑Ｍ,三重県,ＷＥＣＡＲＳ（ウィーカーズ） 松阪店
2883,123.4,75000,10,0,1,0,1,銀Ｍ,千葉県,チャンス 佐倉店
2884,183.3,58000,8,0,1,1,1,銀,宮城県,ＷＥＣＡＲＳ（ウィーカーズ） 名取店
2885,360.2,21,1,0,1,1,1,黒,大阪府,（株）関西オート 八尾店
2886,192,57000,8,0,1,1,1,黒Ｍ,滋賀県,ＷＥＣＡＲＳ（ウィーカーズ） 彦根店
2887,136.4,72000,9,1,1,1,1,紫,大分県,ホンダカーズ大分 Ｕ－Ｓｅｌｅｃｔ大分
2888,132.2,67000,11,0,1,1,1,青,東京都,カーセブン八王子多摩店
2889,372.9,10,0,0,1,1,1,黒Ｍ,三重県,ネクステージ 松阪店
2890,124.9,90000,9,0,1,0,1,真珠白,千葉県,ＳＵＶ　ＬＡＮＤ 船橋習志野
2891,306.5,21000,3,0,1,1,1,黒,福岡県,ＷＥＣＡＲＳ（ウィーカーズ） 春日店
2892,301.7,18000,3,0,1,1,1,薄茶,山口県,ＷＥＣＡＲＳ（ウィーカーズ） 岩国店
2893,321.6,4000,1,0,1,1,1,深灰,静岡県,未使用車・中古車・大型展示場　松下モータース
2894,199.8,42000,7,0,1,0,1,白真珠,愛知県,ガリバー 守山店
2895,105.7,60000,11,1,1,0,1,青Ｍ,京都府,Ｎ－ｓｔｙｌｅ
2896,239.8,17000,7,0,1,0,1,白真珠,北海道,ガリバー 札幌藻岩店
2897,300.7,33000,3,0,1,1,1,青灰,群馬県,ネッツトヨタ群馬 高崎駅東口店中古車センター
2898,327.9,9000,1,0,1,1,1,真珠Ｍ,福岡県,ＴＲＩＡＬ　ＣＡＲＳ（トライアルカーズ） 飯塚店
2899,274.6,26000,3,0,1,0,1,真珠,岡山県,ＷＥＣＡＲＳ（ウィーカーズ） 岡山南店
2900,252.6,54000,4,0,1,1,1,黒,茨城県,茨城トヨペット株式会社 Ｕ－Ｃａｒセンター土浦高津店
2901,329.2,7,1,0,1,1,1,真珠Ｍ,愛媛県,リバティ 久米窪田店
2902,146.9,69000,9,0,1,0,1,真珠,広島県,ＷＥＣＡＲＳ（ウィーカーズ） 福山店
2903,164.8,52000,9,0,1,0,1,黒Ｍ,沖縄県,ガリバー ３２９南風原店
2904,298,8,0,0,1,0,1,緑緑,愛知県,（株）エムズオート　３号店
2905,292.7,10000,4,0,1,1,1,真珠,神奈川県,ＷＥＣＡＲＳ（ウィーカーズ） 瀬谷橋戸店
2906,289.8,25000,4,0,1,1,1,赤Ｍ,兵庫県,ひまわりガーデン　神戸本店／株式会社オートスタイルトレーディング
2907,298,6,1,0,1,0,1,緑緑,愛知県,（株）エムズオート　３号店
2908,298,10,1,0,1,0,1,薄茶,愛知県,（株）エムズオート　３号店
2909,133,75000,10,0,1,0,1,真珠,埼玉県,ＷＥＣＡＲＳ（ウィーカーズ） 浦和美園店
2910,270.5,20000,4,0,1,0,1,薄茶,愛知県,トヨタカローラ名古屋（株） Ｕ－Ｃａｒ日進竹の山
2911,204.8,28000,7,0,1,0,1,黒Ｍ,茨城県,ガリバー １２４号鹿嶋店
2912,134.8,74000,9,0,1,0,1,真珠白,佐賀県,ネクステージ 佐賀北部バイパス店
2913,307.5,34000,3,0,1,1,1,黒,長野県,ＷＥＣＡＲＳ（ウィーカーズ） 松本店
2914,199.8,39000,7,0,1,1,1,黒Ｍ,沖縄県,ガリバー 那覇店
2915,349.9,17,1,0,1,1,1,黒,鳥取県,軽自動車専門店ケイスマイル鳥取店
2916,349.9,19,1,0,1,1,1,黒,鳥取県,軽自動車専門店ケイスマイル鳥取店
2917,298,17000,3,0,1,1,1,灰,愛知県,トヨタカローラ愛知（株） 野並マイカーセンター
2918,297.2,25000,4,0,1,1,1,薄緑,香川県,ＷＥＣＡＲＳ（ウィーカーズ） 高松国分寺店
2919,143.3,72000,9,0,1,1,1,真珠,滋賀県,ＷＥＣＡＲＳ（ウィーカーズ） 草津店
2920,178,47000,8,0,1,0,1,茶Ｍ,熊本県,熊本トヨペット 水俣店
2921,309.9,21000,4,0,1,1,1,緑,岐阜県,ネクステージ 大垣店
2922,304.9,14000,3,0,1,1,1,薄茶,群馬県,ガリバー 太田３５４バイパス店
2923,229.7,31000,7,0,1,1,1,黒Ｍ,大阪府,ワンゼット　箕面店
2924,129.8,86000,7,0,1,0,1,赤黒II,愛知県,ガリバー ４１号小牧店
2925,353.6,20,1,0,1,1,1,真珠Ｍ,兵庫県,ＷＥＣＡＲＳ（ウィーカーズ） 川西店
2926,267.5,15,1,0,1,1,1,真珠,茨城県,ＷＥＣＡＲＳ（ウィーカーズ） つくば店
2927,124.9,90000,10,0,1,0,1,真珠,香川県,株式会社ＢＲＡＣＡ
2928,298.8,10000,3,1,1,1,1,白真珠,北海道,カーセブン　恵庭店
2929,164.8,48000,8,0,1,0,1,白真珠,新潟県,ガリバー ８号燕三条店
2930,150,40000,10,0,1,0,1,白真珠,東京都,株式会社Ｋ－５
2931,158.8,12000,10,0,1,0,1,赤,静岡県,ガリバー 掛川店
2932,178.5,41000,7,0,1,0,1,赤Ｍ,奈良県,奈良トヨタ（株） 五條店
2933,337.6,20000,3,0,1,1,1,青,北海道,カーセブン旭川店
2934,196.9,43000,7,0,1,0,1,茶真珠,岡山県,ＷＥＣＡＲＳ（ウィーカーズ） 岡山店
2935,217,43000,8,0,1,1,1,白真珠,京都府,（株）平安オート　ＪＵ適正販売店
2936,265.1,61000,3,0,1,1,1,深灰,宮城県,株式会社エーシーネクスト 利府店
2937,352.9,10,0,0,1,1,1,薄緑,大阪府,Ｍ’ｚ　ＳＰＥＥＤ／エムズスピード　大阪箕面店
2938,253,16000,4,0,1,0,1,薄緑,神奈川県,ブラックムーン 横浜店
2939,277.6,77000,4,0,1,1,1,薄茶,徳島県,ＷＥＣＡＲＳ（ウィーカーズ） 徳島上板店
2940,217.4,35000,5,0,1,0,0,黒Ｍ,佐賀県,ＷＥＣＡＲＳ（ウィーカーズ） 佐賀北部バイパス店
2941,289,6000,1,0,1,0,1,薄茶,愛知県,（株）エムズオート　３号店
2942,229.9,44000,5,0,1,1,1,黒,群馬県,ネクステージ 太田店
2943,182.9,53000,9,0,1,1,1,黒,山梨県,ネクステージ 甲府昭和インター店
2944,274.2,49000,3,0,1,1,1,真珠Ｍ,大阪府,ネッツトヨタニューリー北大阪（株） 豊中少路店
2945,225.9,13000,5,0,1,0,1,白真珠,山形県,プライムオート 本社
2946,177.8,18000,7,0,1,0,1,銀,福岡県,ＷＥＣＡＲＳ（ウィーカーズ） 西福岡店
2947,354.7,6,0,0,1,1,1,薄茶,大阪府,Ｍ’ｚ　ＳＰＥＥＤ／エムズスピード　大阪箕面店
2948,180.4,26000,8,0,1,0,1,薄茶,大阪府,（株）ジョブカーズ 枚方東店
2949,169.8,59000,9,0,1,1,1,白,神奈川県,Ｖ２　ＳＴＹＬＥ
2950,308,29000,3,0,1,1,1,薄緑,福岡県,ＷＥＣＡＲＳ（ウィーカーズ） 小倉西港店
2951,296.4,23000,4,0,1,1,1,真珠,埼玉県,カーセブンＭＥＧＡ三郷店
2952,313.5,9000,3,0,1,1,1,真珠白,神奈川県,リバーサイド Ｓ・Ｓ（ストックシェア）専門店
2953,302.3,27000,3,0,1,1,1,黒,愛知県,ネッツトヨタ中部（株） Ｕ－Ｃａｒ米野木
2954,312.6,17000,2,0,1,1,1,薄茶,群馬県,ＷＥＣＡＲＳ（ウィーカーズ） 前橋店
2955,219.9,31000,5,0,1,0,1,薄茶,京都府,ガリバー 舞鶴店
2956,340.2,11000,2,0,1,1,1,薄緑,神奈川県,リバーサイド フルタイム店
2957,372.9,20,1,0,1,1,1,真珠Ｍ,群馬県,月々払い専門店　ティープラス
2958,274.8,37000,4,0,1,0,1,緑,鹿児島県,ガリバーアウトレット 薩摩川内店
2959,113.1,90000,9,0,1,0,0,黒Ｍ,静岡県,ＷＥＣＡＲＳ（ウィーカーズ） 浜松南店
2960,297.7,45000,3,0,1,1,1,薄緑,滋賀県,ＷＥＣＡＲＳ（ウィーカーズ） 草津店
2961,317.8,12000,1,0,1,1,1,薄茶,福岡県,ガリバー 太宰府インター　ミニバン専門店
2962,106.6,99000,9,0,1,0,1,真珠,福島県,ＷＥＣＡＲＳ（ウィーカーズ） 郡山店
2963,265.6,41000,4,0,1,1,1,白真珠,茨城県,伊藤自動車 ＩＴＯ　ＭＯＴＯＲ
2964,225,65000,4,0,1,0,1,薄茶,鳥取県,オートルビーズ
2965,202.9,36000,7,0,1,0,1,濃黒Ｍ,宮城県,ネクステージ 名取店
2966,363.6,20,0,0,1,1,1,真珠Ｍ,広島県,ＷＥＣＡＲＳ（ウィーカーズ） 広島安佐南店
2967,117,100000,9,0,1,0,1,真珠,茨城県,ＷＥＣＡＲＳ（ウィーカーズ） ひたちなか店
2968,89,16000,11,0,0,0,0,白真珠,神奈川県,エースカーセールス 第１センター
2969,259.5,28000,3,0,1,0,1,白金,栃木県,Ｈｏｎｄａ　Ｃａｒｓ　栃木 インターパーク店（認定中古車取扱店）
2970,145.9,78000,10,0,1,1,1,真珠白,埼玉県,ネクステージ 鴻巣店
2971,199.8,47000,7,0,1,1,1,真珠白,岡山県,ユーカープラス
2972,363.7,10,0,0,1,1,1,薄緑,広島県,ＷＥＣＡＲＳ（ウィーカーズ） 広島西店
2973,335,13,0,0,1,1,1,緑緑,愛知県,（株）エムズオート　３号店
2974,363.6,70,0,0,1,1,1,灰II,大阪府,ＷＥＣＡＲＳ（ウィーカーズ） 茨木インター店
2975,159,45000,9,0,0,0,1,銀,青森県,樋川自動車
2976,247.6,35000,4,0,1,1,1,薄茶II,愛知県,ＷＥＣＡＲＳ（ウィーカーズ） 春日井店
2977,389.9,10,1,0,1,1,1,真珠白,茨城県,ネクステージ つくば店
2978,189.9,43000,9,0,1,0,1,真珠白,北海道,ネクステージ 札幌厚別店
2979,130.8,59000,10,0,1,0,1,黒Ｍ,滋賀県,ガリバー ８号長浜店
2980,236.3,14000,5,0,1,1,1,銀Ｍ,福岡県,オリックス Ｕ－Ｃａｒ福岡大野城店／株式会社イデックスオート・ジャパン
2981,269.8,27000,4,0,1,0,1,真珠白,愛知県,ネクステージ 長久手グリーンロード店
2982,167,66000,9,0,1,1,1,紫,山口県,ＷＥＣＡＲＳ（ウィーカーズ） 下関店
2983,283.4,9000,3,0,1,1,1,黒,群馬県,（株）イソベ Ｉ－ＮＥＸＴ
2984,169.8,47000,9,0,1,0,1,白真珠,愛知県,ガリバー 守山店
2985,342.8,15,1,0,1,1,1,真珠Ｍ,福岡県,ＷＥＣＡＲＳ（ウィーカーズ） 筑後店
2986,207.8,45000,7,0,1,1,1,白真珠,神奈川県,ガリバー 小田原東インター店
2987,136,103000,6,0,1,0,1,黄,愛知県,愛知トヨタ 豊田元宮店
2988,326.9,29000,2,0,1,1,1,薄茶,千葉県,ＷＥＣＡＲＳ（ウィーカーズ） 成田店
2989,183,50000,7,0,1,0,1,青Ｍ,茨城県,ＷＥＣＡＲＳ（ウィーカーズ） 阿見店
2990,189.8,64000,7,0,1,0,1,薄茶,茨城県,ガリバー つくば研究学園店
2991,104.3,95000,7,1,1,0,1,青Ｍ,茨城県,チャンス つくば店
2992,261.3,29000,4,0,1,0,1,薄緑,愛知県,アップル弥富１号線店
2993,303,5,0,0,1,0,1,白真珠,愛知県,（株）エムズオート　３号店
2994,233,36000,7,0,1,0,1,黒Ｍ,青森県,スーパーアップル青森店
2995,363.6,10,0,0,1,1,1,真珠Ｍ,福岡県,ＷＥＣＡＲＳ（ウィーカーズ） 博多二又瀬店
2996,209.8,53000,6,0,1,1,1,茶真珠,茨城県,ガリバー １２４号鹿嶋店
2997,247.2,64000,4,0,1,0,1,緑,鹿児島県,ＬＩＢＥＲＡＬＡ リベラーラ鹿児島
2998,383.9,5,0,0,1,1,1,薄茶,兵庫県,株式会社くるま屋スピッツ　新車市場カーベル姫路西店
2999,250.8,45000,3,0,0,1,1,白真珠,京都府,大嶋カーサービス 綾部店（マツダオートザム綾部）
3000,169.8,31000,10,0,1,0,1,白真珠,山形県,ガリバー 鶴岡店
3001,133,81000,10,0,1,1,1,黒Ｍ,岐阜県,ＷＥＣＡＲＳ（ウィーカーズ） 瑞穂店
3002,363.7,10,0,0,1,1,1,灰II,滋賀県,ＷＥＣＡＲＳ（ウィーカーズ） 草津店
3003,302.9,39000,3,0,1,1,1,薄緑,山口県,ＷＥＣＡＲＳ（ウィーカーズ） 柳井店
3004,359.2,17,1,0,1,1,1,真珠白,大阪府,（株）関西オート 八尾店
3005,312.9,13000,3,0,1,1,1,薄緑,山口県,ＷＥＣＡＲＳ（ウィーカーズ） 防府店
3006,190.7,47000,8,0,1,0,1,黒Ｍ,群馬県,群馬トヨペット株式会社 ヴィーパーク高崎３５４バイパス店
3007,230.2,24000,7,0,1,1,1,茶真珠,茨城県,ＷＥＣＡＲＳ（ウィーカーズ） 石岡店
3008,164.8,83000,8,0,1,1,1,薄茶,兵庫県,ガリバー ２号明石店
3009,249.7,25000,4,0,1,1,1,真珠,埼玉県,カーセブンＭＥＧＡ三郷店
3010,310.9,17000,3,0,1,1,1,黒,栃木県,ＷＥＣＡＲＳ（ウィーカーズ） 宇都宮店
3011,393.4,5,1,0,1,1,1,薄緑,大阪府,Ｍ’ｚ　ＳＰＥＥＤ／エムズスピード
3012,279.6,15000,4,0,1,0,0,白,神奈川県,リバーサイド フルタイム店
3013,358.2,34,1,0,1,1,1,灰,大阪府,（株）関西オート 八尾店
3014,330.5,4000,1,0,1,1,1,黒,埼玉県,ＷＥＣＡＲＳ（ウィーカーズ） 本庄早稲田店
3015,227.9,22000,7,0,1,0,1,黒Ｍ,秋田県,ａｕｔｏＢａｎｋ大曲店 オートバンク大曲店
3016,356.4,5,0,0,1,1,1,薄緑,大阪府,Ｍ’ｚ　ＳＰＥＥＤ／エムズスピード
3017,305.2,33000,3,0,1,1,1,薄緑,愛知県,株式会社ハルキン
3018,132,71000,9,0,1,0,1,黒Ｍ,奈良県,ＷＥＣＡＲＳ（ウィーカーズ） 桜井店
3019,217.2,50000,6,0,1,1,1,茶真珠,山口県,ＷＥＣＡＲＳ（ウィーカーズ） 防府店
3020,209.9,13000,8,0,1,1,1,白真珠,群馬県,東部オート 小鳥店
3021,339.4,7000,2,0,1,1,1,真珠Ｍ,福岡県,ドライブサポート小戸
3022,340,9000,2,0,1,1,1,真珠Ｍ,佐賀県,ドライブサポート布津原
3023,299.3,29000,4,0,1,1,1,青灰,茨城県,茨城トヨタ自動車株式会社 竜ヶ崎店
3024,363.6,10,0,0,1,1,1,薄緑,和歌山県,ＷＥＣＡＲＳ（ウィーカーズ） 和歌山店
3025,115.4,20000,10,1,1,0,1,青Ｍ,茨城県,チャンス 神栖店
3026,299.3,25000,4,0,1,1,1,黒,群馬県,群馬トヨペット株式会社 ヴィーパーク高崎３５４バイパス店
3027,311.7,20000,3,0,1,1,1,薄緑,三重県,ＷＥＣＡＲＳ（ウィーカーズ） 四日市店
3028,342.6,5000,1,0,1,1,1,深灰,茨城県,ＷＥＣＡＲＳ（ウィーカーズ） つくば店
3029,109.6,113000,10,0,0,1,1,白真珠,岡山県,カーズクラブ ハイブリッド専門店
3030,185.3,57000,6,0,1,0,1,黒Ｍ,愛知県,ネッツトヨタ中部（株） Ｕ－Ｃａｒ日進中央
3031,342.6,14000,2,0,1,1,1,薄緑,福島県,ＷＥＣＡＲＳ（ウィーカーズ） 福島店
3032,169.8,75000,7,0,1,1,1,薄茶,兵庫県,ガリバー 姫路中地店
3033,156.6,42000,10,0,1,1,1,緑ＭＭ,愛知県,愛知トヨタ 豊田元宮店
3034,106,85000,11,1,0,1,1,白真珠,兵庫県,安田オート（株）
3035,329.9,22000,2,0,1,1,1,真珠Ｍ,群馬県,東部オート 高前バイパス店
3036,149.1,106000,7,0,1,1,1,黒Ｍ,岐阜県,ＷＥＣＡＲＳ（ウィーカーズ） 瑞穂店
3037,203.3,61000,7,0,1,1,1,赤Ｍ,岡山県,ＷＥＣＡＲＳ（ウィーカーズ） 岡山店
3038,157.8,43000,10,0,1,0,1,黒Ｍ,広島県,ネクステージ 広島安芸店
3039,355.9,20,1,0,1,1,1,薄茶,福岡県,ケイカフェ やはた店
3040,129.1,86000,9,0,1,0,1,黒,熊本県,ＧＣ益城　オートメッセ
3041,95,125000,10,0,1,0,1,銀,福岡県,（株）カプラ 車屋１９　１５０台展示のお店
3042,162,64000,11,0,1,1,1,真珠,愛知県,ＷＥＣＡＲＳ（ウィーカーズ） 春日井店
3043,248.4,10000,5,0,1,1,1,黄黒II,群馬県,群馬トヨペット株式会社 ヴィーパーク太田店
3044,363.7,10,0,0,1,1,1,薄緑,愛知県,ＷＥＣＡＲＳ（ウィーカーズ） 名古屋茶屋店
3045,162.3,50000,9,0,1,1,1,茶Ｍ,愛知県,愛知トヨタ 刈谷池田店
3046,229.9,17000,7,0,1,1,1,真珠白,千葉県,ネクステージ 幕張店
3047,364.8,53,0,0,1,1,1,緑,大阪府,ガリバーアウトレット 外環河内長野店
3048,208.2,23000,7,0,1,0,1,真珠,兵庫県,ＷＥＣＡＲＳ（ウィーカーズ） 西宮店
3049,211.8,65000,7,0,1,1,1,白茶II,宮城県,三共自動車販売（株） ミニバン専門店　仙台東インター夢創庫
3050,236.6,28000,7,0,1,0,1,真珠,福島県,ＷＥＣＡＲＳ（ウィーカーズ） 郡山店
3051,159.7,24000,10,0,1,0,1,黒,埼玉県,カーセブンＭＥＧＡ三郷店
3052,158.8,72000,9,0,1,1,1,黒Ｍ,富山県,ガリバー 黒部店
3053,334.9,9000,3,0,1,1,1,黒,福岡県,ＴＲＩＡＬ　ＣＡＲＳ（トライアルカーズ） 飯塚店
3054,119.9,68000,10,0,1,0,1,銀,埼玉県,アイカーズ　インターナショナル
3055,208.7,30000,8,0,1,1,1,紫,大阪府,（株）ジョブカーズ 本店
3056,167.9,80000,9,0,1,1,1,真珠白,福井県,ネクステージ 福井丸岡店
3057,339.1,4000,1,0,1,1,1,黒,福岡県,ケイカフェ やはた店
3058,167.9,62000,9,0,1,0,1,黒Ｍ,北海道,ＳＵＶ　ＬＡＮＤ 札幌
3059,300.4,38000,4,0,1,1,1,深灰,群馬県,群馬トヨペット株式会社 ヴィーパーク高崎３５４バイパス店
3060,89.2,109000,11,0,1,0,1,白真珠,埼玉県,自社ローン取扱　カートルズ 坂戸・鶴ヶ島店
3061,158,21000,11,0,1,0,1,灰黒II,愛知県,ゆぅずどかぁ本舗　輸入車専門店
3062,81.8,104000,10,0,0,0,1,青Ｍ,埼玉県,ＹＯＵ・ＣＡＲＳ　ユー・カーズ
3063,304.3,27000,3,0,1,1,1,緑,愛知県,ネッツトヨタ中部（株） Ｕ－Ｃａｒ日進中央
3064,187.8,19000,7,1,1,1,1,赤Ｍ,神奈川県,ダッシュ
3065,317.6,5000,3,0,1,1,1,真珠,神奈川県,ＷＥＣＡＲＳ（ウィーカーズ） 小田原店
3066,155,51000,9,0,1,0,1,白真珠,福島県,ネッツトヨタ福島 原町店
3067,200.1,11000,7,0,1,0,1,銀Ｍ,愛知県,ＮＴＰ名古屋トヨペット（株） オレンジタウン一宮店
3068,188,37000,8,0,1,0,1,黒,福井県,クリーンカーＢＪタウン
3069,176.9,79000,8,0,1,0,1,黒,石川県,ガレージフィックス野々市店
3070,290.4,50000,3,0,1,1,1,真珠Ｍ,埼玉県,埼玉トヨペット 八潮支店
3071,325,7,1,0,1,0,1,薄茶,愛知県,（株）エムズオート　３号店
3072,236.5,21000,4,1,1,0,1,真珠,愛知県,アツミモータース 田原店
3073,369,5,1,0,1,1,1,真珠Ｍ,愛知県,（株）エムズオート　３号店
3074,239.8,59000,5,0,1,1,1,白真珠,山梨県,ガリバー 甲府バイパス住吉店
3075,148,72000,9,0,1,0,1,黒,大阪府,ＷＥＣＡＲＳ（ウィーカーズ） 堺鉄砲町店
3076,346,9,0,0,1,1,1,薄緑,愛知県,（株）エムズオート　３号店
3077,215,22000,6,0,1,0,1,白真珠,奈良県,買取専門店ボア・ソルチ
3078,225.8,44000,7,0,1,1,1,白真珠,沖縄県,ガリバー 那覇店
3079,130.4,51000,10,1,1,1,1,茶真珠,千葉県,ＣＡＲＩＮＣ 千葉畑町店
3080,107.8,120000,10,0,1,0,1,白真珠,北海道,ミニバン専門店　ｉＣＡＲ　アイカー 新琴似店
3081,175.1,80000,5,0,1,0,1,黒Ｍ,群馬県,ネッツトヨタ群馬 高崎駅東口店中古車センター
3082,316.8,17000,2,0,1,1,1,灰,宮崎県,ホンダカーズ宮崎 花ヶ島店
3083,364,4,0,0,1,1,1,薄茶,愛知県,（株）エムズオート　３号店
3084,236.8,22000,7,0,1,1,1,白真珠,神奈川県,ガリバー 小田原東インター店
3085,309.9,5,1,0,1,0,1,薄茶,大阪府,リバティ 貝塚店
3086,309.9,5,1,0,1,0,1,薄緑,大阪府,リバティ 貝塚店
3087,339.5,9000,2,0,1,1,1,薄茶,愛知県,アップル日進竹の山店
3088,335.9,20000,4,0,1,1,1,白真珠,岩手県,（株）トーサイ盛岡西バイパス　光岡自動車販売特約店
3089,282.6,11000,4,0,1,0,1,真珠,長崎県,ＷＥＣＡＲＳ（ウィーカーズ） 佐世保店
3090,139.8,84000,10,0,0,1,1,白真珠,千葉県,クルマルシェ
3091,84.2,82000,12,0,1,0,1,白真珠,福岡県,ガリバー 香春店
3092,222.3,29000,6,0,1,0,1,黒,東京都,ＷＥＣＡＲＳ（ウィーカーズ） 北綾瀬店
3093,159.4,53000,11,0,1,1,1,真珠白,埼玉県,カーセブンＭＥＧＡ三郷店
3094,255.7,30000,5,0,1,1,1,白真珠,兵庫県,ワンゼット　東神戸
3095,363.6,40,0,0,1,1,1,真珠Ｍ,静岡県,ＷＥＣＡＲＳ（ウィーカーズ） 浜松南店
3096,168.1,90000,7,0,1,1,1,真珠Ｍ,群馬県,ネッツトヨタ群馬 高崎駅東口店中古車センター
3097,257.6,57000,4,0,1,0,1,真珠,宮崎県,ＷＥＣＡＲＳ（ウィーカーズ） 宮崎店
3098,208,25000,8,0,1,0,1,黒Ｍ,大阪府,（株）関西オート 八尾店
3099,192.5,77000,8,0,1,0,1,黒Ｍ,北海道,トヨタモビリティ帯広 中古車センターＴＷＩＮＧ
3100,312,30000,4,0,1,1,1,薄緑,群馬県,群馬トヨペット株式会社 ヴィーパーク高崎３５４バイパス店
3101,211.2,37000,7,0,1,1,1,赤黒II,福島県,福島トヨタ自動車 須賀川店
3102,329,9,0,0,1,0,1,緑緑,愛知県,（株）エムズオート　３号店
3103,174.9,13000,9,0,1,0,1,真珠白,熊本県,ネクステージ 熊本東店
3104,149.8,87000,11,0,1,0,1,白真珠,新潟県,ガリバー 上越店
3105,129.2,95000,10,0,0,1,1,黒Ｍ,岡山県,カーズクラブ ハイブリッド専門店
3106,99.3,48000,11,0,1,0,1,白真珠,茨城県,ニチエイ・カーマックス 取手店
3107,349.9,10,1,0,1,1,1,黒,島根県,軽自動車専門店ケイスマイル出雲店
3108,119.2,107000,9,0,1,0,1,黒Ｍ,福井県,ガリバー 福井店
3109,64,66000,12,1,0,0,1,黒,兵庫県,安田オート（株）
3110,193.3,40000,9,0,1,1,1,真珠,広島県,ＷＥＣＡＲＳ（ウィーカーズ） 広島南店
3111,309.9,49000,3,0,1,1,1,白真珠,福島県,ネッツトヨタ福島 Ｕ－Ｃａｒ会津
3112,168.3,79000,8,0,1,0,1,白真珠,東京都,オレンジスター
3113,99.1,48000,11,0,1,0,1,白真珠,千葉県,ニチエイ・カーマックス　柏本店
3114,337,39000,4,0,1,1,1,深灰,秋田県,ａｕｔｏＢａｎｋ大曲店 オートバンク大曲店
3115,122.9,68000,9,1,1,0,1,白真珠,千葉県,チャンス 大網店
3116,283.7,24000,3,0,0,1,1,薄緑,京都府,（株）大嶋カーサービス 舞鶴店
3117,208.4,66000,6,0,1,0,0,真珠,福岡県,ＷＥＣＡＲＳ（ウィーカーズ） 小郡店
3118,323.3,34000,3,0,1,1,1,薄緑,大阪府,ＷＥＣＡＲＳ（ウィーカーズ） 高槻店
3119,146.7,62000,9,0,1,0,1,黒Ｍ,福岡県,ネッツトヨタ福岡 久留米マイカーセンター
3120,327.5,43000,4,0,1,1,1,赤Ｍ,岩手県,岩手三菱自動車販売（株） ダイヤモンドカーズ　北上村崎野
3121,109.2,100000,10,1,0,1,1,黒Ｍ,岡山県,カーズクラブ ハイブリッド専門店
3122,138,111000,10,0,1,0,1,黒,北海道,一級整備士が店長のお店　プレミアモータース
3123,344.9,20,1,0,1,1,1,薄緑,福岡県,ケイカフェ やはた店
3124,139,79000,9,0,1,0,1,黒Ｍ,愛知県,ＯＮＥ　ＮＩＮＥ　ＷＯＲＫＳ
3125,216.8,45000,5,0,1,0,1,茶,神奈川県,ガリバー 小田原東インター店
3126,341.9,59,1,0,1,1,1,薄緑,福岡県,ケイカフェ ちくしの店
3127,147.8,88000,9,0,1,1,1,真珠,大阪府,ＷＥＣＡＲＳ（ウィーカーズ） 堺鉄砲町店
3128,135.7,79000,9,0,1,0,1,黒Ｍ,福島県,ガリバー 郡山富田店
3129,279.9,3000,4,1,0,1,0,薄茶,神奈川県,フェニックス 港南台センター
3130,158.8,66000,11,0,0,1,1,白真珠,東京都,ガリバー 環七一之江店
3131,182.8,22000,11,0,1,1,1,白真珠,千葉県,サンキョウ ディスカウント館　コンパクト・ハイブリッドカー専門店
3132,329,48000,4,0,0,1,1,薄茶,北海道,ＴＯＭＭＹアウトレット（トミーアウトレット）
3133,254.8,7000,4,0,1,1,1,黒Ｍ,埼玉県,ガリバーＷＯＷ！ＴＯＷＮ 大宮
3134,182,51000,9,0,1,0,1,黒Ｍ,群馬県,ＷＥＣＡＲＳ（ウィーカーズ） 前橋店
3135,185.4,60000,9,0,1,1,1,黒Ｍ,宮城県,三共自動車販売（株） ミニバン専門店　仙台東インター夢創庫
3136,239.2,8000,7,0,1,1,0,白,神奈川県,リバーサイド エルザ２４６号店
3137,334.5,3000,1,0,1,1,1,薄茶,福岡県,ケイカフェ ちくしの店
3138,224.9,22000,7,0,1,0,1,真珠,福岡県,福祉車両のみ１５０台展示　福祉車両専門店（一社）福祉車両のたすかる
3139,83,86000,10,1,1,0,1,黒,神奈川県,アップル 藤沢辻堂／アップルＦＣ本部直営店
3140,138.1,96000,10,0,1,0,1,白真珠,愛知県,ハイブリッド車＆軽自動車　買取直販専門店ティンカーベル
3141,254.2,40000,5,0,1,0,1,薄茶,岩手県,岩手三菱自動車販売（株） ダイヤモンドカーズ　北上村崎野
3142,177.9,21000,10,0,1,0,1,真珠白,三重県,ネクステージ 松阪店
3143,179.8,66000,10,0,1,0,1,黒,福島県,ガリバーアウトレット 会津若松店
3144,178.3,19000,9,0,1,0,1,黒,埼玉県,ＷＥＣＡＲＳ（ウィーカーズ） 上尾店
3145,157.7,83000,11,0,1,0,1,黒Ｍ,岩手県,（株）トーサイ　４ＷＤ　ＳＥＬＥＣＴ　盛岡インター店
3146,92.7,119000,11,0,1,0,1,黒Ｍ,神奈川県,アドバンス湘南
3147,245.4,38000,4,0,0,0,1,茶Ｍ,京都府,（株）大嶋カーサービス 舞鶴店
3148,237,55000,6,0,0,0,1,薄灰青,北海道,ＴＯＭＭＹアウトレット（トミーアウトレット）
3149,94.9,86000,11,0,1,0,1,真珠,福岡県,福祉車両のみ１５０台展示　福祉車両専門店（一社）福祉車両のたすかる
3150,379,18,0,0,1,0,0,真珠,神奈川県,ＲＯＷＥＮ　ＹＯＫＯＨＡＭＡ
3151,363.6,10,0,0,1,0,1,真珠Ｍ,香川県,ＷＥＣＡＲＳ（ウィーカーズ） 高松国分寺店
3152,147.6,9000,11,1,1,0,1,茶真珠,神奈川県,ダッシュ
3153,356.9,20,1,0,1,1,1,真珠Ｍ,福岡県,ケイカフェ ちくしの店
3154,202.2,19000,9,0,1,0,0,真珠,神奈川県,リバーサイド フルタイム店
3155,195.9,59000,9,0,1,0,1,白真珠,千葉県,インターフェイス 八千代店
3156,160.4,116000,9,0,1,1,1,白真珠,千葉県,自社ローン専門店じしゃロン 八千代店
3157,99.8,79000,12,0,1,0,1,灰,愛知県,ゆぅずどかぁ本舗　輸入車専門店
3158,146.3,37000,4,0,0,1,1,銀Ｍ,埼玉県,ジャンプ三郷センター
3159,160.4,107000,9,0,1,0,1,青Ｍ,埼玉県,自社ローン専門店じしゃロン 鳩ヶ谷店
3160,160.4,120000,10,0,1,1,1,茶,埼玉県,自社ローン専門店じしゃロン 鳩ヶ谷店
3161,150,79000,5,0,1,1,1,青緑Ｍ,新潟県,トラスト新潟　南店
3162,238.2,5000,2,0,0,1,0,真珠Ｍ,埼玉県,ジャンプ三郷センター
3163,174.1,14000,5,0,1,0,1,紺ＭＭ,福岡県,福岡トヨペット トヨタ認定中古車　八幡店
3164,199.9,19000,4,0,1,0,1,青灰,千葉県,トヨタユーゼック ネットストア関東
3165,79.9,132000,9,0,1,1,1,薄銀,福岡県,ネクステージ 新宮店
3166,109.4,64000,9,0,1,0,1,白真珠,新潟県,難波モータース
3167,207,9000,4,0,1,1,1,薄茶,兵庫県,中央自動車工業（株）
3168,34.9,52000,23,0,0,0,1,白真珠,埼玉県,Ｔａｕｒｏｓ　Ｊａｐａｎ　ＳＡＩＴＡＭＡ　タウロスジャパン
3169,227.8,50,0,0,1,1,1,真珠Ｍ,埼玉県,トヨタユーゼック カーロッツ入間
3170,185.7,100000,9,0,1,0,1,茶,愛知県,自社ローン専門店じしゃロン 名古屋鳴海店
3171,185.4,125000,10,0,1,0,1,白真珠,神奈川県,自社ローン専門店じしゃロン 相模原店
3172,161.3,95000,11,0,1,0,1,白真珠,群馬県,自社ローン専門店　じしゃロン 伊勢崎店
3173,161.6,107000,11,0,1,0,1,黒Ｍ,群馬県,自社ローン専門店　じしゃロン 伊勢崎店
3174,186.3,94000,11,0,1,1,1,黒Ｍ,東京都,自社ローン専門店じしゃロン 昭島店
3175,177.8,42000,11,0,1,0,1,青,神奈川県,ブラックムーン 横浜店
3176,148,47000,6,0,1,0,1,紺ＭＭ,岐阜県,岐阜トヨタ自動車（株） Ｕ－Ｃａｒ多治見店
3177,91.4,54000,10,0,1,0,1,赤紫,福岡県,轟の森オートフォレスト行橋
3178,143.4,59000,8,0,0,1,1,白真珠,大分県,ＣＡＲ　ＰＬＡＴ 大分
3179,104.8,40000,10,0,1,1,1,銀Ｍ,群馬県,ネッツＧＴＧ とんやまち店
3180,204.6,11000,3,0,1,0,1,黒,神奈川県,ウエインズトヨタ神奈川 Ｕ－ＢＡＳＥ相模
3181,49.8,93000,16,0,1,0,1,銀,北海道,カープロデュース愛車館 本店
3182,186.5,2000,1,1,0,0,1,黒,埼玉県,ジャンプ三郷センター
3183,177.2,50000,5,0,1,1,1,赤ＭII,兵庫県,兵庫トヨタ自動車（株） マイカーランド西宮
3184,85,76000,11,0,1,0,1,黄,鹿児島県,鹿児島トヨタ自動車株式会社 オートシティ南
3185,112,53000,10,0,1,1,1,黒Ｍ,埼玉県,ネッツトヨタ埼玉 熊谷マイカーセンター
3186,150.1,16000,4,1,0,1,1,白真珠,埼玉県,ジャンプ三郷センター
3187,247.2,12000,3,0,1,1,1,黒,神奈川県,ウエインズトヨタ神奈川 ＷＥＩＮＳ　Ｕ－Ｃａｒ　根岸
3188,50.5,152000,11,1,1,1,1,赤Ｍ,岐阜県,（株）アイルー 各務原店
3189,249.9,22000,4,0,1,1,1,灰青,群馬県,カーセル
3190,162,77000,5,0,1,1,1,銀Ｍ,岐阜県,岐阜トヨタ自動車（株） Ｕ－Ｃａｒ関稲口店
3191,239.5,12000,3,0,1,1,1,青灰,神奈川県,ウエインズトヨタ神奈川 ＷＥＩＮＳ　ＰＡＲＫ　Ｕ－ＢＡＳＥ海老名
3192,134.7,60000,8,0,1,0,1,黒Ｍ,大阪府,大阪トヨタＮｏｒｔｈ（株） サンテラス箕面
3193,119.1,74000,9,0,1,1,1,黒,新潟県,買取マウス弁天橋通本店（株）カーセレクション
3194,153.9,52000,5,0,1,0,1,深銀Ｍ,山口県,山口トヨペット 綾羅木マイカーセンター
3195,247.2,40000,3,0,1,1,1,真珠Ｍ,神奈川県,ウエインズトヨタ神奈川 ＷＥＩＮＳ　Ｕ－Ｃａｒ　港北大倉山
3196,99.8,68000,9,0,1,0,1,赤白黒,兵庫県,ひまわりガーデンコロワ甲子園店／株式会社オートスタイルトレーディング
3197,83.1,97000,10,0,1,0,1,黒Ｍ,岐阜県,岐阜トヨタ自動車（株） Ｕ－Ｃａｒ大垣店
3198,128.6,49000,10,0,1,1,1,黒,千葉県,ホンダカーズ千葉 Ｕ－Ｓｅｌｅｃｔ村上
3199,53.5,43000,14,0,1,0,1,赤紫Ｍ,兵庫県,トヨタカローラ兵庫（株） 神戸西インター店
3200,71.2,168000,9,0,1,1,1,茶真珠,滋賀県,株式会社滋賀トヨタ Ｕ－Ｃａｒ栗東
3201,46.1,79000,16,0,0,0,1,灰Ｍ,大阪府,トヨタカローラ南海（株） 光明池プラザ
3202,259.4,27000,3,0,1,1,1,青灰,富山県,トヨタカローラ富山 カーロッツ富山
3203,118.9,30000,10,0,1,0,1,茶,広島県,スズキ自販広島 スズキアリーナ広島西
3204,104.8,44000,10,1,1,0,1,青,福岡県,株式会社ＦＥＥＬ
3205,43.2,86000,14,0,0,0,1,赤紫Ｍ,大阪府,トヨタモビリティ新大阪（株） アウトレット１７１茨木店
3206,154.7,59000,8,0,1,1,1,赤Ｍ,埼玉県,ネッツトヨタ埼玉 北本マイカーセンター
3207,104.3,91000,10,0,1,1,1,銀Ｍ,広島県,トヨタカローラ広島 シャント東広島
3208,168.1,48000,5,0,1,0,1,黒Ｍ,愛知県,愛知トヨタ 高畑マイカーセンター
3209,136.6,70000,7,0,1,0,1,白真珠,大阪府,ソコカラセレクト　岸和田
3210,140.9,78000,4,0,1,0,1,紺ＭＭ,千葉県,トヨタユーゼック ネットストア関東
3211,104.8,72000,10,1,1,1,1,青Ｍ,福岡県,株式会社ＦＥＥＬ
3212,198.3,10000,2,1,0,1,0,黒,埼玉県,ジャンプ三郷センター
3213,257.6,13000,2,0,1,0,1,黒黒黒,神奈川県,ウエインズトヨタ神奈川 ＷＥＩＮＳ　ＰＡＲＫ　Ｕ－ＢＡＳＥ海老名
3214,190.7,38000,5,0,1,0,1,白真珠,岩手県,ａｕｔｏ　ｓｈｏｐ　ｔｒｅｅ　ｈｏｕｓｅ
3215,119.8,61000,9,0,1,0,1,真珠Ｍ,鹿児島県,鹿児島トヨタ グリーンフィールド与次郎
3216,194.8,31000,5,0,1,1,1,薄灰青,神奈川県,ウエインズトヨタ神奈川 ビークルステーション瀬谷
3217,249.3,12000,3,0,1,1,1,薄茶,神奈川県,ウエインズトヨタ神奈川 ＷＥＩＮＳ　ＰＡＲＫ　Ｕ－ＢＡＳＥ海老名
3218,152.8,61000,7,0,1,0,1,黒Ｍ,山口県,ネッツトヨタ山口 綾羅木マイカーセンター
3219,132.9,59000,7,1,0,0,1,薄茶,島根県,フェニックス 島根松江店
3220,254.7,33000,3,0,1,1,1,黒,神奈川県,ウエインズトヨタ神奈川 ＷＥＩＮＳ　Ｕ－Ｃａｒ　橋本
3221,210.2,38000,4,0,1,1,1,黒Ｍ,千葉県,トヨタユーゼック ネットストア関東
3222,54,96000,15,0,1,0,1,銀Ｍ,北海道,セカンドエスカーズ
3223,276.8,5000,3,0,1,1,1,赤Ｍ,広島県,トヨタカローラ広島 シャント矢野
3224,253.9,9000,3,0,1,1,1,緑,神奈川県,ウエインズトヨタ神奈川 Ｕ－ＢＡＳＥ西湘
3225,246.5,21000,3,0,1,1,1,青灰黒,神奈川県,ウエインズトヨタ神奈川 ビークルステーション横浜町田インター
3226,175,63000,6,0,1,1,1,赤Ｍ,愛知県,キリックスリース株式会社 オートプラザキリックス岡崎大樹寺店
3227,185.1,35000,5,0,1,0,1,赤Ｍ,福岡県,福岡トヨペット トヨタ認定中古車　小倉東店
3228,186.8,34000,5,0,1,0,1,青灰,広島県,トヨタカローラ広島 シャント東広島
3229,70,66000,13,0,1,0,1,白真珠,埼玉県,オートガレージエル
3230,266.1,43000,2,0,1,1,1,灰濃,兵庫県,兵庫トヨタ自動車（株） マイカーランド姫路
3231,116.4,71000,11,0,1,1,1,銀II青,茨城県,ＲＥＸオート／カーケアプラザつくば
3232,124.3,48000,9,0,1,0,1,黄,埼玉県,ＨＫファクトリー
3233,139.8,58000,9,1,1,1,1,紫,福岡県,株式会社ＦＥＥＬ
3234,55.9,42000,18,0,1,0,1,灰Ｍ,徳島県,ワンゼット　徳島店
3235,279.8,37000,3,0,1,1,1,深灰,神奈川県,ウエインズトヨタ神奈川 ＷＥＩＮＳ　Ｕ－Ｃａｒ　港北大倉山
3236,129.6,68000,5,0,1,0,1,紺ＭＭ,茨城県,茨城トヨペット株式会社 つくば西大橋店
3237,285.1,38000,2,0,1,1,1,赤Ｍ,鳥取県,鳥取トヨペット アネックス二本木
3238,273.2,31000,3,0,1,1,1,真珠Ｍ,広島県,トヨタカローラ広島 シャント尾道
3239,59,91000,13,0,1,0,1,白真珠,北海道,セカンドエスカーズ
3240,145.5,45000,7,0,1,1,1,茶Ｍ,神奈川県,ウエインズトヨタ神奈川 ＷＥＩＮＳ　Ｕ－Ｃａｒ　横浜狩場
3241,208.4,25000,6,0,1,1,1,黒Ｍ,兵庫県,トヨタカローラ兵庫（株） バル玉津店
3242,142,44000,9,0,1,1,1,銀Ｍ,埼玉県,ネッツトヨタ埼玉 鶴ヶ島マイカーセンター
3243,139.8,99000,6,0,1,1,1,薄茶白,茨城県,株式会社ＴＳＣ 買取直販つくば店
3244,279.7,8000,2,0,1,1,1,白真珠,埼玉県,トヨタユーゼック ネットストア埼玉幸手
3245,59.2,64000,16,0,1,0,1,黄,埼玉県,シンエツ 福祉車両専門店
3246,249,8000,3,0,1,1,1,灰濃,千葉県,トヨタユーゼック ネットストア関東
3247,172.8,41000,6,0,1,0,1,銀Ｍ,千葉県,ネッツトヨタ千葉 ユーコム柏若柴店
3248,129.8,75000,8,0,1,0,1,黄,広島県,スズキ自販広島 スズキアリーナ広島西
3249,118.1,78000,11,0,1,1,1,黒Ｍ,大阪府,大阪トヨタＮｏｒｔｈ（株） サンテラス茨木
3250,141.7,63000,7,0,1,0,1,黒Ｍ,滋賀県,株式会社滋賀トヨタ Ｕ‐Ｃａｒ栗東　ＳＭｉＬＥ　ＰＡＲＫ
3251,125.4,52000,9,0,0,0,1,黒Ｍ,大阪府,トヨタカローラ南海（株） いずみプラザ
3252,148.4,48000,8,0,1,0,1,青,栃木県,栃木ダイハツ販売（株） インターパーク店
3253,226,5000,4,0,1,0,1,赤Ｍ,千葉県,ネッツトヨタ千葉 ユーコム貝塚店
3254,273.2,26000,3,0,1,1,1,灰濃,兵庫県,兵庫トヨタ自動車（株） マイカーランド藤原台
3255,165,50000,8,0,1,1,1,銀Ｍ,静岡県,スズキ販売静岡葵
3256,115.3,112000,7,0,0,1,1,赤Ｍ,大阪府,トヨタカローラ南海（株） 藤井寺プラザ
3257,259.8,33000,3,0,1,1,1,薄緑,三重県,ガリバー 津中央店／ＨＣＭモビリティ
3258,293.2,12000,3,0,1,1,1,赤Ｍ,福島県,トヨタカローラ福島 福島店
3259,149.9,29000,8,0,1,1,1,黒真珠,群馬県,カーセル
3260,133,41000,8,1,1,0,1,真珠Ｍ,大阪府,トヨタカローラ南海（株） 藤井寺プラザ
3261,209.7,32000,5,0,1,1,1,黒Ｍ,滋賀県,株式会社滋賀トヨタ 安曇川店
3262,222.5,19000,4,0,1,0,1,真珠Ｍ,神奈川県,ウエインズトヨタ神奈川 ＷＥＩＮＳ　Ｕ－Ｃａｒ　港北大倉山
3263,269.1,38000,4,0,1,1,1,真珠Ｍ,千葉県,トヨタユーゼック ネットストア関東
3264,254,17000,3,0,1,0,1,緑,広島県,トヨタカローラ広島 シャント西風新都
3265,250.1,53000,3,0,1,1,1,緑,兵庫県,兵庫トヨタ自動車（株） マイカーランド藤原台
3266,96,89000,9,0,1,0,1,黄,東京都,スズキ自販南東京 府中センター
3267,175.3,49000,5,0,1,0,1,真珠Ｍ,広島県,トヨタカローラ広島 シャント福山
3268,284.6,11000,2,0,1,1,1,緑,神奈川県,ウエインズトヨタ神奈川 ＷＥＩＮＳ　Ｕ－Ｃａｒ　根岸
3269,191.1,24000,5,0,1,0,1,黒Ｍ,福岡県,福岡トヨペット トヨタ認定中古車　八幡店
3270,79.9,77000,13,0,1,0,1,真珠白,北海道,ネクステージ 帯広店
3271,168,34000,7,0,1,0,1,茶,東京都,ＡｕｔｏＳｈｏｐ　Ｒｅｔｒｉｅｖｅ
3272,178.3,49000,5,0,1,0,1,黒Ｍ,鹿児島県,鹿児島トヨタ自動車 出水店
3273,136,56000,9,0,1,0,1,黒Ｍ,山口県,ネッツトヨタ山口 新南陽マイカーセンター
3274,297.4,15000,1,0,1,1,1,灰濃,広島県,トヨタカローラ広島 シャント広島本店
3275,170.4,43000,6,0,1,0,1,黒Ｍ,山口県,山口トヨペット 萩マイカーセンター　つばき店
3276,42.8,96000,15,0,1,0,1,灰Ｍ,静岡県,ハイブリッド＆コンパクト専門店　プリウス／アクア／ノート／フィット
3277,252.4,17000,4,0,1,0,1,黒,広島県,トヨタカローラ広島 シャント広
3278,295.3,23000,3,0,1,1,1,赤灰Ｍ,福島県,トヨタカローラ福島 福島店
3279,125.4,51000,11,0,1,0,1,銀Ｍ,大阪府,（株）アップスポット
3280,285,13000,3,0,1,1,1,II,鹿児島県,鹿児島トヨタ グリーンフィールド与次郎
3281,264.4,52000,3,0,1,1,1,緑,兵庫県,兵庫トヨタ自動車（株） マイカーランド姫路
3282,197.1,33000,5,0,1,1,1,真珠白,神奈川県,ウエインズトヨタ神奈川 ビークルステーション横浜町田インター
3283,149.1,61000,7,0,1,0,1,銀Ｍ,大阪府,大阪トヨタＮｏｒｔｈ（株） サンテラス寝屋川
3284,229.2,86000,3,0,1,1,1,真珠Ｍ,兵庫県,兵庫トヨタ自動車（株） トヨタマイカーランド加古川
3285,244.3,22000,3,0,1,0,1,黒黒黒,神奈川県,ウエインズトヨタ神奈川 ＷＥＩＮＳ　ＰＡＲＫ　Ｕ－ＢＡＳＥ海老名
3286,129.8,31000,9,1,1,0,1,紫,福岡県,株式会社ＦＥＥＬ
3287,295,46000,3,0,1,1,1,薄茶,北海道,茂田石油株式会社 南３６条店
3288,283.7,6000,3,0,1,1,1,真珠Ｍ,神奈川県,ウエインズトヨタ神奈川 ＷＥＩＮＳ　Ｕ－Ｃａｒ　相模原
3289,222.8,39000,4,0,1,0,1,薄緑,岡山県,岡山トヨタ自動車 Ｕ－Ｃａｒ伊島
3290,136.8,71000,8,0,1,0,1,銀Ｍ,福岡県,トヨタカローラ福岡 原田駅前店
3291,82.9,86000,10,0,0,0,1,銀Ｍ,大阪府,トヨタカローラ南海（株） 堺大野芝プラザ
3292,252.6,27000,3,0,1,0,1,薄茶,兵庫県,兵庫トヨタ自動車（株） トヨタマイカーランド加古川
3293,218,25000,4,1,1,1,1,薄緑,埼玉県,オートスタイル春日部店
3294,79.9,57000,14,0,1,0,1,濃紫,宮城県,ネクステージ 仙南柴田店
3295,160.6,55000,6,0,1,1,1,銀Ｍ,群馬県,群馬トヨタ自動車 Ｕ－Ｐａｒｋ前橋荒牧店
3296,234.8,32000,3,0,1,0,1,黒,福岡県,オリックスＵ－ｃａｒ　北九州店
3297,241.9,16000,3,0,1,0,1,緑,広島県,トヨタカローラ広島 シャント福山
3298,233.7,53000,3,0,1,1,1,白真珠,兵庫県,トヨタカローラ兵庫（株） 神戸西インター店
3299,116.9,68000,10,0,1,1,1,茶Ｍ,静岡県,トヨタユナイテッド静岡 袋井西店
3300,335.8,10,0,0,1,1,1,薄茶,三重県,グッドスピード 四日市　ＳＵＶ専門店
3301,289.5,23000,2,0,1,1,1,黒,鹿児島県,鹿児島トヨタ自動車 ＫＴＳオートシティ
3302,254.7,29000,3,0,1,1,1,薄茶,神奈川県,ウエインズトヨタ神奈川 ビークルステーション小田原
3303,262.8,20000,3,0,1,0,1,灰濃,福岡県,福岡トヨペット トヨタ認定中古車　博多南店
3304,182.5,24000,7,0,0,0,1,茶,岡山県,カーセブン 倉敷中島店
3305,295.6,6000,1,0,1,1,1,黒,神奈川県,ウエインズトヨタ神奈川 Ｕ－ＢＡＳＥ西湘
3306,265.7,48000,4,0,1,1,1,真珠Ｍ,兵庫県,トヨタカローラ兵庫（株） 神戸西インター店
3307,234.5,18000,2,0,1,0,1,緑,大阪府,トヨタユーゼック ネットストア近畿
3308,128.2,69000,10,0,1,0,1,真珠Ｍ,埼玉県,ネッツトヨタ埼玉 熊谷マイカーセンター
3309,66,172000,11,0,1,1,1,黒,愛知県,カーマッチ愛知稲沢店
3310,298.2,100,1,0,1,1,1,薄茶,愛知県,トヨタユーゼック ネットストア東海
3311,139.7,94000,3,0,0,1,1,深灰,埼玉県,ジャンプ三郷センター
3312,272.3,46000,3,0,1,1,1,黒,兵庫県,兵庫トヨタ自動車（株） マイカーランド姫路
3313,278.8,36000,3,0,1,1,1,黒,福岡県,トヨタカローラ福岡 古賀店
3314,282.2,26000,3,0,1,1,1,黒,大阪府,大阪トヨタＮｏｒｔｈ（株） サンテラス十三
3315,135.6,30000,7,1,1,0,1,赤ＭII,大阪府,トヨタカローラ南海（株） いずみプラザ
3316,159.8,40000,7,0,1,0,1,白真珠,奈良県,ＧＡＲＡＧＥ　Ｔ．Ｒ．Ｙ（ガレージトライ）
3317,184.6,24000,8,0,1,0,1,茶Ｍ,神奈川県,ウエインズトヨタ神奈川 ＷＥＩＮＳ　Ｕ－Ｃａｒ　港南日野インター
3318,130.9,70000,10,0,1,1,1,黒Ｍ,愛知県,トヨタユーゼック ネットストア東海
3319,166.5,67000,8,0,1,1,1,黒Ｍ,岐阜県,岐阜トヨタ自動車（株） Ｕ－Ｃａｒ北方店
3320,168.1,31000,7,0,1,0,1,黒Ｍ,神奈川県,ウエインズトヨタ神奈川 ＷＥＩＮＳ　Ｕ－Ｃａｒ　平塚
3321,125.2,63000,10,0,1,1,1,赤ＭＭ,兵庫県,トヨタカローラ兵庫（株） バル玉津店
3322,289.7,13000,3,0,1,1,1,緑,広島県,トヨタカローラ広島 シャント尾道
3323,157.8,35000,9,0,1,1,1,黒白,神奈川県,ホンダカーズ横浜 藤沢中央店　（認定中古車取扱店）
3324,171.8,31000,7,0,1,0,1,茶,埼玉県,ホンダカーズ埼玉 ネットギャラリー埼玉
3325,175.9,48000,5,0,1,0,1,青灰,広島県,トヨタカローラ広島 シャント広
3326,245.4,17000,4,0,1,1,1,白真珠,神奈川県,ウエインズトヨタ神奈川 ビークルステーション瀬谷
3327,245.5,23000,4,0,1,0,1,緑,神奈川県,ウエインズトヨタ神奈川 ＷＥＩＮＳ　Ｕ－Ｃａｒ　湘南台
3328,197.1,27000,5,0,1,1,1,銀Ｍ,神奈川県,ウエインズトヨタ神奈川 ビークルステーション湘南六会
3329,167.1,90000,6,0,1,1,1,赤ＭII,愛知県,ＮＴＰ名古屋トヨペット（株） 西尾店
3330,141.1,97000,7,0,1,0,1,黒,岡山県,トヨタカローラ岡山 トヨタ認定中古車落合店
3331,177.1,56000,7,0,1,0,1,黒Ｍ,神奈川県,ウエインズトヨタ神奈川 Ｕ－ＢＡＳＥ西湘
3332,233.4,24000,7,0,1,1,1,真珠Ｍ,鹿児島県,鹿児島トヨタ自動車 ＫＴＳオートシティ
3333,100.6,124000,10,0,1,1,1,白真珠,兵庫県,トヨタカローラ兵庫（株） バル玉津店
3334,151.9,43000,9,0,1,0,1,真珠白,大阪府,（株）アップスポット
3335,267.9,51000,3,0,1,1,1,灰,岡山県,トヨタカローラ岡山 トヨタ認定中古車津山店
3336,260,16000,3,0,1,1,1,灰濃,千葉県,トヨタユーゼック ネットストア関東
3337,261.9,17000,3,0,1,1,1,緑,愛知県,愛知トヨタ 東刈谷店
3338,254.9,17000,4,0,1,0,1,薄灰青,大阪府,（株）アップスポット
3339,276.7,30000,3,0,1,1,1,赤Ｍ,兵庫県,トヨタカローラ兵庫（株） バル玉津店
3340,234.8,35000,3,0,1,0,1,白真珠,福岡県,オリックスＵ－ｃａｒ　北九州店
3341,288.5,28000,3,0,1,1,1,真珠白,神奈川県,ウエインズトヨタ神奈川 ビークルステーション小田原
3342,277.5,19000,3,0,1,1,1,黒,鹿児島県,鹿児島トヨタ自動車 グリーンフィールド隼人
3343,213,35000,5,0,1,1,1,黄黒II,愛知県,ＮＴＰ名古屋トヨペット（株） 小牧・岩崎店
3344,162.7,32000,9,0,1,1,1,青Ｍ,埼玉県,ネッツトヨタ埼玉 鶴ヶ島マイカーセンター
3345,269.3,26000,4,0,1,1,1,白真珠,神奈川県,ウエインズトヨタ神奈川 ＷＥＩＮＳ　ＰＡＲＫ　Ｕ－ＢＡＳＥ海老名
3346,280.3,16000,3,0,1,0,1,真珠Ｍ,北海道,ＡＧＨトヨタ札幌（株） アンビシャス八雲
3347,114.4,102000,9,0,1,1,1,黒Ｍ,福岡県,カーセレクション
3348,118.9,49000,10,0,1,0,1,白,埼玉県,ホンダカーズ埼玉 Ｕ－Ｓｅｌｅｃｔ南越谷
3349,197.9,24000,5,0,1,0,1,銀Ｍ,神奈川県,ウエインズトヨタ神奈川 ＷＥＩＮＳ　ＰＡＲＫ　Ｕ－ＢＡＳＥ海老名
3350,258.5,23000,4,0,1,1,1,灰,高知県,トヨタカローラ高知 金田店
3351,246.5,27000,4,0,1,0,1,薄茶,兵庫県,兵庫トヨタ自動車（株） マイカーランド姫路
3352,152.8,91000,4,0,1,0,1,深銀Ｍ,北海道,ＡＧＨトヨタ札幌（株） アンビシャス清田
3353,99.8,74000,10,0,1,0,1,青Ｍ,茨城県,ＲＥＸオート／カーケアプラザひたち野うしく
3354,278.7,34000,4,0,1,1,1,真珠Ｍ,千葉県,ネッツトヨタ千葉 ユーコム柏若柴店
3355,276.5,30000,3,0,1,1,1,黒,石川県,石川トヨタ自動車（株） Ｕ－Ｃａｒ白山店
3356,277.7,22000,3,0,1,1,1,真珠Ｍ,兵庫県,トヨタカローラ兵庫（株） バル玉津店
3357,163.9,61000,7,0,1,0,1,白真珠,愛知県,キリックスリース株式会社 オートプラザキリックス刈谷店
3358,161.8,64000,6,0,1,0,1,白真珠,大阪府,ソコカラセレクト　岸和田
3359,171.5,17000,8,0,1,0,1,真珠Ｍ,広島県,トヨタカローラ広島 シャント西風新都
3360,285.2,31000,3,0,1,1,1,緑,広島県,トヨタカローラ広島 シャント西風新都
3361,228.7,72000,3,1,1,1,1,真珠Ｍ,大阪府,トヨタカローラ南海（株） 堺大野芝プラザ
3362,236.7,49000,3,0,1,0,1,赤Ｍ,鳥取県,鳥取トヨペット 倉吉店
3363,284.5,25000,3,0,1,1,1,真珠Ｍ,広島県,トヨタカローラ広島 シャント三次
3364,284.5,17000,3,0,1,1,1,青灰,神奈川県,ウエインズトヨタ神奈川 Ｕ－ＢＡＳＥ相模
3365,214.4,22000,5,0,1,1,1,黒Ｍ,神奈川県,アップル江田駅前店
3366,284.5,15000,4,0,1,1,1,真珠Ｍ,神奈川県,ウエインズトヨタ神奈川 ＷＥＩＮＳ　ＰＡＲＫ　Ｕ－ＢＡＳＥ海老名
3367,270.1,43000,3,0,1,1,1,真珠Ｍ,兵庫県,兵庫トヨタ自動車（株） トヨタマイカーランド加古川
3368,197.5,65000,5,0,1,0,1,黒Ｍ,北海道,ＡＧＨトヨタ札幌（株） アンビシャス駅ＳｉＤｅ
3369,104.5,85000,10,0,0,0,1,黒,岡山県,カーセブン 倉敷中島店
3370,247.7,76000,3,0,1,1,1,緑,兵庫県,トヨタカローラ兵庫（株） 神戸西インター店
3371,297.9,12000,2,0,1,1,1,赤,埼玉県,ホンダカーズ埼玉 新大宮バイパス店（認定中古車取扱店）
3372,119.6,95000,10,0,1,1,1,黒Ｍ,埼玉県,オートスタイル春日部店
3373,299.9,25000,2,0,1,1,1,白真珠,埼玉県,ネッツトヨタ埼玉 春日部マイカーセンター
3374,178,73000,6,0,1,1,1,緑Ｍ,山口県,ネッツトヨタ山口 新南陽マイカーセンター
3375,187,42000,8,0,1,0,1,白真珠,群馬県,Ｙ’Ｓ　ＡＵＴＯ　ＣＯＭＰＡＮＹ
3376,293.3,12000,2,0,1,1,1,真珠Ｍ,神奈川県,ウエインズトヨタ神奈川 ＷＥＩＮＳ　ＰＡＲＫ　Ｕ－ＢＡＳＥ海老名
3377,188.1,38000,5,0,1,0,1,赤Ｍ,神奈川県,ウエインズトヨタ神奈川 ＷＥＩＮＳ　Ｕ－Ｃａｒ　平塚
3378,250.8,37000,3,0,1,0,1,真珠Ｍ,広島県,トヨタカローラ広島 シャント西風新都
3379,284.3,9000,3,0,1,1,1,緑,神奈川県,ウエインズトヨタ神奈川 ＷＥＩＮＳ　ＰＡＲＫ　Ｕ－ＢＡＳＥ海老名
3380,266.8,13000,2,0,1,0,1,灰濃,神奈川県,ウエインズトヨタ神奈川 ＷＥＩＮＳ　Ｕ－Ｃａｒ　平塚
3381,259.8,12000,2,0,1,0,1,真珠Ｍ,茨城県,（株）ナオイオート ひたちなか店
3382,277.2,22000,3,0,1,1,1,緑,神奈川県,ウエインズトヨタ神奈川 ＷＥＩＮＳ　Ｕ－Ｃａｒ　根岸
3383,220.1,43000,5,0,1,1,1,白真珠,福岡県,福岡トヨペット トヨタ認定中古車　福岡インター店
3384,168.7,36000,7,0,1,0,1,銀,栃木県,栃木ダイハツ販売（株） Ｕ－Ｃａｒ宇都宮本店
3385,88,102000,9,0,1,0,1,黒Ｍ,大阪府,Ｂ－ＧＲＯＵＮＤ（ビーグラウンド）
3386,295.9,18000,2,0,1,1,1,黒,群馬県,群馬トヨタ自動車（株） Ｕ－Ｐａｒｋ太田竜舞店
3387,280.8,21000,3,0,1,1,1,薄緑,滋賀県,株式会社滋賀トヨタ 堅田店
3388,228.7,67000,3,1,1,1,1,真珠Ｍ,大阪府,トヨタカローラ南海（株） いぶき野プラザ
3389,308.7,27000,4,0,1,1,1,薄茶,広島県,トヨタカローラ広島 シャント尾道
3390,218.7,18000,6,0,1,1,1,茶真珠,福岡県,カーチス福岡西
3391,209.5,35000,6,0,1,1,1,薄茶II,埼玉県,トヨタユーゼック ネットストア埼玉幸手
3392,85,49000,11,0,1,0,1,銀,大阪府,ＡＵＴＯ　ＤＡＮＫ　（オートダンク）
3393,209.7,35000,6,0,1,1,1,茶真珠,埼玉県,トヨタユーゼック ネットストア埼玉幸手
3394,96.3,162000,6,0,0,1,1,薄茶,大阪府,トヨタカローラ南海（株） 新喜連プラザ
3395,269.8,35000,4,0,1,1,1,薄緑,滋賀県,株式会社滋賀トヨタ Ｕ‐Ｃａｒ栗東　ＳＭｉＬＥ　ＰＡＲＫ
3396,189.4,42000,5,0,1,0,1,真珠Ｍ,神奈川県,ウエインズトヨタ神奈川 ＷＥＩＮＳ　ＰＡＲＫ　Ｕ－ＢＡＳＥ海老名
3397,287.8,29000,3,0,1,1,1,緑,広島県,トヨタカローラ広島 シャント矢野
3398,198.1,14000,5,0,1,0,1,真珠Ｍ,神奈川県,ウエインズトヨタ神奈川 Ｕ－ＢＡＳＥ相模
3399,251.8,37000,3,0,1,0,1,緑,広島県,トヨタカローラ広島 シャント東広島
3400,290.3,13000,3,0,1,1,1,薄茶,神奈川県,ウエインズトヨタ神奈川 Ｕ－ＢＡＳＥ相模
3401,269.1,23000,2,0,1,0,1,灰,福岡県,株式会社ホンダカーズ博多 宗像東郷店
3402,287.9,15000,3,0,1,1,1,緑,群馬県,群馬トヨタ自動車（株） Ｕ－Ｐａｒｋ桐生バイパス店
3403,114.8,81000,10,1,1,1,1,黒真珠,福岡県,株式会社ＦＥＥＬ
3404,138.1,50000,10,0,1,0,1,黒,大阪府,（株）アップスポット
3405,207.7,28000,5,0,1,0,1,黒Ｍ,滋賀県,株式会社滋賀トヨタ 長浜店
3406,288.8,10000,4,0,1,1,1,灰,三重県,グッドスピード 四日市　ＳＵＶ専門店
3407,283.8,22000,3,0,1,1,1,薄緑,滋賀県,株式会社滋賀トヨタ Ｕ－Ｃａｒ栗東
3408,158.6,74000,6,0,1,0,1,薄茶,鹿児島県,トヨタカローラ鹿児島 国分マイカーセンター
3409,310.1,34000,2,0,1,1,1,真珠Ｍ,広島県,トヨタカローラ広島 シャント広島本店
3410,239.7,54000,3,1,1,1,1,黒,大阪府,トヨタカローラ南海（株） 諏訪森プラザ
3411,289.8,33000,3,0,1,1,1,薄緑,滋賀県,株式会社滋賀トヨタ Ｕ－Ｃａｒ栗東
3412,188.1,23000,5,0,1,0,1,紺ＭＭ,神奈川県,ウエインズトヨタ神奈川 ＷＥＩＮＳ　ＰＡＲＫ　Ｕ－ＢＡＳＥ海老名
3413,227.1,19000,5,0,1,1,1,真珠Ｍ,神奈川県,ウエインズトヨタ神奈川 ビークルステーション瀬谷
3414,155.6,55000,7,0,1,1,1,茶Ｍ,愛知県,愛知トヨタ 豊川マイカーセンター
3415,165.9,50000,7,0,1,0,1,真珠II,埼玉県,ネッツトヨタ埼玉 富士見マイカーセンター
3416,80.1,122000,9,0,1,1,1,黒Ｍ,愛知県,愛知トヨタ 半田インター店
3417,120.9,77000,10,0,1,1,1,赤ＭＭ,福岡県,トヨタカローラ福岡 那珂川店
3418,127.9,75000,10,0,1,1,1,白真珠,静岡県,トヨタユナイテッド静岡 浜北インター店
3419,136.8,12000,10,1,1,1,1,青Ｍ,長野県,ＮＴＰトヨタ信州 オレンジタウン伊那
3420,273.3,22000,4,0,1,0,1,緑,広島県,トヨタカローラ広島 シャント東広島
3421,290.9,21000,3,0,1,1,1,緑,広島県,トヨタカローラ広島 シャント三次
3422,186.1,49000,6,0,1,0,1,真珠Ｍ,岡山県,トヨタカローラ岡山 トヨタ認定中古車倉敷店
3423,294.4,16000,4,0,1,1,1,白真珠,静岡県,カーショップ・ユーライン
3424,277.5,37000,4,0,1,1,1,真珠Ｍ,鹿児島県,鹿児島トヨタ自動車 グリーンフィールド鹿屋
3425,295.4,21000,3,0,1,1,1,薄緑,滋賀県,株式会社滋賀トヨタ Ｕ－Ｃａｒ栗東
3426,127,51000,10,0,1,0,1,白真珠,福岡県,ガチアウトレット　カーチス筑紫野
3427,211.2,20000,5,0,1,0,1,黒Ｍ,埼玉県,ネッツトヨタ埼玉 富士見マイカーセンター
3428,188.1,40000,6,0,1,0,1,茶Ｍ,神奈川県,ウエインズトヨタ神奈川 ＷＥＩＮＳ　Ｕ－Ｃａｒ　湘南台
3429,79.8,150000,11,0,0,1,1,銀,愛媛県,トラストワン
3430,197.8,63000,7,0,1,0,1,黒Ｍ,福島県,ネッツトヨタ福島 Ｕ－Ｃａｒ会津
3431,283.5,34000,3,0,1,1,1,薄茶茶,神奈川県,ウエインズトヨタ神奈川 ＷＥＩＮＳ　ＰＡＲＫ　Ｕ－ＢＡＳＥ海老名
3432,149.2,86000,8,0,1,1,1,真珠Ｍ,岡山県,トヨタカローラ岡山 トヨタ認定中古車津山店
3433,215.8,30000,7,0,1,0,1,銀,北海道,茂田石油株式会社 南３６条店
3434,278.3,4000,1,0,1,0,1,真珠白,神奈川県,ウエインズトヨタ神奈川 ＷＥＩＮＳ　ＰＡＲＫ　Ｕ－ＢＡＳＥ海老名
3435,66,84000,14,0,1,0,1,真珠白,宮城県,車買取　バイグッド
3436,296.7,8000,3,0,1,1,1,真珠Ｍ,神奈川県,ウエインズトヨタ神奈川 ＷＥＩＮＳ　Ｕ－Ｃａｒ　厚木水引
3437,293.1,19000,3,0,1,1,1,真珠Ｍ,岡山県,トヨタカローラ岡山 トヨタ認定中古車平島店
3438,194.8,50000,5,0,1,0,1,茶Ｍ,神奈川県,ウエインズトヨタ神奈川 ＷＥＩＮＳ　ＰＡＲＫ　Ｕ－ＢＡＳＥ海老名
3439,228.6,33000,5,0,1,1,1,真珠Ｍ,岡山県,トヨタカローラ岡山 トヨタ認定中古車津山店
3440,315.5,6000,1,0,1,1,1,薄緑,埼玉県,トヨタユーゼック ネットストア埼玉幸手
3441,128,92000,8,0,0,0,1,赤Ｍ,愛知県,アップルワールド豊田店
3442,189.1,23000,7,0,1,0,1,黒Ｍ,大阪府,大阪トヨタＮｏｒｔｈ（株） サンテラス箕面
3443,267.3,35000,3,0,1,0,1,真珠Ｍ,広島県,トヨタカローラ広島 シャント矢野
3444,296.3,55000,3,0,1,1,1,白真珠,新潟県,ココセレクト 上越４ＷＤ専門店
3445,179.7,63000,6,0,1,0,1,緑Ｍ,茨城県,茨城トヨペット 竜ヶ崎出し山店
3446,125.5,57000,11,0,0,1,1,真珠Ｍ,大阪府,トヨタカローラ南海（株） いぶき野プラザ
3447,275.7,45000,3,0,1,1,1,緑,広島県,トヨタカローラ広島 シャント広島本店
3448,273,49000,4,0,1,1,1,緑,神奈川県,ウエインズトヨタ神奈川 ＷＥＩＮＳ　ＰＡＲＫ　Ｕ－ＢＡＳＥ海老名
3449,119.1,71000,9,0,1,0,1,緑ＭＭ,大阪府,大阪トヨタＮｏｒｔｈ（株） サンテラス茨木
3450,289.8,17000,3,0,1,1,1,黒,滋賀県,株式会社滋賀トヨタ Ｕ‐Ｃａｒ栗東　ＳＭｉＬＥ　ＰＡＲＫ
3451,293.4,20000,3,0,1,1,1,白真珠,滋賀県,株式会社滋賀トヨタ モビリティプラザ守山Ｗｅｓｔ
3452,172,11000,9,0,1,0,1,白,東京都,ＡｕｔｏＳｈｏｐ　Ｒｅｔｒｉｅｖｅ
3453,134.4,38000,10,0,1,0,1,茶真珠,愛知県,キリックスリース株式会社 オートプラザキリックス岡崎大樹寺店
3454,100,74000,11,0,1,0,1,茶Ｍ,神奈川県,ウエインズトヨタ神奈川 ＷＥＩＮＳ　Ｕ－Ｃａｒ　相模原
3455,293.3,19000,3,0,1,1,1,真珠Ｍ,広島県,トヨタカローラ広島 シャント広
3456,115.3,111000,7,0,1,0,1,黒Ｍ,滋賀県,株式会社滋賀トヨタ Ｕ－Ｃａｒ彦根　ＳＭｉＬＥ　ＰＡＲＫ
3457,284.4,20000,3,0,1,1,1,薄緑,福岡県,福岡トヨペット トヨタ認定中古車　博多南店
3458,98.2,51000,10,1,1,0,1,白真珠,埼玉県,横山自動車販売株式会社
3459,178.7,77000,7,0,1,1,1,真珠Ｍ,広島県,トヨタカローラ広島 シャント東広島
3460,257.4,10000,3,0,1,0,1,真珠Ｍ,富山県,トヨタカローラ富山 カーロッツ富山
3461,301,21000,3,0,1,1,1,灰濃,埼玉県,ネッツトヨタ埼玉 熊谷マイカーセンター
3462,196.6,30000,6,0,1,0,1,真珠白,滋賀県,滋賀ダイハツ販売（株） ハッピー八幡店
3463,196.1,17000,7,0,1,0,1,黒,新潟県,（株）川内自動車 ビックカードーム　タンポポ
3464,154,67000,10,0,1,1,1,薄茶,奈良県,セレクション
3465,219.6,45000,5,0,1,1,1,真珠Ｍ,群馬県,群馬トヨタ自動車 Ｕ－Ｐａｒｋ前橋荒牧店
3466,306.4,30000,3,0,1,1,1,薄茶,福島県,トヨタカローラ福島 福島店
3467,305.4,22000,3,0,1,1,1,真珠Ｍ,富山県,トヨタカローラ富山 カーロッツ富山
3468,292.7,36000,2,0,1,1,1,薄緑,滋賀県,株式会社滋賀トヨタ Ｕ－Ｃａｒ彦根　ＳＭｉＬＥ　ＰＡＲＫ
3469,64.6,63000,16,0,1,0,1,灰,京都府,カーマイスター
3470,141.8,173000,7,0,1,1,1,茶,茨城県,ガリバー 日立田尻店
3471,70,72000,14,0,1,0,1,紫,兵庫県,車買取専門店　ハナテン川西多田店
3472,169.8,46000,9,0,1,1,1,真珠白,埼玉県,株式会社フレックス車太郎（シャタロウ）　ＪＵ適正販売店
3473,180.3,58000,8,0,0,1,1,紫,埼玉県,Ｈｏｎｄａ　Ｃａｒｓ埼玉南 新座中古車センター
3474,303.4,13000,4,0,1,1,1,薄灰青,福島県,トヨタカローラ福島 福島店
3475,269.5,16000,3,0,1,0,1,薄緑,埼玉県,ネッツトヨタ埼玉 北本マイカーセンター
3476,303.3,17000,3,0,1,1,1,黒,埼玉県,ネッツトヨタ埼玉 新三郷マイカーセンター
3477,154.8,55000,9,0,1,1,1,銀,茨城県,ＲＥＸオート／カーケアプラザひたち野うしく
3478,85.5,122000,10,1,1,1,1,白真珠,滋賀県,株式会社滋賀トヨタ 安曇川店
3479,113.1,92000,11,0,1,1,1,黒,岡山県,トヨタカローラ岡山 トヨタ認定中古車平島店
3480,173.1,55000,7,0,1,0,1,真珠Ｍ,広島県,トヨタカローラ広島 シャント福山
3481,48.8,95000,15,1,1,0,1,紫Ｍ,鹿児島県,有限会社宮田自動車
3482,197.1,30000,6,0,1,1,1,銀Ｍ,神奈川県,ウエインズトヨタ神奈川 ＷＥＩＮＳ　Ｕ－Ｃａｒ　港南日野インター
3483,137.9,116000,8,0,1,1,1,茶Ｍ,山口県,山口トヨペット 岩国マイカーセンター
3484,118.8,82000,10,0,1,0,1,白,茨城県,ＲＥＸオート／カーケアプラザひたち野うしく
3485,179.8,32000,8,0,1,0,1,薄茶,埼玉県,株式会社フレックス車太郎（シャタロウ）　ＪＵ適正販売店
3486,134.8,29000,10,0,1,0,1,銀,茨城県,ＲＥＸオート／カーケアプラザひたち野うしく
3487,299.5,12000,3,0,1,1,1,黒,埼玉県,ネッツトヨタ埼玉 富士見マイカーセンター
3488,159.8,57000,10,0,1,1,1,白真珠,宮城県,ＴＡＸ宮城野 アーバン館
3489,336.5,500,1,0,1,1,1,薄緑,新潟県,（株）川内自動車 ビックカードーム　タンポポ
3490,221.4,40000,3,1,1,0,1,真珠Ｍ,大阪府,トヨタカローラ南海（株） 貝塚プラザ
3491,288.5,16000,4,0,1,1,1,真珠Ｍ,鹿児島県,鹿児島トヨタ自動車 グリーンフィールド川内
3492,248.4,16000,5,0,1,1,1,白真珠,群馬県,群馬トヨタ自動車（株） Ｕ－Ｐａｒｋオートモール渋川店
3493,139.8,43000,10,1,1,1,1,黒Ｍ,福岡県,株式会社ＦＥＥＬ
3494,44.4,98000,17,0,1,0,1,灰,神奈川県,リバーサイド エルザ２４６号店
3495,32.8,155000,19,0,0,0,1,灰,千葉県,Ｔａｕｒｏｓ　Ｊａｐａｎ
3496,199.2,22000,7,0,1,0,1,黒Ｍ,静岡県,トヨタユナイテッド静岡 浜松和田店
3497,165.5,80000,8,0,1,1,1,紫,滋賀県,株式会社滋賀トヨタ Ｕ－Ｃａｒ彦根　ＳＭｉＬＥ　ＰＡＲＫ
3498,308.5,31000,3,0,1,1,1,灰濃,茨城県,茨城トヨタ自動車株式会社 鉾田店
3499,144.1,46000,11,0,1,0,1,銀Ｍ,埼玉県,ネッツトヨタ埼玉 北本マイカーセンター
3500,307.5,29000,4,0,1,1,1,真珠Ｍ,鹿児島県,鹿児島トヨタ自動車 グリーンフィールド川内
3501,177.8,37000,9,0,1,1,1,赤Ｍ,埼玉県,細井自動車 Ｕ－ＣＡＲ杉戸
3502,165.5,55000,9,0,1,1,1,白真珠,埼玉県,ネッツトヨタ埼玉 鶴ヶ島マイカーセンター
3503,316,39000,2,0,1,1,1,白真珠,福島県,トヨタカローラ福島 福島店
3504,75.2,71000,13,0,1,0,1,赤紫Ｍ,神奈川県,ウエインズトヨタ神奈川 ＷＥＩＮＳ　ＰＡＲＫ　Ｕ－ＢＡＳＥ海老名
3505,129,81000,9,0,1,0,1,真珠Ｍ,兵庫県,兵庫トヨタ自動車（株） マイカーランド姫路
3506,287.5,41000,4,0,1,1,1,薄茶,鹿児島県,鹿児島トヨタ自動車 グリーンフィールド鹿屋
3507,163.6,30000,9,0,1,1,1,銀Ｍ,埼玉県,細井自動車 Ｕ－ＣＡＲ杉戸
3508,175.9,73000,6,0,1,0,1,真珠Ｍ,山口県,山口トヨペット 萩マイカーセンター　つばき店
3509,289.8,12000,3,0,1,0,1,白真珠,宮城県,ＴＡＸ宮城野 アーバン館
3510,295.4,6000,3,0,1,1,1,薄茶,茨城県,茨城トヨタ自動車株式会社 水戸泉町店
3511,331.2,30000,4,0,1,1,1,薄茶,新潟県,（株）川内自動車 ビックカードーム　タンポポ
3512,189.4,42000,8,0,1,1,1,真珠Ｍ,鹿児島県,鹿児島トヨタ自動車 グリーンフィールド鹿屋
3513,172.2,72000,7,0,1,1,0,黒Ｍ,埼玉県,トヨタカローラ新埼玉 嵐山マイカーセンター
3514,358.3,21000,3,0,1,1,1,灰,千葉県,ＷＡＮＧＡＮ３５７
3515,169,94000,7,0,1,1,1,白真珠,大阪府,Ｂ－ＧＲＯＵＮＤ（ビーグラウンド）
3516,159.4,42000,10,0,1,0,0,白真珠,茨城県,（株）ナオイオート 戸頭店
3517,97.2,130000,9,0,1,1,1,真珠Ｍ,兵庫県,兵庫トヨタ自動車（株） マイカーランド西宮
3518,334.7,12000,2,0,1,1,1,薄緑,岐阜県,岐阜トヨペット（株） 美濃加茂店
3519,318.5,11000,4,0,1,1,1,緑,鹿児島県,鹿児島トヨタ自動車 ＫＴＳオートシティ
3520,281.1,19000,3,0,1,0,1,薄緑,新潟県,（株）川内自動車 ビックカードーム　タンポポ
3521,313.4,38000,4,0,1,1,1,白真珠,福島県,トヨタカローラ福島 福島店
3522,306.5,27000,4,0,1,1,1,緑,鹿児島県,鹿児島トヨタ自動車 グリーンフィールド隼人
3523,219.4,50000,5,0,1,1,1,薄茶,鹿児島県,鹿児島トヨタ自動車株式会社 ＫＴＳオートシティ（Ｅａｓｔ）
3524,325.6,9,1,0,1,0,1,真珠Ｍ,愛知県,（株）エムズオート　本店
3525,129.8,81000,9,0,1,0,1,白真珠,宮城県,ＴＡＸ宮城野 アーバン館
3526,308.9,53000,4,0,1,1,1,黒,福島県,（株）ホウセイ モーターランドホウセイ
3527,297.4,13000,4,0,1,0,1,薄緑,福島県,トヨタカローラ福島 福島店
3528,217.6,59000,7,0,1,1,1,真珠Ｍ,群馬県,群馬トヨタ自動車（株） Ｕ－Ｐａｒｋ高崎島野店
3529,205.5,63000,7,0,1,1,1,真珠Ｍ,群馬県,群馬トヨタ自動車（株） Ｕ－Ｐａｒｋ太田竜舞店
3530,124.6,68000,9,0,1,0,0,赤,福岡県,カーチス福岡西
3531,94,43000,19,0,1,0,1,緑,岐阜県,ＲＵＳＩＴ瑞穂店
3532,99,30000,14,0,1,0,1,灰黒II,兵庫県,ＡＷＥＳＯＭＥ　ＣＡＲ’Ｓ
3533,166.3,90000,6,0,1,0,1,真珠Ｍ,石川県,石川トヨタ自動車（株） Ｕ－Ｃａｒ金沢御影店
3534,127.4,84000,10,0,1,0,1,真珠Ｍ,兵庫県,兵庫トヨタ自動車（株） マイカーランド西宮
3535,160,60000,9,0,1,0,1,真珠白,滋賀県,滋賀ダイハツ販売（株） ハッピー野洲店
3536,211.5,42000,8,0,1,1,1,濃紫,鹿児島県,鹿児島トヨタ自動車 グリーンフィールド隼人
3537,208.7,10000,5,1,0,0,0,白真珠,福島県,（株）ホウセイ モーターランドホウセイ
3538,166,23000,9,0,0,0,1,白真珠,千葉県,テックピット　館山店 丸高ティーティー株式会社
3539,69.8,93000,12,0,1,0,1,黒,新潟県,買取マウス西川店（株）カーセレクション
3540,178,5000,11,0,1,0,1,黄青,兵庫県,ネロモータリングヤード
3541,146.8,82000,9,0,1,0,1,白真珠,福岡県,ＫＵＲＵＭＡ　ＰＬＵＳ（クルマプラス）
3542,94,48000,20,0,1,0,1,薄緑,岐阜県,ＲＵＳＩＴ瑞穂店
3543,187.3,18000,9,0,1,0,1,黒Ｍ,愛知県,（株）ゴトウスバル アップル岩倉店
3544,118.8,118000,10,0,0,0,1,黒Ｍ,岩手県,株式会社Ｃａｒ　Ｓｔａｎｄａｒｄ
3545,99.8,66000,13,0,1,0,1,薄茶黒,愛知県,ＯＵＴＤＯＯＲ　ＣＡＲＳ　アウトドアカーズ
3546,199.8,18000,11,0,0,1,1,白真珠,茨城県,アップル那珂中央店
3547,59.8,171000,10,1,1,0,1,黒,大阪府,ミニバンモール　ＡＶＡＮＴ　ＧＡＲＤＥ　ＧＡＲＡＧＥ　アヴァンギャルドガレージ
3548,63.4,157000,15,0,1,0,1,赤紫Ｍ,秋田県,ガリバーミニクル 秋田茨島店
3549,84,72000,20,0,1,0,1,青,岐阜県,ＲＵＳＩＴ瑞穂店
3550,99.8,48000,16,0,1,0,1,緑灰,香川県,ＮＴＣ　ＦＡＭＩＬＩＡ店　（株）日本トレーディング
3551,94.8,50000,16,0,1,0,1,灰青黒,愛知県,Ｆｒｅｉｈｅｉｔ　フライハイト
3552,94.8,51000,18,0,1,0,1,薄茶黒,愛知県,Ｆｒｅｉｈｅｉｔ　フライハイト
3553,131.5,97000,10,0,0,0,1,黒Ｍ,滋賀県,自社ローン　中古車　スリークロス 滋賀店
3554,250.2,48000,8,0,1,0,1,白茶II,岩手県,岩手三菱自動車販売（株） ダイヤモンドカーズ　北上村崎野
3555,231.5,70000,7,0,0,1,1,黒黒,滋賀県,自社ローン　中古車　スリークロス 滋賀店
3556,90.7,81000,15,0,1,0,1,銀ＭＭ,滋賀県,株式会社滋賀トヨタ 安曇川店
3557,72.8,148000,15,0,1,0,1,濃灰,山梨県,ガリバー 甲府バイパス住吉店
3558,173,24000,5,0,1,0,1,薄灰青,山形県,トヨタカローラ山形 米沢店
3559,156.4,42000,6,0,1,0,1,黄,鳥取県,鳥取トヨタ自動車 千代水店
3560,146.8,43000,7,0,1,0,1,黄,福島県,トヨタカローラ福島 白河店
3561,115.1,99000,8,0,1,0,1,黒Ｍ,北海道,ネッツトヨタ札幌（株） 中古車藻岩店
3562,185.1,27000,5,0,1,1,1,赤Ｍ,奈良県,奈良トヨペット Ｕ－Ｃａｒ橿原店
3563,160.9,29000,6,0,1,0,1,青緑Ｍ,東京都,トヨタＳ＆Ｄ西東京 Ｕ－Ｃａｒ八王子店
3564,60.1,117000,11,0,1,0,1,青Ｍ,山形県,トヨタカローラ山形 東根店
3565,155.1,53000,6,0,1,0,1,黒Ｍ,岐阜県,岐阜トヨペット（株） 真正店
3566,158.7,48000,5,0,1,1,1,赤,京都府,トヨタカローラ京都（株） 木津川台店
3567,145,58000,7,0,1,0,1,銀Ｍ,栃木県,ネッツトヨタ栃木 トヨタ認定中古車小山店
3568,270.2,9000,2,0,1,1,1,真珠Ｍ,兵庫県,ネッツトヨタゾナ神戸（株） 北神店
3569,127.6,49000,10,0,1,1,1,青Ｍ,神奈川県,日産自動車販売 ユーカーカレスト座間
3570,168,41000,5,0,1,0,1,薄灰青,山形県,トヨタカローラ山形 東根店
3571,119.1,77000,8,0,1,0,1,銀Ｍ,兵庫県,トヨタカローラ神戸（株） 三田マイカーセンター
3572,256.8,2000,1,0,1,0,1,青灰,兵庫県,トヨタカローラ神戸 丹波篠山マイカーセンター
3573,134.7,44000,7,1,1,0,1,銀Ｍ,福岡県,福岡トヨタ自動車 福岡トヨタ特選展示場　八幡
3574,122,62000,11,0,1,1,1,黄,岩手県,岩手トヨペット 沼宮内支店
3575,205.6,46000,4,0,1,1,1,黒Ｍ,愛媛県,愛媛トヨペット（株） 松山中央店
3576,170,45000,5,0,1,0,1,赤ＭII,奈良県,奈良トヨペット Ｕ－Ｃａｒ葛城店
3577,120.1,73000,8,0,1,0,1,銀Ｍ,山口県,トヨタカローラ山口 Ｆｅｌｉｘ８８周南　ＨＡＣＨＩ－ＨＡＣＨＩ　中古車ＢＯＸ
3578,104,72000,9,0,1,0,1,茶真珠,愛知県,Ｔ．Ｔ　ＣＡＲＳ　名古屋北店
3579,216.5,18000,5,0,1,0,1,白真珠,宮城県,宮城トヨタグループ ＭＴＧ気仙沼／宮城トヨタ自動車
3580,175.7,42000,5,0,1,0,1,真珠Ｍ,京都府,トヨタカローラ京都（株） 伏見マイカーセンター
3581,155.6,73000,7,0,1,1,1,薄茶,福岡県,福岡トヨタ自動車 福岡トヨタ特選展示場　太宰府インター
3582,122.1,49000,11,0,0,1,1,青Ｍ,大阪府,大阪トヨタＮｏｒｔｈ（株） サンテラス箕面
3583,263.2,8000,2,0,1,1,1,真珠Ｍ,東京都,トヨタＳ＆Ｄ西東京 Ｕ－Ｃａｒ由木店
3584,119,46000,9,0,1,0,1,青Ｍ,愛知県,Ｔ．Ｔ　ＣＡＲＳ　名古屋北店
3585,195.8,34000,6,0,1,1,1,青緑Ｍ,東京都,トヨタＳ＆Ｄ西東京 Ｕ－Ｃａｒ青梅店
3586,206.1,20000,4,0,1,1,1,深銀Ｍ,神奈川県,トヨタモビリティ神奈川（旧神奈川トヨタ） 中古車タウン二俣川
3587,212.6,29000,5,0,1,1,1,黒,京都府,トヨタカローラ京都（株） 福知山店
3588,282.8,26000,2,0,1,1,1,黒,京都府,トヨタカローラ京都（株） 伏見マイカーセンター
3589,171.9,32000,7,0,1,0,1,茶真珠,静岡県,浜松日産自動車（株） Ｕｃａｒｓ宮竹店
3590,115.5,73000,10,0,1,1,1,茶Ｍ,奈良県,奈良トヨペット Ｕ－Ｃａｒ橿原店
3591,213,29000,4,0,1,1,1,真珠Ｍ,京都府,トヨタカローラ京都（株） 八幡マイカーセンター
3592,255.9,10000,3,0,1,0,1,薄緑灰,神奈川県,トヨタモビリティ神奈川（旧ネッツトヨタ湘南） 中古車タウン平塚大神
3593,247.2,51000,3,0,1,1,1,薄茶,徳島県,日産サティオ徳島 論田支店
3594,204.7,38000,5,0,1,1,1,真珠Ｍ,京都府,トヨタカローラ京都（株） 八幡マイカーセンター
3595,116.5,102000,8,0,1,1,1,青Ｍ,兵庫県,トヨタカローラ神戸（株） 中古車ＷＥＢアウトレット店
3596,257.7,35000,3,0,1,1,1,赤Ｍ,山口県,トヨタカローラ山口 Ｕ－Ｃａｒ－ＰＡＲＫ「ａｔｔａ！」ときわ
3597,69.5,113000,10,0,1,0,1,真珠,新潟県,ｃａｒ　ｓｈｏｐ　ＲＥＬＡＴＥ
3598,273.7,31000,1,0,1,1,1,黒,神奈川県,トヨタモビリティ神奈川（旧神奈川トヨタ） 中古車タウン厚木
3599,274.9,7000,3,0,1,1,1,黒,京都府,トヨタカローラ京都（株） 舞鶴店
3600,178.7,47000,5,0,1,0,1,薄茶,和歌山県,ネッツトヨタ和歌山（株） 国体道路店
3601,255.9,22000,3,0,1,0,1,薄緑,神奈川県,トヨタモビリティ神奈川（旧ネッツトヨタ横浜） 中古車タウン瀬谷
3602,164.1,58000,6,0,1,0,1,茶Ｍ,山口県,トヨタカローラ山口 Ｆｅｌｉｘ８８周南　ＨＡＣＨＩ－ＨＡＣＨＩ　中古車ＢＯＸ
3603,195.9,32000,5,0,1,0,1,黒Ｍ,栃木県,ネッツトヨタ栃木 西那須野バイパス店
3604,185.7,19000,5,0,1,0,1,II,京都府,トヨタカローラ京都（株） 八幡マイカーセンター
3605,225.7,69000,3,1,1,1,1,白真珠,福岡県,福岡トヨタ自動車 福岡トヨタ特選展示場　博多
3606,285.8,11000,3,0,1,1,1,薄緑,神奈川県,スーパーオートバックスカーズ ２４６江田店／（株）アイエー
3607,53,101000,11,0,1,0,1,赤紫Ｍ,山形県,トヨタカローラ山形 天童店
3608,241.5,31000,3,0,1,0,1,黒,京都府,トヨタカローラ京都（株） 福知山店
3609,290.7,10000,3,0,1,1,1,薄緑,東京都,トヨタＳ＆Ｄ西東京 Ｕ－Ｃａｒ横田ベースサイド
3610,169.2,43000,8,0,1,1,1,銀,東京都,ホンダカーズ東京中央 Ｕ－Ｓｅｌｅｃｔ保谷
3611,258.3,18000,3,0,1,1,1,緑,神奈川県,トヨタモビリティ神奈川（旧神奈川トヨタ） 中古車タウン大和
3612,190.7,51000,5,0,1,1,1,黒Ｍ,三重県,トヨタカローラ三重（株） トヨタカローラ三重　一身田店
3613,281.6,37000,3,0,1,1,1,青灰,鳥取県,ネッツトヨタ鳥取 鳥取安長店
3614,274.9,22000,3,0,1,1,1,緑,京都府,トヨタカローラ京都（株） 舞鶴店
3615,248.2,12000,3,0,1,0,1,黒,京都府,トヨタカローラ京都（株） 宇治店
3616,143.3,73000,8,0,1,0,1,茶Ｍ,山口県,トヨタカローラ山口 防府マイカーセンター
3617,257.6,22000,3,0,1,1,1,薄緑,東京都,トヨタＳ＆Ｄ西東京 Ｕ－Ｃａｒ神明台店
3618,283.3,32000,3,0,1,1,1,黒,神奈川県,トヨタモビリティ神奈川（旧ネッツトヨタ湘南） 中古車タウン平塚大神
3619,281,4000,1,0,1,0,1,黒,京都府,トヨタカローラ京都（株） 伏見マイカーセンター
3620,263.4,14000,2,0,1,1,1,薄緑,神奈川県,トヨタモビリティ神奈川（旧神奈川トヨタ） 中古車タウン相模原北
3621,274.9,28000,3,0,1,1,1,黒,京都府,トヨタカローラ京都（株） 福知山店
3622,182.2,32000,7,0,1,1,1,白真珠,栃木県,トヨタカローラ栃木 足利朝倉店
3623,94.8,72000,11,0,1,0,1,黒Ｍ,宮城県,３９ＣＯＭＰＡＮＹ　仙台店
3624,232.4,84000,3,0,1,1,1,白真珠,和歌山県,ネッツトヨタ和歌山（株） ダイハツショップ紀三井寺店
3625,296.1,20000,2,0,1,1,1,真珠Ｍ,神奈川県,トヨタモビリティ神奈川（旧ネッツトヨタ湘南） 中古車タウン鵜野森
3626,256.7,43000,4,0,1,1,1,真珠Ｍ,静岡県,トヨタユナイテッド静岡 いろは店
3627,106.1,107000,11,0,1,1,1,黒Ｍ,福島県,福島トヨペット（株） オンリーユー
3628,220,32000,4,0,1,1,1,真珠Ｍ,千葉県,トヨタカローラ千葉 習志野マイカーセンター
3629,280.3,27000,3,0,1,1,1,赤Ｍ,神奈川県,トヨタモビリティ神奈川（旧ネッツトヨタ横浜） 中古車タウン瀬谷
3630,97.6,90000,10,0,1,0,1,銀Ｍ,愛媛県,愛媛トヨペット（株） 四国中央店
3631,245.2,23000,3,0,1,1,1,白,広島県,アンフィニ広島 大州店
3632,228.4,33000,4,0,1,0,1,緑,岡山県,ネッツトヨタ山陽 やしの木店
3633,205.9,27000,5,0,1,1,1,薄茶,神奈川県,トヨタモビリティ神奈川（旧ネッツトヨタ湘南） 中古車タウン鵜野森
3634,238.3,73000,3,0,1,1,1,緑,兵庫県,ネッツトヨタ兵庫（株） 広畑Ｕ－Ｃａｒセンター
3635,278.3,21000,3,0,1,1,1,青灰,神奈川県,トヨタモビリティ神奈川（旧ネッツトヨタ湘南） 中古車タウン湘南
3636,278.3,37000,3,0,1,1,1,真珠Ｍ,神奈川県,トヨタモビリティ神奈川（旧神奈川トヨタ） 中古車タウン大和
3637,89.4,65000,10,1,1,0,1,真珠Ｍ,兵庫県,トヨタカローラ神戸（株） 中古車ＷＥＢアウトレット店
3638,247.3,25000,4,0,1,0,1,黒,長崎県,トヨタカローラ長崎 ユーカーランド久山
3639,282.9,31000,2,0,1,1,1,灰,京都府,トヨタカローラ京都（株） 伏見マイカーセンター
3640,214.7,30000,5,0,1,1,1,黒,京都府,トヨタカローラ京都（株） 木津川台店
3641,301.4,13000,2,0,1,1,1,真珠Ｍ,神奈川県,トヨタモビリティ神奈川（旧トヨタカローラ横浜） 中古車タウン戸塚
3642,243.3,35000,3,0,1,0,1,真珠Ｍ,香川県,香川トヨタ自動車 Ｕ－Ｃａｒルート３２中央店
3643,275.3,42000,3,0,1,1,1,白真珠,神奈川県,トヨタモビリティ神奈川（旧ネッツトヨタ横浜） 中古車タウン瀬谷
3644,266.1,22000,2,0,1,1,1,緑,神奈川県,トヨタモビリティ神奈川（旧ネッツトヨタ湘南） 中古車タウン鵜野森
3645,238.3,28000,2,0,1,0,1,白真珠,神奈川県,トヨタモビリティ神奈川（旧神奈川トヨタ） 中古車タウン厚木
3646,293,29000,1,0,1,1,1,黒,山口県,山口トヨタ自動車 美祢店
3647,291.7,4000,2,0,1,1,1,真珠Ｍ,千葉県,トヨタカローラ千葉 都町マイカーセンター
3648,237.8,20000,3,0,1,0,1,緑,大阪府,大阪トヨタＮｏｒｔｈ（株） サンテラス箕面
3649,231.9,15000,5,0,1,1,1,赤Ｍ,福岡県,福岡トヨタ自動車 福岡トヨタ特選展示場　太宰府インター
3650,147.2,74000,7,0,1,0,1,茶Ｍ,山口県,山口トヨタ自動車 美祢店
3651,210.1,29000,7,0,1,0,1,真珠II,千葉県,トヨタカローラ千葉 木更津マイカーセンター
3652,236,29000,4,0,1,0,1,深灰,福岡県,福岡トヨタ自動車 福岡トヨタ特選展示場　太宰府インター
3653,180.6,69000,5,0,1,1,1,黒Ｍ,岡山県,ネッツトヨタ山陽 やしの木店
3654,284,17000,3,0,1,1,1,薄緑,愛知県,Ｔ．Ｔ　ＣＡＲＳ　名古屋北店
3655,283.3,31000,3,0,1,1,1,薄緑灰,神奈川県,トヨタモビリティ神奈川（旧ネッツトヨタ湘南） 中古車タウン平塚大神
3656,291.5,16000,3,0,1,1,1,真珠Ｍ,東京都,トヨタＳ＆Ｄ西東京 Ｕ－Ｃａｒ由木店
3657,330.7,24000,3,0,1,1,1,緑,愛媛県,愛媛トヨペット（株） ＴｏＰ　ＴＯＷＮ　宇和島
3658,266.6,31000,4,0,1,1,1,薄灰青,神奈川県,トヨタモビリティ神奈川（旧神奈川トヨタ） 中古車タウン中原
3659,187.9,24000,6,0,1,0,1,赤Ｍ,東京都,トヨタＳ＆Ｄ西東京 Ｕ－Ｃａｒ由木店
3660,153.8,78000,7,0,1,1,1,銀Ｍ,岩手県,ネッツトヨタ盛岡（株） 厨川店
3661,196.7,23000,7,0,1,1,1,青緑Ｍ,神奈川県,トヨタモビリティ神奈川（旧神奈川トヨタ） 中古車タウン中原
3662,132.8,86000,7,0,1,0,1,真珠Ｍ,長野県,長野トヨタ チューカーボックス佐久店
3663,123.1,69000,11,0,1,1,1,黄,千葉県,トヨタカローラ千葉 船橋北口マイカーセンター
3664,255.9,9000,3,0,1,0,1,薄茶,神奈川県,トヨタモビリティ神奈川（旧ネッツトヨタ湘南） 中古車タウン湘南
3665,245.8,24000,4,0,1,0,1,真珠Ｍ,京都府,トヨタカローラ京都（株） 舞鶴店
3666,50.7,59000,21,0,1,0,1,銀ＭＭ,埼玉県,トヨタカローラ新埼玉 嵐山マイカーセンター
3667,74.2,129000,9,0,1,0,1,銀Ｍ,兵庫県,ネッツトヨタ兵庫（株） 広畑Ｕ－Ｃａｒセンター
3668,197,29000,5,0,1,0,1,薄茶II,奈良県,ネッツトヨタ奈良 Ｕ－Ｃａｒ郡山店
3669,110.6,84000,11,0,1,1,1,白真珠,栃木県,ネッツトヨタ栃木 Ｕ－ＬＩＶＥチーム
3670,250.9,25000,3,0,1,0,1,深灰,神奈川県,トヨタモビリティ神奈川 中古車タウン横須賀久里浜
3671,272.9,25000,4,0,1,1,1,真珠Ｍ,東京都,トヨタＳ＆Ｄ西東京 Ｕ－Ｃａｒ羽村店
3672,283.9,22000,3,0,1,1,1,深灰,東京都,東日本三菱自動車販売 ＵＣＡＲ田無
3673,303.3,24000,3,0,1,1,1,薄茶,神奈川県,トヨタモビリティ神奈川（旧ネッツトヨタ湘南） 中古車タウン湘南
3674,250.3,5000,3,0,1,0,1,薄茶,千葉県,トヨタカローラ千葉 木更津マイカーセンター
3675,172.7,58000,7,0,1,0,1,真珠Ｍ,山口県,山口トヨペット 綾羅木マイカーセンター
3676,274.3,13000,2,0,1,1,1,白真珠,宮城県,宮城トヨタグループ ＭＴＧ苦竹／宮城トヨタ自動車
3677,208.1,28000,7,0,1,1,1,薄茶II,千葉県,トヨタカローラ千葉 新港マイカーセンター
3678,293.3,14000,3,0,1,1,1,白真珠,神奈川県,トヨタモビリティ神奈川（旧神奈川トヨタ） 中古車タウン厚木
3679,122.1,43000,10,0,1,0,1,青Ｍ,福岡県,福岡トヨタ自動車 福岡トヨタ総合展示場
3680,285.9,14000,3,0,1,1,1,緑,神奈川県,トヨタモビリティ神奈川（旧神奈川トヨタ） 中古車タウン大和
3681,195.6,22000,5,0,1,0,1,黒Ｍ,神奈川県,トヨタモビリティ神奈川（旧トヨタカローラ横浜） 中古車タウン戸塚
3682,268,11000,3,0,1,0,1,真珠,福島県,ＢＣＮ いわき
3683,306.4,11000,3,0,1,1,1,青灰,愛媛県,愛媛トヨペット（株） 松山中央店
3684,277.7,30000,3,0,1,1,1,薄灰青,東京都,トヨタＳ＆Ｄ西東京 Ｕ－Ｃａｒ八王子店
3685,275.3,39000,3,0,1,1,1,薄緑,神奈川県,トヨタモビリティ神奈川（旧ネッツトヨタ横浜） 中古車タウン瀬谷
3686,142,52000,9,0,1,0,1,真珠Ｍ,奈良県,奈良トヨペット Ｕ－Ｃａｒ葛城店
3687,198.2,62000,5,0,1,1,1,真珠白,神奈川県,トヨタモビリティ神奈川（旧神奈川トヨタ） 中古車タウン大和
3688,259.6,52000,4,0,1,1,1,緑,鳥取県,ネッツトヨタ鳥取 鳥取安長店
3689,304.3,8000,2,0,1,1,1,赤灰II,岐阜県,岐阜トヨペット（株） 可児店
3690,288.1,27000,3,0,1,1,1,青灰II,栃木県,ネッツトヨタ栃木 宇都宮ゆいの杜店
3691,293.3,13000,3,0,1,1,1,白真珠,神奈川県,トヨタモビリティ神奈川（旧ネッツトヨタ湘南） 中古車タウン湘南
3692,197,34000,5,0,1,0,1,黒Ｍ,奈良県,ネッツトヨタ奈良 Ｕ－Ｃａｒ郡山店
3693,297.2,13000,2,0,1,1,1,灰,京都府,トヨタカローラ京都（株） 伏見マイカーセンター
3694,169.1,39000,8,0,1,0,1,黄,千葉県,トヨタカローラ千葉 都町マイカーセンター
3695,200.8,39000,5,0,1,0,1,真珠白,神奈川県,トヨタモビリティ神奈川（旧神奈川トヨタ） 中古車タウン大和
3696,132.7,27000,10,0,1,0,1,赤Ｍ,神奈川県,有限会社北欧モーターカーズ
3697,281.5,21000,4,0,1,1,1,黒,神奈川県,トヨタモビリティ神奈川（旧ネッツトヨタ湘南） 中古車タウン湘南
3698,290.3,4000,3,0,1,1,1,赤Ｍ,神奈川県,トヨタモビリティ神奈川（旧神奈川トヨタ） 中古車タウン中原
3699,301.9,11000,2,0,1,1,1,黒,北海道,トヨタモビリティ釧路 ウイング桂木店
3700,285.6,10000,3,0,1,1,1,薄灰青,東京都,トヨタＳ＆Ｄ西東京 Ｕ－Ｃａｒ武蔵村山店
3701,313.3,8000,3,0,1,1,1,真珠Ｍ,神奈川県,トヨタモビリティ神奈川（旧ネッツトヨタ湘南） 中古車タウン湘南
3702,146.6,40000,9,0,1,1,1,赤ＭＭ,奈良県,奈良トヨペット Ｕ－Ｃａｒ葛城店
3703,170,24000,7,1,1,0,1,銀Ｍ,奈良県,光山自動車株式会社
3704,284.2,27000,3,0,1,1,1,緑,奈良県,奈良トヨペット Ｕ－Ｃａｒ橿原店
3705,292.7,23000,2,0,1,1,1,青,京都府,トヨタカローラ京都（株） 伏見マイカーセンター
3706,133.8,58000,9,0,1,0,1,黒Ｍ,東京都,トヨタＳ＆Ｄ西東京 Ｕ－Ｃａｒ横田ベースサイド
3707,260.3,16000,4,0,1,0,1,薄茶,千葉県,トヨタカローラ千葉 習志野マイカーセンター
3708,181.4,55000,7,0,1,0,1,真珠Ｍ,山形県,山形トヨタ自動車 新庄店
3709,147.2,25000,10,0,1,1,1,銀Ｍ,兵庫県,トヨタカローラ神戸（株） 川西店
3710,195.7,22000,5,0,1,0,1,黒,京都府,トヨタカローラ京都（株） 伏見マイカーセンター
3711,311.1,36000,2,0,1,1,1,青,千葉県,トヨタカローラ千葉 習志野マイカーセンター
3712,248.3,46000,4,0,1,1,1,真珠Ｍ,千葉県,トヨタカローラ千葉 成田マイカーセンター
3713,285.3,23000,3,0,1,1,1,薄茶,神奈川県,トヨタモビリティ神奈川（旧神奈川トヨタ） 中古車タウン相模原北
3714,306.6,10000,2,0,1,1,1,黒,神奈川県,トヨタモビリティ神奈川 中古車タウン港北インター
3715,304.1,29000,3,0,1,1,1,II,千葉県,トヨタカローラ千葉 木更津マイカーセンター
3716,268.9,41000,4,0,1,1,1,真珠Ｍ,京都府,トヨタカローラ京都（株） 八幡マイカーセンター
3717,282.9,18000,4,0,1,1,1,薄茶,東京都,トヨタＳ＆Ｄ西東京 Ｕ－Ｃａｒ町田店
3718,282.7,27000,3,0,1,1,1,薄灰青,東京都,トヨタＳ＆Ｄ西東京 Ｕ－Ｃａｒ立川富士見町店
3719,182.8,30000,6,0,1,0,1,真珠白,宮城県,オリックスＵ－ｃａｒ仙台名取店
3720,288,29000,4,0,1,1,1,白真珠,福島県,ＢＣＮ 本宮
3721,311.2,41000,2,0,1,1,1,真珠Ｍ,千葉県,トヨタカローラ千葉 茂原マイカーセンター
3722,292.8,11000,3,0,1,1,1,薄灰青,東京都,トヨタＳ＆Ｄ西東京 Ｕ－Ｃａｒ青梅店
3723,214.8,13000,4,0,1,0,1,真珠Ｍ,奈良県,ネッツトヨタ奈良 Ｕ－Ｃａｒ郡山店
3724,286,31000,3,0,1,1,1,薄灰青,栃木県,トヨタカローラ栃木 宇都宮上横田店
3725,210.8,50000,5,0,1,1,1,赤Ｍ,神奈川県,トヨタモビリティ神奈川（旧神奈川トヨタ） 中古車タウン厚木
3726,273.3,48000,3,0,1,1,1,薄緑,神奈川県,トヨタモビリティ神奈川（旧神奈川トヨタ） 中古車タウン厚木
3727,202.8,31000,7,0,1,1,1,黒Ｍ,神奈川県,トヨタモビリティ神奈川（旧トヨタカローラ横浜） 中古車タウン戸塚
3728,141.5,35000,9,1,1,0,1,真珠Ｍ,北海道,ＡＧＨトヨタ札幌（株） アンビシャス石川
3729,296.1,39000,2,0,1,1,1,黒,神奈川県,トヨタモビリティ神奈川（旧ネッツトヨタ横浜） 中古車タウン瀬谷
3730,286.9,9000,2,0,1,1,1,灰,千葉県,トヨタカローラ千葉 都町マイカーセンター
3731,269.8,66000,3,0,1,1,1,真珠Ｍ,山口県,トヨタカローラ山口 山口マイカーセンター
3732,298.1,17000,2,0,1,1,1,緑,神奈川県,トヨタモビリティ神奈川（旧神奈川トヨタ） 中古車タウン中原
3733,295.7,50000,2,0,1,1,1,灰濃,宮城県,宮城トヨタグループ ＭＴＧ苦竹／宮城トヨタ自動車
3734,284.3,15000,3,0,1,1,1,緑,神奈川県,トヨタモビリティ神奈川（旧神奈川トヨタ） 中古車タウン相模原北
3735,291.1,27000,3,0,1,1,1,白真珠,神奈川県,トヨタモビリティ神奈川（旧神奈川トヨタ） 中古車タウン中原
3736,248.4,26000,4,0,1,0,1,深灰,三重県,トヨタカローラ三重（株） トヨタカローラ三重　四日市桜店
3737,189.2,35000,5,0,1,0,1,赤Ｍ,神奈川県,トヨタモビリティ神奈川（旧神奈川トヨタ） 中古車タウン厚木
3738,172.9,39000,8,0,1,0,1,赤Ｍ,福岡県,福岡トヨタ自動車 福岡トヨタ特選展示場　博多
3739,257.5,12000,3,0,1,0,1,青,京都府,トヨタカローラ京都（株） 木津川台店
3740,285.2,572,1,0,1,0,1,緑II,千葉県,トヨタカローラ千葉 都町マイカーセンター
3741,270.1,24000,4,0,1,1,1,白真珠,宮城県,宮城トヨタグループ ＭＴＧ岩沼／宮城トヨタ自動車
3742,206.2,28000,5,0,1,1,1,薄茶,神奈川県,ヤナセ　ブランドスクエア横浜
3743,292.8,11000,3,0,1,1,1,緑,神奈川県,トヨタモビリティ神奈川（旧トヨタカローラ横浜） 中古車タウン戸塚
3744,303.5,11000,2,0,1,1,1,緑,神奈川県,トヨタモビリティ神奈川（旧神奈川トヨタ） 中古車タウン二俣川
3745,257.6,23000,4,0,1,0,1,真珠Ｍ,千葉県,トヨタカローラ千葉 新港マイカーセンター
3746,305.1,27000,3,0,1,1,1,緑,千葉県,トヨタカローラ千葉 習志野マイカーセンター
3747,182.2,60000,5,0,1,0,1,青灰,鳥取県,鳥取トヨタ自動車 米子東店
3748,293,12000,3,0,1,1,1,灰,神奈川県,トヨタモビリティ神奈川 中古車タウン港北インター
3749,295.9,33000,2,0,1,1,1,深銀Ｍ,山形県,山形三菱自動車販売 鶴岡店
3750,270.1,34000,4,0,1,1,1,緑,宮城県,宮城トヨタグループ ＭＴＧ日の出町／宮城トヨタ自動車
3751,266.9,65000,3,0,1,1,1,真珠白,宮城県,宮城トヨタグループ ＭＴＧ日の出町／宮城トヨタ自動車
3752,288.1,10000,3,0,1,1,1,緑,神奈川県,トヨタモビリティ神奈川 中古車タウン川崎京町
3753,208.1,24000,5,0,1,0,1,銀,千葉県,トヨタカローラ千葉 習志野マイカーセンター
3754,193.5,65000,5,0,1,1,1,黒Ｍ,福岡県,福岡トヨタ自動車 福岡トヨタ特選展示場　福津
3755,214.2,35000,5,0,1,0,1,茶Ｍ,愛媛県,愛媛トヨペット（株） リピット新居浜
3756,198.1,60000,7,0,1,1,1,黒,千葉県,トヨタカローラ千葉 塩浜展示場
3757,303.1,10000,2,0,1,1,1,真珠Ｍ,神奈川県,トヨタモビリティ神奈川（旧トヨタカローラ横浜） 中古車タウン戸塚
3758,296.1,33000,2,0,1,1,1,薄緑,栃木県,ネッツトヨタ栃木 トヨタ認定中古車小山店
3759,307.4,12000,1,0,1,1,1,黒,京都府,トヨタカローラ京都（株） 八幡マイカーセンター
3760,303.1,17000,2,0,1,1,1,真珠白,神奈川県,トヨタモビリティ神奈川 中古車タウン港北インター
3761,179.1,29000,8,0,1,0,1,黄,千葉県,トヨタカローラ千葉 船橋北口マイカーセンター
3762,193.2,53000,7,0,1,1,1,青Ｍ,栃木県,ネッツトヨタ栃木 宇都宮台新田店
3763,312.9,14000,2,0,1,1,1,青II,千葉県,トヨタカローラ千葉 木更津マイカーセンター
3764,206.3,48000,6,0,1,1,1,黒Ｍ,福岡県,福岡トヨタ自動車 福岡トヨタ総合展示場
3765,303.1,10000,2,0,1,1,1,黒,神奈川県,トヨタモビリティ神奈川（旧神奈川トヨタ） 中古車タウン中原
3766,249.1,81000,3,0,1,1,1,赤,千葉県,トヨタカローラ千葉 木更津マイカーセンター
3767,255.8,49000,3,0,1,1,1,薄灰青,宮城県,宮城トヨタグループ カローラ泉バイパス／宮城トヨタ自動車
3768,224.1,18000,5,0,1,0,1,薄茶,千葉県,トヨタカローラ千葉 木更津マイカーセンター
3769,264.3,22000,4,0,1,0,1,真珠Ｍ,千葉県,トヨタカローラ千葉 塩浜展示場
3770,171.1,49000,7,0,1,0,1,黒Ｍ,三重県,トヨタカローラ三重（株） トヨタカローラ三重　Ｕ－Ｃａｒ四日市本社店
3771,301.1,22000,2,0,1,1,1,黒,神奈川県,トヨタモビリティ神奈川（旧ネッツトヨタ横浜） 中古車タウン瀬谷
3772,327.3,4000,2,0,1,1,1,真珠Ｍ,千葉県,トヨタカローラ千葉 八幡マイカーセンター
3773,293.5,17000,3,0,1,1,1,黒,福岡県,ホンダカーズ北九州グループ 本店／株式会社ホンダ中古車販売徳力
3774,312.1,21000,3,0,1,1,1,緑,千葉県,トヨタカローラ千葉 八幡マイカーセンター
3775,208.1,51000,5,0,1,1,1,深銀Ｍ,千葉県,トヨタカローラ千葉 塩浜展示場
3776,296.5,52000,3,0,1,1,1,緑,愛媛県,愛媛トヨペット（株） 今治店
3777,255.1,82000,4,0,1,1,1,真珠白,宮城県,宮城トヨタグループ ＭＴＧ利府／宮城トヨタ自動車
3778,227.2,50000,4,0,1,1,1,真珠Ｍ,京都府,トヨタカローラ京都（株） 伏見マイカーセンター
3779,129.6,66000,11,0,1,0,1,真珠Ｍ,山口県,山口トヨタ自動車 山口店
3780,185.8,60000,6,0,1,0,1,緑ＭII,愛媛県,愛媛トヨペット（株） リピット新居浜
3781,167,69000,8,0,1,0,1,黒Ｍ,福島県,福島トヨペット（株） オンリーユー
3782,280.9,14000,3,0,1,0,1,黒,千葉県,トヨタカローラ千葉 成東マイカーセンター
3783,221.1,17000,5,0,1,0,1,黒,千葉県,トヨタカローラ千葉 習志野マイカーセンター
3784,174.4,76000,7,0,1,1,1,黄,千葉県,株式会社フィールド
3785,312.1,17000,3,0,1,1,1,真珠Ｍ,千葉県,トヨタカローラ千葉 習志野マイカーセンター
3786,295.9,41000,3,0,1,1,1,緑,千葉県,トヨタカローラ千葉 習志野マイカーセンター
3787,293.9,12000,4,0,1,1,1,薄灰青,東京都,トヨタＳ＆Ｄ西東京 Ｕ－Ｃａｒ町田店
3788,193.9,40000,6,0,1,0,1,黒Ｍ,宮城県,宮城トヨタグループ カローラ白石／宮城トヨタ自動車
3789,292.8,15000,3,0,1,1,1,薄灰青,東京都,トヨタＳ＆Ｄ西東京 Ｕ－Ｃａｒ青梅店
3790,298.1,22000,3,0,1,1,1,緑,千葉県,トヨタカローラ千葉 都町マイカーセンター
3791,199.8,16000,6,0,1,0,1,緑黒II,茨城県,オートガレージオオタ　谷原
3792,275.9,51000,3,0,1,1,1,白真珠,栃木県,ネッツトヨタ栃木 トヨタ認定中古車小山店
3793,156.6,23000,9,0,1,0,1,茶,京都府,トヨタカローラ京都（株） 伏見マイカーセンター
3794,214.2,22000,5,0,1,0,1,黒Ｍ,神奈川県,トヨタモビリティ神奈川（旧神奈川トヨタ） 中古車タウン二俣川
3795,180.8,53000,6,0,1,0,1,緑,宮城県,オリックスＵ－ｃａｒ仙台名取店
3796,248.2,15000,3,1,1,1,1,黒,大阪府,大阪トヨタＮｏｒｔｈ（株） サンテラス茨木
3797,196.2,49000,5,0,1,0,1,白真珠,神奈川県,トヨタモビリティ神奈川（旧神奈川トヨタ） 中古車タウン大和
3798,119.9,97000,8,0,1,0,1,黒,静岡県,さいとう自動車　べるとっぷ店
3799,303.1,30000,3,0,1,1,1,緑,千葉県,トヨタカローラ千葉 船橋北口マイカーセンター
3800,162.1,43000,9,0,1,0,1,白真珠,神奈川県,オートバックス 藤沢柄沢店／（株）アイエー
3801,305.7,16000,4,0,1,1,1,真珠Ｍ,千葉県,トヨタカローラ千葉 習志野マイカーセンター
3802,199.6,34000,8,0,1,1,1,緑Ｍ,香川県,香川トヨタ自動車 Ｕ－Ｃａｒルート３２中央店
3803,185.3,42000,8,0,1,0,1,真珠Ｍ,千葉県,トヨタカローラ千葉 成東マイカーセンター
3804,305.1,27000,3,0,1,1,1,真珠Ｍ,千葉県,トヨタカローラ千葉 木更津マイカーセンター
3805,314.1,4000,1,0,1,0,1,灰,千葉県,トヨタカローラ千葉 習志野マイカーセンター
3806,272.1,54000,4,0,1,1,1,薄緑,福岡県,福岡トヨタ自動車 福岡トヨタ総合展示場
3807,319.1,14000,3,0,1,1,1,緑,千葉県,トヨタカローラ千葉 習志野マイカーセンター
3808,209.1,23000,6,0,1,0,1,真珠Ｍ,千葉県,トヨタカローラ千葉 八幡マイカーセンター
3809,292.6,21000,4,0,1,1,1,白真珠,宮城県,宮城トヨタグループ ＭＴＧ苦竹／宮城トヨタ自動車
3810,192.6,49000,7,0,1,0,1,真珠Ｍ,大阪府,大阪トヨペット（株） 大東店
3811,237.3,32000,6,0,1,1,1,銀,千葉県,トヨタカローラ千葉 新港マイカーセンター
3812,300.1,38000,3,0,1,1,1,緑,千葉県,トヨタカローラ千葉 成田マイカーセンター
3813,333.8,7000,1,0,1,1,1,真珠Ｍ,神奈川県,トヨタモビリティ神奈川（旧神奈川トヨタ） 中古車タウン相模原北
3814,328.3,35000,3,0,1,1,1,黒,千葉県,トヨタカローラ千葉 塩浜展示場
3815,300.1,32000,3,0,1,1,1,黒,千葉県,トヨタカローラ千葉 茂原マイカーセンター
3816,193.1,53000,4,0,1,0,1,青灰,神奈川県,トヨタモビリティ神奈川（旧ネッツトヨタ湘南） 中古車タウン鵜野森
3817,288.7,50000,4,0,1,1,1,真珠Ｍ,千葉県,トヨタカローラ千葉 木更津マイカーセンター
3818,303.5,37000,3,0,1,1,1,薄緑,福島県,トヨタカローラ福島 西中央店
3819,229.1,17000,5,0,1,0,1,真珠Ｍ,千葉県,トヨタカローラ千葉 習志野マイカーセンター
3820,187.9,71000,7,0,1,1,1,真珠白,宮城県,宮城トヨタグループ ＭＴＧ古川北／宮城トヨタ自動車
3821,316.1,19000,3,0,1,1,1,灰,千葉県,トヨタカローラ千葉 八幡マイカーセンター
3822,306.1,19000,2,0,1,1,1,真珠Ｍ,千葉県,トヨタカローラ千葉 都町マイカーセンター
3823,275.8,67000,3,0,1,1,1,緑,千葉県,トヨタカローラ千葉 習志野マイカーセンター
3824,309.9,25000,2,0,1,1,1,青,千葉県,トヨタカローラ千葉 成東マイカーセンター
3825,162.1,38000,9,0,1,0,1,真珠Ｍ,千葉県,トヨタカローラ千葉 習志野マイカーセンター
3826,188.6,22000,8,0,1,0,1,銀,千葉県,トヨタカローラ千葉 木更津マイカーセンター
3827,258.3,36000,4,0,1,0,1,白真珠,三重県,トヨタカローラ三重（株） トヨタカローラ三重　Ｕ－Ｃａｒ四日市本社店
3828,69.9,202000,11,0,1,1,1,黒Ｍ,神奈川県,株式会社Ｒ１ＺＥ
3829,262.9,33000,3,0,1,0,1,緑,千葉県,トヨタカローラ千葉 習志野マイカーセンター
3830,211,39000,5,0,1,0,1,茶,広島県,アンフィニ広島 蔵王店
3831,180.1,21000,8,0,1,0,1,真珠Ｍ,千葉県,トヨタカローラ千葉 木更津マイカーセンター
3832,310.1,35000,3,0,1,1,1,真珠Ｍ,千葉県,トヨタカローラ千葉 成田マイカーセンター
3833,306.1,36000,3,0,1,1,1,薄茶,千葉県,トヨタカローラ千葉 成東マイカーセンター
3834,213.2,45000,7,0,1,1,1,黒Ｍ,神奈川県,トヨタモビリティ神奈川（旧神奈川トヨタ） 中古車タウン二俣川
3835,184.8,48000,8,0,1,0,1,真珠Ｍ,山形県,山形トヨタ自動車 新庄店
3836,316.1,12000,3,0,1,1,1,真珠Ｍ,千葉県,トヨタカローラ千葉 木更津マイカーセンター
3837,336.4,12000,2,0,1,1,1,黒,長野県,長野トヨタ チューカーボックス伊那店
3838,348.2,32000,3,0,1,1,1,緑,千葉県,トヨタカローラ千葉 木更津マイカーセンター
3839,318.2,26000,3,0,1,1,1,真珠Ｍ,長野県,長野トヨタ チューカーボックス佐久店
3840,305.7,57000,3,0,1,1,1,緑,山形県,山形トヨタ自動車 鶴岡店
3841,134,133000,8,0,1,0,1,黒Ｍ,山形県,山形トヨタ自動車 鶴岡店
3842,154,71000,10,0,1,1,1,青Ｍ,宮城県,宮城トヨタグループ ＭＴＧ苦竹／宮城トヨタ自動車
3843,168,17000,9,0,1,0,1,銀Ｍ,神奈川県,有限会社北欧モーターカーズ
3844,316.1,17000,3,0,1,1,1,緑,千葉県,トヨタカローラ千葉 習志野マイカーセンター
3845,271.6,71000,4,0,1,1,1,緑,千葉県,トヨタカローラ千葉 塩浜展示場
3846,166.5,37000,10,0,1,1,1,真珠Ｍ,大阪府,大阪トヨペット（株） 花博店
3847,184.8,53000,8,0,1,0,1,真珠Ｍ,山形県,山形トヨタ自動車 新庄店
3848,272.6,45000,4,0,1,0,1,緑,長野県,長野トヨタ チューカーボックス伊那店
3849,177.8,67000,8,0,1,0,1,黒,山形県,山形トヨタ自動車 米沢店
3850,184.8,60000,8,0,1,0,1,真珠Ｍ,山形県,山形トヨタ自動車 新庄店
3851,250.1,28000,5,0,1,1,1,真珠Ｍ,千葉県,トヨタカローラ千葉 習志野マイカーセンター
3852,177.8,94000,8,0,1,1,1,紫,山形県,山形トヨタ自動車 天童店
3853,167.8,86000,8,0,1,0,1,黒,山形県,山形トヨタ自動車 天童店
3854,204.1,65000,5,0,1,0,1,黒,千葉県,トヨタカローラ千葉 成東マイカーセンター
3855,110,135000,11,0,1,1,1,真珠Ｍ,千葉県,トヨタカローラ千葉 茂原マイカーセンター
3856,336.4,13000,3,0,1,1,1,真珠Ｍ,千葉県,トヨタカローラ千葉 八幡マイカーセンター
3857,200.8,71000,6,0,1,0,1,薄茶,山形県,山形トヨタ自動車 新庄店
3858,103.9,127000,11,0,1,0,1,真珠Ｍ,千葉県,トヨタカローラ千葉 習志野マイカーセンター
3859,239.5,14000,2,1,1,1,1,真珠白,埼玉県,ＡＵＴＯ　ＳＥＬＥＣＴＩＯＮ １６号本店
3860,90,30000,10,0,1,0,1,黄,山形県,（有）プロクリーンオートスマイル　トータルケアショップ
3861,81.7,129000,8,0,1,1,1,青,岩手県,トヨタカローラ南岩手 花巻店
3862,110.4,41000,10,0,1,0,1,茶,神奈川県,神奈川ダイハツ販売 Ｕ－ＣＡＲ海老名
3863,248,45000,3,0,1,1,1,緑,千葉県,株式会社ＴＳＣ　買取直販千葉北インター店
3864,159.8,106000,3,0,1,1,1,白真珠,群馬県,カーミニーク 高崎店
3865,116.7,74000,8,0,1,0,1,真珠,栃木県,ＧＡＵＳＳ　ＣＡＲ　ＤＯＣＫ ガウスカードック
3866,90.3,83000,11,0,1,1,1,銀Ｍ,大阪府,イースト自動車
3867,194.9,2000,2,0,1,0,1,緑,千葉県,ネッツトヨタ千葉 ユーコム柏若柴店
3868,210,14000,4,0,1,1,1,薄灰青,静岡県,ＰＲＯＳＰＥＥＤ（プロスピード）
3869,100,56000,5,0,1,1,1,白真珠,静岡県,ＰＲＯＳＰＥＥＤ（プロスピード）
3870,110,42000,6,0,1,0,1,茶,静岡県,ＰＲＯＳＰＥＥＤ（プロスピード）
3871,112,33000,8,0,1,0,1,黄,福岡県,トータルカーサービス
3872,79,31000,11,0,1,0,1,黄,静岡県,ＰＲＯＳＰＥＥＤ（プロスピード）
3873,115.1,67000,8,1,1,1,1,白真珠,埼玉県,ＡＵＴＯ　ＳＥＬＥＣＴＩＯＮ １６号本店
3874,99.8,67000,11,0,1,1,1,赤,兵庫県,ユーポス １７１尼崎店
3875,212.6,9000,2,1,1,1,1,白真珠,埼玉県,ウィルドライブ
3876,150.3,36000,8,0,1,0,1,茶真珠,滋賀県,ロータスコニシ
3877,110,51000,7,0,1,1,1,白真珠,静岡県,ＰＲＯＳＰＥＥＤ（プロスピード）
3878,74.2,29000,12,0,1,0,1,銀Ｍ,埼玉県,飯能ホンダ販売 飯能店
3879,296.8,11000,1,0,1,1,1,黒,兵庫県,おくるまネットワーク
3880,133,16000,9,0,1,0,1,黄,山形県,（株）蔵王自動車販売
3881,129.8,57000,8,0,1,0,1,銀Ｍ,茨城県,（株）ナオイオート 龍ヶ岡店
3882,107.7,88000,9,0,1,1,1,黒,鹿児島県,有限会社車流通センター
3883,135.4,12000,7,1,1,1,1,茶真珠,埼玉県,ＡＵＴＯ　ＳＥＬＥＣＴＩＯＮ １６号本店
3884,145.1,28000,7,1,1,1,1,赤Ｍ,埼玉県,ＡＵＴＯ　ＳＥＬＥＣＴＩＯＮ １６号本店
3885,105.5,68000,10,1,1,1,1,黒Ｍ,埼玉県,ＡＵＴＯ　ＳＥＬＥＣＴＩＯＮ １６号本店
3886,92.9,73000,10,0,1,0,1,銀,愛知県,（株）オートタウン犬山 小牧南店
3887,138.2,37000,10,0,1,1,1,銀,埼玉県,エフガレージ 川越店
3888,161.3,28000,5,1,1,1,1,紺Ｍ,埼玉県,ＡＵＴＯ　ＳＥＬＥＣＴＩＯＮ １６号本店
3889,149,56000,8,0,1,1,1,銀,新潟県,Ｂｏｓｃｈ　Ｃａｒ　Ｓｅｒｖｉｃｅ　（株）波多野自動車販売整備
3890,154.2,58000,6,0,1,0,1,真珠,神奈川県,カーショップＥＣＯ
3891,122.6,72000,7,1,1,1,1,赤Ｍ,大阪府,エーライン株式会社
3892,285,20000,2,0,1,1,1,赤,愛媛県,（株）カーパルコ・タマイ
3893,132,50000,7,1,1,0,1,薄茶,埼玉県,ＡＵＴＯ　ＳＥＬＥＣＴＩＯＮ １６号本店
3894,80.8,123000,8,1,1,0,1,銀,新潟県,オーシャンデザイン　長岡店
3895,118.7,45000,10,0,1,0,1,白真珠,新潟県,くるま広場　長岡マイカープラザ（株）
3896,89.9,56000,10,1,1,0,1,黒Ｍ,埼玉県,ＡＵＴＯ　ＳＥＬＥＣＴＩＯＮ １６号本店
3897,126.3,52000,7,1,1,0,1,白真珠,埼玉県,ＡＵＴＯ　ＳＥＬＥＣＴＩＯＮ １６号本店
3898,118,52000,8,0,0,0,1,黒Ｍ,新潟県,いばら　ユナイテッドカーズ
3899,104.9,43000,11,0,1,0,1,黄,東京都,ニコニコステーション堀之内
3900,119.5,69000,11,0,1,1,1,青,高知県,カーモードコム　ネクスト店
3901,259.8,35000,3,0,1,1,1,白,福岡県,株式会社Ｍ－ｃｏｍｐａｎｙ
3902,145.9,40000,8,0,1,1,1,銀Ｍ,山口県,ネッツトヨタ山口 徳山マイカーセンター
3903,118.1,47000,9,0,1,0,1,青Ｍ,広島県,トヨタカローラ広島 シャント東広島
3904,144.9,41000,9,0,1,1,1,赤Ｍ,岐阜県,岐阜トヨペット（株） 美濃加茂店
3905,143,12000,10,0,1,1,1,黄,山口県,ネッツトヨタ山口 徳山マイカーセンター
3906,119.8,73000,9,0,1,0,1,黒Ｍ,福岡県,轟の森　オートフォレスト小倉本店
3907,93.9,60000,9,1,1,0,1,茶,愛知県,（株）オートタウン犬山 小牧南店
3908,99.8,32000,11,0,1,0,1,赤黒白,兵庫県,ひまわりガーデンコロワ甲子園店／株式会社オートスタイルトレーディング
3909,111.4,58000,10,1,1,1,1,黒Ｍ,埼玉県,ＡＵＴＯ　ＳＥＬＥＣＴＩＯＮ １６号本店
3910,114.6,55000,9,0,1,0,1,青Ｍ,神奈川県,スーパーステーション仲町台
3911,269,34000,3,0,1,1,1,黒,愛知県,アップルワールド豊田店
3912,117.4,41000,9,0,1,0,1,青,神奈川県,神奈川ダイハツ販売 Ｕ－ＣＡＲ戸塚泉
3913,146.7,39000,5,0,1,0,1,緑Ｍ,埼玉県,トヨタカローラ新埼玉 東所沢マイカーセンター
3914,89.8,74000,11,1,0,0,1,黒Ｍ,青森県,ＫＰＬＵＳ
3915,235,7000,3,1,1,1,1,薄茶,静岡県,ＫＯＷＡ　静岡県東部自動車販売協会加盟店
3916,179.6,34000,8,0,1,0,1,黒Ｍ,北海道,（有）カーショップケーワン
3917,168.6,62000,6,0,1,1,1,真珠Ｍ,兵庫県,トヨタカローラ姫路（株） Ｕ－Ｃａｒプラザ姫路
3918,97.9,81000,10,0,1,0,1,青Ｍ,山口県,山口トヨペット Ｕ－Ｃａｒ－ＰＡＲＫ「ａｔｔａ！」ときわ
3919,77.8,67000,11,1,0,0,1,赤Ｍ,千葉県,株式会社ｒｉｓｅ　ｕｐ／ライズアップ
3920,155.9,38000,8,0,1,1,1,真珠Ｍ,埼玉県,トヨタカローラ新埼玉 東所沢マイカーセンター
3921,124.9,63000,10,0,1,1,1,銀Ｍ,埼玉県,オートキヨスク所沢
3922,99.5,96000,11,0,1,1,1,黒Ｍ,千葉県,株式会社シルバード
3923,127.4,45000,8,0,0,0,1,黒Ｍ,新潟県,東洋車輌
3924,173.3,46000,5,0,1,0,1,茶Ｍ,茨城県,ネッツトヨタ水戸株式会社 日立北店
3925,252.3,8,1,0,1,1,1,真珠,奈良県,ホンダネットキンキグループ シマダオート中和幹線橿原店／（株）ホンダネットキンキ
3926,184.9,55000,8,0,1,1,1,紫,秋田県,（有）華栄自動車 ＣＯＷ－ＣＯＷ　大曲店
3927,52.7,88000,11,0,1,0,1,黒Ｍ,大阪府,アルプス 鶴見店
3928,126,70000,8,0,1,0,1,黒,愛知県,スズキ自販中部 Ｕ’ｓ　ＳＴＡＴＩＯＮ　大府
3929,149.8,66000,8,0,1,1,1,薄茶,熊本県,（有）北熊本自動車販売
3930,110,58000,10,1,1,1,1,茶真珠,大阪府,くるま館　ぶぅぶぅ大阪
3931,258.1,59000,3,0,1,1,1,黒,岐阜県,岐阜トヨタ自動車（株） Ｕ－Ｃａｒ大垣店
3932,121.6,84000,9,0,1,1,1,銀Ｍ,埼玉県,トヨタカローラ新埼玉 日進マイカーセンター
3933,142.8,86000,7,0,1,0,1,青,岩手県,トヨタカローラ南岩手 北上店
3934,179.6,31000,5,0,1,0,1,紺ＭＭ,埼玉県,トヨタカローラ新埼玉 本庄マイカーセンター
3935,289.5,18000,2,0,1,1,1,薄茶,福岡県,（株）くるま村
3936,168.7,18000,6,0,1,0,1,黄,埼玉県,トヨタカローラ新埼玉 東所沢マイカーセンター
3937,82.5,39000,12,0,1,0,1,銀Ｍ,神奈川県,ＣＡＲ　ＨＩＳＴＯＲＹ　（カーヒストリー）
3938,122.7,95000,8,0,1,1,1,白真珠,千葉県,Ｔｒｕｓｔ　Ａｃｅ
3939,265,16000,2,1,1,1,1,緑灰II,兵庫県,株式会社ＷＥＳＴ　神戸垂水店
3940,229.5,26000,4,0,1,0,0,薄緑,広島県,ピットイン鯉城商事 カージャンボ広島　五日市店
3941,92,85000,10,0,0,0,1,銀,大阪府,ＬＩＦＥ
3942,64.8,96000,10,1,1,0,1,青Ｍ,大阪府,Ｖｉｔａ　Ａｕｔｏ　大阪狭山店　（ビータオート）
3943,269.7,21000,4,0,1,1,1,薄灰青,福岡県,（株）くるま村
3944,273,12000,2,0,1,1,1,薄緑,福島県,トヨタカローラ福島 福島店
3945,109.6,47000,11,0,1,0,1,赤Ｍ,神奈川県,スーパーステーション仲町台
3946,274,43000,4,0,1,1,1,薄緑,愛知県,Ｅｕｒｏ　Ｆｒａｎｃｅ・Ｕｓｅｄ　Ｃａｒ　ユーロフランスユーズドカー
3947,119.8,30000,10,0,1,0,1,黒真珠,新潟県,難波モータース
3948,252.2,13,1,0,1,1,1,真珠,奈良県,ホンダネットキンキグループ シマダオート奈良店／（株）ホンダネットキンキ
3949,273,20000,4,0,1,1,1,真珠,大阪府,ツジオート　ＪＵ適正販売店 本店
3950,95,91000,11,0,1,0,1,青Ｍ,北海道,カーミニーク札幌伏古３条店
3951,158,59000,8,0,1,0,1,茶Ｍ,岡山県,オアシスジャパン　福祉車両全国販売（直販部・業販部）
3952,276.9,25000,2,0,1,1,1,黒,兵庫県,兵庫トヨタ自動車（株） マイカーランド西宮
3953,100,47000,9,1,1,0,1,黒Ｍ,大阪府,くるま館　ぶぅぶぅ大阪
3954,135.9,35000,11,0,1,1,1,緑Ｍ,神奈川県,オートキヨスク寒川
3955,194.1,33000,4,0,1,0,1,真珠Ｍ,広島県,トヨタカローラ広島 シャント広
3956,164.8,29000,5,0,1,0,1,紺ＭＭ,埼玉県,トヨタカローラ新埼玉 嵐山マイカーセンター
3957,289.7,11000,3,0,0,1,1,真珠,大阪府,ＴＡＸ南堺店
3958,245.2,14000,4,0,1,0,1,黒,埼玉県,トヨタカローラ新埼玉 東所沢マイカーセンター
3959,181.3,49000,7,0,1,1,1,青Ｍ,埼玉県,トヨタカローラ新埼玉 本庄マイカーセンター
3960,198.2,22000,6,0,1,1,1,真珠白,埼玉県,エフガレージ 川越店
3961,110,64000,10,0,1,0,1,赤Ｍ,福島県,サンキョウ　三共自動車販売（株） 郡山中央店
3962,116.6,70000,11,0,1,0,1,黒Ｍ,愛媛県,（有）アスカオート
3963,135.7,34000,9,0,1,0,1,青,北海道,トヨタカローラ苫小牧 Ｕ－Ｃａｒ室蘭店
3964,172.2,33000,7,0,1,0,1,黒Ｍ,千葉県,ネッツトヨタ千葉 ユーコム貝塚店
3965,287.8,43000,4,0,1,1,1,真珠Ｍ,三重県,ネッツトヨタ三重（株） 津店
3966,142.3,44000,7,1,1,0,1,白真珠,埼玉県,ＡＵＴＯ　ＳＥＬＥＣＴＩＯＮ １６号本店
3967,160.4,8000,8,0,1,0,1,赤紫,神奈川県,神奈川ダイハツ販売 Ｕ－ＣＡＲ海老名
3968,99.9,93000,9,0,1,0,1,白,広島県,キュートハイブリッド
3969,249,18000,3,1,1,1,1,白真珠,京都府,ＣＡＲ　ＳＨＯＰ　ＭＡＳＡＫＩ
3970,184.9,15000,6,0,1,0,1,青Ｍ,埼玉県,トヨタカローラ新埼玉 日進マイカーセンター
3971,189.3,47000,6,0,1,0,1,黒Ｍ,広島県,ピットイン鯉城商事 カージャンボ広島　五日市店
3972,173.2,34000,7,0,1,0,1,真珠Ｍ,愛知県,ＮＴＰ名古屋トヨペット（株） オレンジタウン千音寺店
3973,257.7,10,1,0,1,1,1,真珠Ｍ,広島県,ピットイン鯉城商事 カージャンボ広島　五日市店
3974,193,62000,5,0,1,1,1,黒Ｍ,福岡県,（株）くるま村
3975,146.3,41000,6,1,1,0,1,白茶II,埼玉県,ＡＵＴＯ　ＳＥＬＥＣＴＩＯＮ １６号本店
3976,187.6,29000,7,0,1,1,1,黒Ｍ,大阪府,ＪＫＤ　Ｉｎｔｅｒｎａｔｉｏｎａｌ
3977,279.8,17000,3,0,1,1,1,白真珠,兵庫県,Ａ．Ｓ．ＫＯＢＥ
3978,286.5,26000,3,0,1,1,1,黒,広島県,トヨタカローラ広島 シャント広
3979,149,79000,5,0,1,0,1,白真珠,大阪府,Ｒ　ＳＥＬＥＣＴ　アールセレクト
3980,180.5,11000,5,0,1,0,1,銀Ｍ,埼玉県,飯能ホンダ販売 飯能店
3981,183,59000,6,0,1,1,1,黒Ｍ,広島県,トヨタカローラ広島 シャント東広島
3982,133.8,55000,10,0,1,0,1,白真珠,大阪府,（株）カーショップ茨木
3983,176.3,58000,6,0,1,0,1,青,鹿児島県,ホンダカーズ鹿児島 札元バイパス店
3984,278,26000,3,0,1,1,1,黒,広島県,ＡＴＯＭＩＸ
3985,82.5,52000,11,0,1,0,1,赤紫Ｍ,神奈川県,ＣＡＲ　ＨＩＳＴＯＲＹ　（カーヒストリー）
3986,292.8,32000,3,0,1,1,1,白真珠,長野県,株式会社カントリーオートパワー ジョイカル　アップルライン店
3987,275.8,9000,2,0,1,0,1,黒,新潟県,オートパーク 本社
3988,123.6,55000,10,0,1,0,1,銀Ｍ,愛知県,（株）山勝
3989,131.7,7000,10,0,1,0,1,黄,埼玉県,飯能ホンダ販売 飯能店
3990,94.5,115000,10,0,1,1,1,白真珠,千葉県,株式会社シルバード
3991,168.3,33000,8,0,1,0,1,黒Ｍ,愛知県,（株）山勝
3992,69.3,103000,11,0,1,0,1,銀Ｍ,新潟県,セカンドＣａｒ’ｓ新潟（セカンドカーズ新潟）
3993,193,42000,7,0,1,1,1,真珠,茨城県,株式会社ＴＳＣ 買取直販つくば店
3994,249.8,36000,4,0,1,1,1,灰,新潟県,オートパーク 本社
3995,286.9,42000,3,0,1,1,1,白真珠,福島県,トヨタカローラ福島 福島店
3996,264.8,27000,3,0,1,1,1,白,山口県,カーセブン山口防府店
3997,285,6000,1,1,1,1,1,真珠Ｍ,兵庫県,株式会社ＷＥＳＴ　神戸垂水店
3998,276.1,31000,4,0,1,1,1,真珠Ｍ,千葉県,ネッツトヨタ千葉 ユーコム貝塚店
3999,349.8,4,0,0,1,1,1,薄緑,三重県,アップルレンタカー 四日市新正店
4000,245,48000,2,1,1,1,1,薄緑,茨城県,Ｇａｒａｇｅ　Ｂｉｇ　Ｆｏｏｔ
4001,129.8,66000,8,1,1,1,1,濃紫,埼玉県,トヨタカローラ新埼玉 坂戸マイカーセンター
4002,197,19000,5,0,1,0,1,黄黒II,岐阜県,岐阜トヨタ自動車（株） Ｕ－Ｃａｒ北方店
4003,129.2,48000,11,0,1,1,1,銀,愛知県,（株）光コーポレーション ファミリーオートＵ－Ｃａｒ事業部
4004,158.2,51000,8,0,1,1,1,赤,千葉県,ダイキン 東金店
4005,324,10000,4,0,1,1,1,黒,秋田県,サタケンカーズ
4006,336.8,10,0,0,1,1,1,薄緑,福岡県,ＴＡＸ大牟田　オートサルーン羽山　マツダオートザム大牟田
4007,336.8,10,0,0,1,1,1,薄茶,福岡県,ＴＡＸ大牟田　オートサルーン羽山　マツダオートザム大牟田
4008,336.8,10,0,0,1,1,1,深灰,福岡県,ＴＡＸ大牟田　オートサルーン羽山　マツダオートザム大牟田
4009,159.6,45000,8,1,1,1,1,白真珠,大阪府,くるま館　ぶぅぶぅ大阪
4010,275.7,45000,4,0,1,1,1,真珠Ｍ,広島県,トヨタカローラ広島 シャント矢野
4011,178.9,29000,8,0,1,0,1,真珠白,兵庫県,おくるまネットワーク
4012,200.5,18000,5,0,1,0,1,薄茶,埼玉県,飯能ホンダ販売 飯能店
4013,292.9,40000,3,0,1,1,1,緑,広島県,トヨタカローラ広島 シャント西風新都
4014,313,19000,2,0,1,1,1,真珠Ｍ,北海道,（株）ニューフレンドリー
4015,296.8,11000,1,0,1,1,1,黒,兵庫県,おくるまネットワーク
4016,128.1,49000,11,0,1,0,1,青Ｍ,愛知県,（株）山勝
4017,78.3,49000,13,0,1,0,1,赤紫Ｍ,千葉県,ミヤマ自動車販売 本店
4018,144.8,50000,11,0,1,1,1,銀Ｍ,神奈川県,スーパーステーション　センター南
4019,69.8,59000,13,0,1,0,1,黒Ｍ,神奈川県,ニコニコステーション新百合ヶ丘
4020,282.8,35000,4,0,1,1,1,真珠,奈良県,ホンダネットキンキグループ シマダオート橿原店／（株）ホンダネットキンキ
4021,157.1,68000,8,1,1,1,1,黒,長崎県,ホンダカーズ長崎 時津日並店
4022,296.3,22000,3,0,1,1,1,真珠Ｍ,広島県,トヨタカローラ広島 シャント福山
4023,159.9,44000,8,0,0,0,0,白真珠,山口県,カージャンボ山口
4024,268.1,55000,3,0,1,1,1,青,岡山県,トヨタカローラ岡山 トヨタ認定中古車倉敷店
4025,282.3,49000,3,0,1,1,1,黒,広島県,トヨタカローラ広島 シャント広
4026,287.7,21000,3,0,1,1,1,真珠Ｍ,千葉県,ネッツトヨタ千葉 ユーコム柏若柴店
4027,306.6,4000,3,0,1,1,1,青灰,愛知県,ＮＴＰ名古屋トヨペット（株） オレンジタウン千音寺店
4028,128.8,80000,9,0,0,0,0,白真珠,岡山県,アドバンス
4029,155,80000,9,0,1,1,1,茶Ｍ,茨城県,茨城トヨタ自動車株式会社 水戸泉町店
4030,169,44000,8,0,1,0,1,黒,京都府,Ｊ．オート京都
4031,149.8,35000,10,0,1,1,1,赤ＭＭ,茨城県,（株）ナオイオート 龍ヶ岡店
4032,68.4,91000,11,1,1,0,1,黒Ｍ,埼玉県,オートショップ　ホアロハ 宮原店
4033,205,26000,6,0,1,1,0,白真珠,千葉県,サクマオート 南行徳駅前店
4034,339.1,10,0,0,1,1,1,緑灰II,福岡県,ＴＡＸ大牟田　オートサルーン羽山　マツダオートザム大牟田
4035,114.9,54000,11,0,1,0,1,茶真珠,神奈川県,スーパーステーション　センター南
4036,264.7,28,2,0,1,1,1,真珠,埼玉県,カーライフステーション 久喜店
4037,273.6,60000,3,0,1,1,1,灰,大分県,大分トヨペット Ｚ－Ｒ府内大橋
4038,341.3,10,0,0,1,1,1,緑灰II,福岡県,ＴＡＸ大牟田　オートサルーン羽山　マツダオートザム大牟田
4039,189.8,71000,5,0,1,1,1,薄茶II,福岡県,グッドプライス　福岡西店
4040,169.9,53000,7,0,1,0,1,黒,群馬県,オリックス　Ｕ－ｃａｒ　高崎店
4041,151.4,38000,9,0,1,0,1,黒,静岡県,（株）ホンダカーズ静岡 Ｕ－Ｓｅｌｅｃｔ静岡
4042,267.3,27000,3,0,1,0,1,真珠Ｍ,千葉県,ネッツトヨタ千葉 ユーコム富里インター店
4043,189,47000,7,0,1,0,1,黒Ｍ,滋賀県,シーボーイ びわ湖大橋店
4044,196,42000,5,0,0,0,1,薄茶,兵庫県,ＭＡＳＴ
4045,343.5,10,0,0,1,1,1,赤Ｍ,福岡県,ＴＡＸ大牟田　オートサルーン羽山　マツダオートザム大牟田
4046,138,72000,11,0,1,1,1,黒,石川県,（株）城北マイカー
4047,318.7,37,1,0,1,1,1,真珠,千葉県,ダイキン 東金店
4048,149.8,48000,9,0,1,0,1,茶,兵庫県,おくるまネットワーク
4049,179.5,44000,8,0,1,0,0,黒Ｍ,広島県,ピットイン鯉城商事 カージャンボ広島　五日市店
4050,296.3,20000,3,0,1,1,1,緑,広島県,トヨタカローラ広島 シャント福山
4051,117.6,88000,11,0,1,1,1,白真珠,大阪府,名阪自動車
4052,80.5,38000,13,0,0,0,1,白真珠,神奈川県,ガレージＦ・Ｉ・Ｃ
4053,334.3,14000,3,0,1,1,1,黒,北海道,ネッツトヨタ道都 Ｕ－ＭＥＧＡ山の手
4054,138.2,40000,9,1,1,1,1,黒,埼玉県,エフガレージ 川越店
4055,160.1,48000,9,0,1,1,1,茶Ｍ,埼玉県,トヨタカローラ新埼玉 日進マイカーセンター
4056,181.3,30000,6,0,1,0,1,赤紫,千葉県,ダイキン 東金店
4057,309.8,23000,2,0,1,1,1,真珠Ｍ,茨城県,（株）ナオイオート 戸頭店
4058,193,88000,4,0,0,1,1,薄茶黒,大阪府,ｇｒａｂ　ｃａｒｓ
4059,159.5,65000,8,0,1,0,1,黒Ｍ,広島県,ピットイン鯉城商事 カージャンボ広島　五日市店
4060,288,4000,1,1,1,1,1,薄緑,兵庫県,株式会社ＷＥＳＴ　神戸垂水店
4061,173,31000,9,0,1,1,1,真珠,大阪府,Ａｕｔｏ　ｄｕａｌ　／　オートデュアル
4062,204.7,61000,6,0,1,1,1,真珠Ｍ,大分県,大分トヨペット Ｚ－Ｒ府内大橋
4063,172.3,26000,7,0,1,0,1,黒Ｍ,千葉県,ネッツトヨタ千葉 ユーコム柏若柴店
4064,176.9,53000,7,0,1,0,1,青緑Ｍ,埼玉県,ナカジマ 所沢店　ＪＵ適正販売店
4065,130,19000,10,1,1,0,0,銀Ｍ,神奈川県,バックヤード
4066,349.8,11,1,0,1,1,1,真珠Ｍ,三重県,アップルレンタカー 四日市新正店
4067,185,7000,6,0,0,0,0,薄茶,大阪府,株式会社ＢＩＣ　テラスケア事業部
4068,198.6,50000,4,0,1,0,1,銀Ｍ,茨城県,茨城トヨタ自動車 つくば学園の森店
4069,170,68000,8,0,1,1,1,白真珠,鹿児島県,株式会社リライトガレージ 東開店
4070,104.9,88000,10,0,1,0,1,黒Ｍ,長野県,ネクサススタート
4071,316.1,16000,1,0,1,1,1,黒,新潟県,フォーラムムラタ
4072,170,49000,5,1,0,1,1,茶真珠,京都府,ＨＫＣ　ＡＵＴＯ　京都山科店
4073,209,29000,5,0,1,0,1,赤紫,福岡県,金沢石油株式会社
4074,265.7,11000,4,0,1,1,1,青灰,埼玉県,トヨタカローラ新埼玉 坂戸マイカーセンター
4075,159.8,45000,9,0,1,0,1,白真珠,大阪府,ユーポス 内環豊中店
4076,208.2,46000,6,0,1,0,1,白真珠,群馬県,中央自動車工業（株） ピットクラブ店
4077,99.8,130000,10,0,1,1,1,茶,滋賀県,オネストカー　～正直な車屋さん～　滋賀店
4078,148.8,36000,10,0,1,0,1,黒Ｍ,群馬県,群自燃
4079,232,17000,7,0,1,0,1,黒Ｍ,埼玉県,トヨタカローラ新埼玉 本庄マイカーセンター
4080,282.2,35000,4,0,1,1,1,真珠Ｍ,埼玉県,トヨタカローラ新埼玉 嵐山マイカーセンター
4081,169,44000,9,0,1,1,1,黒Ｍ,大阪府,Ａｕｔｏ　ｄｕａｌ　／　オートデュアル
4082,328.4,22000,3,0,1,1,1,深灰,福島県,トヨタカローラ福島 福島店
4083,299.3,30000,3,0,1,1,1,真珠Ｍ,茨城県,茨城トヨタ自動車株式会社 つくばみどりの店
4084,189.7,28000,7,0,0,0,1,真珠白,千葉県,カーセブン西船橋店
4085,206.9,57000,6,0,1,1,1,薄茶II,大分県,ＲＯＣＫＢＯＤＥ　ＢＡＳＥ（本店）
4086,299.9,18000,3,0,1,1,1,緑,新潟県,フォーラムムラタ
4087,269,18000,3,0,1,0,1,黒,石川県,（株）城北マイカー
4088,312.8,15000,3,0,1,1,1,黒,奈良県,ホンダネットキンキグループ シマダオート中和幹線橿原店／（株）ホンダネットキンキ
4089,298.8,19000,3,0,1,1,1,緑,広島県,トヨタカローラ広島 シャント矢野
4090,312.9,16000,4,0,1,1,1,白真珠,東京都,ＣＡＲＳ立川店（カーズ立川店）
4091,169.8,17000,9,0,1,1,1,銀Ｍ,茨城県,（株）ナオイオート つくば吉瀬店
4092,189.9,41000,7,0,1,0,1,真珠,宮城県,アベカツ　石巻店
4093,149,94000,8,0,1,1,1,茶黒II,茨城県,Ｒ’ｚオートマックス
4094,97.8,69000,11,0,1,0,1,白真珠,埼玉県,サライ自動車 ４０７店　ＪＵ適正販売店
4095,335.8,10,0,0,1,1,1,薄灰青,福岡県,ＴＡＸ大牟田　オートサルーン羽山　マツダオートザム大牟田
4096,302.8,24000,3,0,1,1,1,緑,奈良県,ホンダネットキンキグループ シマダオート中和幹線橿原店／（株）ホンダネットキンキ
4097,343.9,6,1,0,1,1,1,真珠,奈良県,ホンダネットキンキグループ シマダオート橿原店／（株）ホンダネットキンキ
4098,258.4,16000,4,0,1,0,1,真珠Ｍ,埼玉県,トヨタカローラ新埼玉 嵐山マイカーセンター
4099,158.9,88000,5,0,1,0,1,白真珠,大阪府,Ｋ－ＴＡＫＥ　ケーテイク　寝屋川　ミニバン専門店
4100,187,62000,7,0,0,1,1,黒,奈良県,８７８７（ハナハナ）
4101,339.1,10,0,0,1,1,1,真珠Ｍ,福岡県,ＴＡＸ大牟田　オートサルーン羽山　マツダオートザム大牟田
4102,205.6,19000,5,0,1,0,1,黒Ｍ,千葉県,ネッツトヨタ千葉 ユーコム柏若柴店
4103,235,9000,1,1,1,0,1,真珠Ｍ,埼玉県,ＮｅｔＯｎｅ 越谷店　高年式コンパクト専門店　ＪＵ適正販売店
4104,199.5,66000,7,0,1,1,1,真珠白,広島県,ピットイン鯉城商事 カージャンボ広島　五日市店
4105,198,50000,6,0,1,0,1,白真珠,宮崎県,ＮＡＫＡＫＯＪＩ 都城店
4106,299.8,14000,4,0,1,1,1,白真珠,茨城県,（株）ナオイオート 戸頭店
4107,135.8,74000,10,0,1,1,1,白真珠,大阪府,ＬＵＰＵＳ　Ａｕｔｏ　ルプスオート
4108,298.9,39000,3,0,1,1,1,真珠,広島県,キュートハイブリッド
4109,184.7,63000,7,0,1,0,1,黒Ｍ,愛知県,（株）山勝
4110,159.8,44000,9,0,1,0,0,黒Ｍ,茨城県,（株）ナオイオート ６号取手店
4111,170.2,40000,10,0,1,1,1,真珠Ｍ,広島県,トヨタカローラ広島 シャント福山
4112,148.9,51000,10,0,1,1,1,白真珠,神奈川県,ニコニコステーション小田原東インター
4113,184,57000,8,0,1,1,1,真珠,大阪府,Ａｕｔｏ　ｄｕａｌ　／　オートデュアル
4114,212.5,26000,8,0,1,1,1,白真珠,福岡県,（株）くるま村
4115,125.3,77000,9,0,1,0,1,白真珠,愛知県,マイカーバンク　ラビット岡崎南店
4116,365,5,1,0,1,1,1,薄緑,滋賀県,シーボーイ びわ湖大橋店
4117,123,40000,11,1,1,0,1,白真珠,鹿児島県,ホンダカーズ鹿児島 札元バイパス店
4118,298.5,35000,4,0,1,1,1,黒,埼玉県,ナカジマ 越谷店　ＪＵ適正販売店
4119,289.7,48000,4,0,0,1,1,薄緑,愛知県,光南工業
4120,307,8000,4,0,1,1,1,黒,山口県,ＣｏＣｏＣａｒｓ
4121,105,15000,11,0,1,0,1,赤,茨城県,伊東自動車
4122,332.8,11000,2,0,1,1,1,薄緑,千葉県,クルーオート
4123,129.3,75000,11,0,1,0,1,黒Ｍ,広島県,ピットイン鯉城商事 カージャンボ広島　五日市店
4124,159.5,65000,11,0,1,0,1,白真珠,北海道,ゲット・アップ
4125,107.4,130000,10,0,1,1,1,真珠Ｍ,茨城県,茨城トヨタ自動車株式会社 牛久店
4126,107.5,76000,10,1,1,0,1,銀,広島県,ピットイン鯉城商事 矢野店
4127,307.5,29000,4,0,1,1,1,白真珠,茨城県,茨城トヨタ自動車 つくば学園の森店
4128,138,66000,10,0,1,0,1,真珠,埼玉県,ＵＮＩＣＯＲＮ　ＭＯＴＯＲＳ【ユニコーンモータース】
4129,307.5,26000,4,0,1,1,1,真珠Ｍ,茨城県,茨城トヨタ自動車 つくば学園の森店
4130,189.9,42000,7,0,0,0,0,赤黒II,山口県,カージャンボ山口
4131,170.7,47000,9,0,1,0,1,真珠,奈良県,ホンダネットキンキグループ シマダオート奈良店／（株）ホンダネットキンキ
4132,179.3,30000,11,0,1,1,1,真珠白,山口県,カージャンボ山口
4133,349.9,8000,2,0,0,1,1,真珠Ｍ,山口県,カージャンボ山口
4134,292.9,46000,3,0,1,1,1,黒,広島県,キュートハイブリッド
4135,212.2,40000,6,0,1,0,1,赤,埼玉県,ナカジマ 越谷店　ＪＵ適正販売店
4136,207.8,41000,6,0,1,0,1,黒,新潟県,オートパーク 本社
4137,115,59000,10,1,0,0,1,黒,佐賀県,イカリクルマ工房
4138,315.2,45000,3,0,1,1,1,黒,福島県,トヨタカローラ福島 福島店
4139,157.9,26000,10,0,1,0,1,茶真珠,兵庫県,ジャックプレミアム東灘
4140,208.9,40000,6,1,1,1,1,黒,熊本県,レッドベアモーターズ
4141,114.8,100000,10,0,1,0,1,白,大阪府,Ｇａｒａｇｅ　ＣＲＯＳＳ　ＯＮＥ
4142,183.6,15000,10,0,1,0,1,灰,愛知県,アウトドアカスタム専門店　センチュリオン
4143,222.3,51000,8,0,1,1,1,銀,埼玉県,ナカジマ 春日部店　ＪＵ適正販売店
4144,159.9,70000,9,0,1,0,0,黒Ｍ,広島県,ピットイン鯉城商事 カージャンボ広島　五日市店
4145,154.4,71000,10,0,1,0,1,白真珠,愛知県,（株）山勝
4146,198.4,57000,7,0,1,1,1,薄茶,茨城県,茨城トヨタ自動車 つくば学園の森店
4147,113,121000,10,0,1,0,1,白真珠,千葉県,Ｒ９ＡＵＴＯ　自社ローン専門店
4148,208.6,15000,8,0,1,0,1,緑青,大阪府,Ｍ＆Ｇ　ＡＵＴＯ　ＳＥＲＶＩＣＥ
4149,187.5,32000,10,0,1,0,1,緑,愛知県,アウトドアカスタム専門店　センチュリオン
4150,398.1,8,1,0,1,1,1,薄緑,滋賀県,カスタムカー専門店　アタッカー
4151,383,19000,3,0,1,1,1,薄緑,北海道,オートバックスカーズ 西岡店／（株）北日本オートバックス
4152,129,115000,8,1,0,1,1,真珠白,兵庫県,ＣＣＫ
4153,138,32000,13,0,1,0,1,薄茶,福岡県,クロスフィールド　ＣＲＯＳＳ　ＦＩＥＬＤ
4154,168,79000,11,0,1,0,1,黒Ｍ,北海道,ｃａｒ　ｌｉｎｋｓ
4155,137.8,45000,11,0,1,0,1,灰,愛知県,アウトドアカスタム専門店　センチュリオン
4156,136.9,29000,13,0,1,0,1,薄茶,愛知県,アウトドアカスタム専門店　センチュリオン
4157,109.8,58000,9,0,1,1,1,赤,佐賀県,ＢＵＤＤＩＣＡ（バディカ） 久留米支社
4158,189,11000,3,1,0,1,1,赤,兵庫県,エーケージャパンオート　ＡＫ　ＪＡＰＡＮ　ＡＵＴＯ
4159,179,46000,4,0,1,1,1,黄,千葉県,ネッツトヨタ千葉 館山店
4160,89.2,52000,8,1,0,0,0,白真珠,千葉県,オリンピアオート 八街店
4161,176.9,34000,9,0,1,0,1,銀,東京都,ガリバー 先行登録店
4162,145,24000,7,0,1,0,1,黒Ｍ,愛知県,アップルワールド守山店
4163,98.9,67000,10,0,1,0,1,銀,茨城県,オートｉ
4164,198.7,14000,3,0,1,0,1,青,千葉県,サンビームインク　株式会社
4165,147.8,61000,7,0,1,1,1,銀Ｍ,長崎県,トヨタカローラ長崎 佐世保大塔店
4166,184.8,41000,10,1,1,1,1,茶真珠,新潟県,オートパーク 桜木店
4167,194,21000,3,1,1,1,1,赤Ｍ,埼玉県,クローバーランドカーズ 本店　ＪＵ適正販売店
4168,199.9,15000,3,0,1,0,1,黒,滋賀県,ネッツトヨタびわこ（株）ＷＯＯＤＹ＋Ｐｌｕｓ
4169,106.1,60000,10,0,1,0,1,茶,北海道,室蘭ダイハツ販売
4170,129.8,45000,8,0,1,0,1,真珠,佐賀県,ＢＵＤＤＩＣＡ（バディカ） 久留米支社
4171,211.6,20000,3,0,1,0,1,赤Ｍ,千葉県,株式会社ＳＡＫＩ
4172,39.8,65000,22,0,0,0,1,薄青Ｍ,埼玉県,Ｃａｒ　Ｓｈｏｐ　Ｆｒｏｎｔｉｅｒ
4173,143.9,5000,13,0,1,0,1,薄茶,愛知県,アウトドアカスタム専門店　センチュリオン
4174,97.6,47000,9,0,1,0,1,赤ＭＭ,広島県,広島トヨタ自動車 西条店
4175,156,54000,6,0,1,1,1,黄,埼玉県,ユーパーク スクウェアー店　ＪＵ適正販売店
4176,89.1,72000,11,0,1,1,1,黄,岐阜県,モーターネット 岐阜店
4177,94.8,69000,9,0,1,0,1,白真珠,千葉県,Ｖａｌｕｅ　Ｏｎｅ　バリューワン 千葉店
4178,46.7,51000,20,0,1,0,1,銀Ｍ,大阪府,有限会社　大喜自動車
4179,39.8,67000,16,0,1,0,1,灰Ｍ,新潟県,Ｃｉｅｌ　ａｕｔｏｗｏｒｋｓ　シエルオートワークス
4180,89.8,74000,10,0,1,0,1,赤,福岡県,ＢＵＤＤＩＣＡ（バディカ） 福岡南支社
4181,115,43000,8,0,1,0,1,黄,埼玉県,ＨＡＮＡＭＩ
4182,281.4,552,2,0,1,1,1,青灰,長野県,長野トヨタ チューカーボックス若槻店
4183,94.8,61000,9,0,1,0,1,白真珠,新潟県,株式会社　臨済
4184,159.8,47000,4,0,1,1,1,紺Ｍ,静岡県,ＫＯＷＡ　静岡県東部自動車販売協会加盟店
4185,179.6,40000,4,0,1,1,1,Ｍ,千葉県,株式会社ＳＡＫＩ
4186,188,34000,4,1,1,1,1,黒,東京都,株式会社Ｔａｋｅ　Ｕｐ
4187,190,13000,5,0,1,0,1,真珠白,山梨県,ウォール中古車買取センター甲府昭和インター店
4188,135,63000,8,0,1,0,1,黒Ｍ,鹿児島県,交伸自動車
4189,130,58000,8,0,1,1,1,黒,埼玉県,ＡＺ　ＧＬＯＢＡＬ（ＪＵ適正販売店）
4190,109.8,33000,9,0,1,0,1,黄,山梨県,ＢＵＤＤＩＣＡ（バディカ） 甲府石和支社
4191,140,73000,8,0,1,1,1,銀,福岡県,愛車買取りセンタービッグ（Ｂｉｇ）
4192,134.8,79000,6,0,1,0,1,銀,青森県,テクノオートリアル 八戸沼館店
4193,154.5,67000,7,0,1,1,1,真珠,埼玉県,ユーパーク スクウェアー店　ＪＵ適正販売店
4194,269.8,1000,2,1,1,1,1,白真珠,岐阜県,（株）ダイワオート
4195,227.5,15000,4,0,1,0,1,白真珠,福井県,ネッツトヨタ福井 音楽堂いちばん店
4196,59.6,77000,11,0,1,0,1,青,鹿児島県,株式会社奄美マイカーセンター
4197,109.8,47000,7,1,1,0,1,黒Ｍ,茨城県,（株）オリエントジャパン
4198,220.9,20000,4,0,1,0,1,緑,山口県,トヨタカローラ山口 下関マイカーセンター
4199,140.9,46000,9,0,1,0,1,黒Ｍ,長野県,長野トヨタ チューカーボックス上田店
4200,209.8,22000,3,1,1,1,1,薄緑,岐阜県,コバックカーズ 岐阜店
4201,175.6,9000,5,0,1,0,1,白,静岡県,ネッツトヨタ静岡（株） 清水店
4202,99.8,79000,10,0,1,1,1,黒,香川県,ＢＵＤＤＩＣＡ（バディカ） 高松支社
4203,87,94000,11,0,0,1,1,黄,神奈川県,ムラトミ 圏央相模原店
4204,147.4,81000,3,1,1,1,0,深灰Ｍ,埼玉県,Ｋ－ＳＴＹＬＥ　（株）フリースタイル
4205,46,78000,19,0,1,0,1,緑,兵庫県,Ｒｅｄ　Ｇａｒａｇｅ　レッドガレージ
4206,141,71000,5,0,0,1,1,薄茶,千葉県,Ａ．Ｓ．オートカンパニー
4207,172,29000,8,0,1,1,1,赤黒II,新潟県,ナラインターナショナル
4208,134.3,40000,7,0,1,0,1,真珠,愛媛県,トヨタカローラ愛媛（株） 中央通店
4209,119,28000,8,0,1,0,1,真珠,大阪府,株式会社ティーオート　おーとらんど深井駅前店
4210,119.8,60000,11,0,1,1,1,黄,兵庫県,ＢＵＤＤＩＣＡ（バディカ） 姫路支社
4211,110.5,52000,11,0,1,1,1,真珠,埼玉県,ＵＳＭＡＮ　ＴＲＡＤＩＮＧ
4212,189.4,37000,6,0,1,0,1,真珠Ｍ,北海道,函館トヨペット（株） ＢｅＭａｘ石川店
4213,89.9,91000,10,0,1,1,1,青Ｍ,大阪府,Ａｕｔｏ　ＷｉｎＸ　オートウィンクス
4214,123.5,53000,8,0,1,0,1,赤Ｍ,山形県,トヨタカローラ山形 赤湯店
4215,215,29000,2,0,1,1,1,緑,宮城県,Ｇａｒａｇｅ　Ｍｏｔｉｏｎ
4216,107.5,28000,8,1,1,0,1,銀Ｍ,兵庫県,兵庫トヨタ自動車（株） トヨタマイカーランド加古川
4217,127,41000,7,1,1,0,1,紫,群馬県,株式会社Ｖ．Ｉ．Ｃ．Ｃｏ．Ｌｔｄ
4218,145.3,34000,7,0,1,0,1,黒Ｍ,和歌山県,ネッツトヨタ和歌山（株） 有田店
4219,98.9,40000,10,0,1,0,1,銀Ｍ,埼玉県,レイラカーズ 岩槻１２２号店
4220,247.1,20000,4,0,1,1,1,赤灰Ｍ,徳島県,徳島トヨペット Ｕ－Ｃａｒマルシェ北島
4221,135,51000,8,0,1,0,1,紫,埼玉県,ＡＺ　ＧＬＯＢＡＬ（ＪＵ適正販売店）
4222,196.5,27000,4,0,1,1,1,銀Ｍ,和歌山県,トヨタカローラ和歌山 御坊店
4223,207.8,17000,4,1,1,1,1,真珠白,岐阜県,コバックカーズ 岐阜店
4224,159.9,81000,3,1,0,1,1,黒,山梨県,フェニックス　山梨笛吹店
4225,110.6,66000,9,0,1,0,1,黒Ｍ,福井県,大陽自動車
4226,133.5,59000,8,0,1,0,1,濃紫,山口県,トヨタカローラ山口 Ｕ－Ｃａｒ－ＰＡＲＫ「ａｔｔａ！」ときわ
4227,39,88000,14,0,0,0,0,銀,茨城県,ＱＡＳＷＡＩＮＴＥＲＮＡＴＩＯＮＡＬ株式会社
4228,236.5,36000,2,0,1,1,1,黒,香川県,有限会社　オートマックス
4229,90.5,97000,9,0,1,0,1,青Ｍ,愛知県,（有）鈴正自動車販売
4230,160,48000,6,0,1,0,1,赤Ｍ,滋賀県,トヨタカローラ滋賀（株） Ｕ－ＢＯＯＴＨ　草津
4231,144.5,30000,5,1,1,0,0,白真珠,千葉県,自社ローン・自社リース取扱店ＣＡＲＭＡＸ（カーマックス）
4232,239.7,8000,2,1,1,1,1,薄緑,東京都,サーティー ＴＨＩＲＴＹ西東京
4233,135.5,64000,7,0,1,0,1,黒Ｍ,千葉県,千葉トヨタ自動車 アレス市原
4234,163.1,68000,5,0,1,1,1,銀Ｍ,静岡県,ネッツトヨタ静岡（株） Ｕ－ＴＯＷＮ富士
4235,209.8,12000,3,1,1,1,1,薄緑,岐阜県,コバックカーズ 岐阜店
4236,80,105000,10,0,1,1,1,赤Ｍ,愛知県,アップルワールド守山店
4237,149.9,38000,7,0,1,0,1,黄黒II,新潟県,エッセンシャルオート
4238,237.9,7,1,0,1,1,1,黒,石川県,古城モータース 石川白山店
4239,89.9,78000,11,0,1,0,1,茶真珠,愛知県,（株）サンセブン　車のオアシス
4240,149.8,43000,6,0,1,0,1,黄,福岡県,ＢＵＤＤＩＣＡ（バディカ） 福岡南支社
4241,189.8,69000,4,0,1,0,1,黒,青森県,ＴＡＸ　ＣｏｗＣｏｗ　シャドー
4242,123,83000,10,0,1,1,1,青,熊本県,ドリームオートガレージ
4243,236,8000,3,0,1,0,1,白真珠,埼玉県,クローバーランドカーズ 本店　ＪＵ適正販売店
4244,95.2,85000,10,0,1,1,1,黒Ｍ,岐阜県,モーターネット 岐阜店
4245,148.3,49000,7,0,1,0,1,緑,秋田県,Ｈｏｎｄａ　Ｃａｒｓ　秋田中央 Ｕ－Ｓｅｌｅｃｔ中野
4246,123,56000,9,0,1,0,1,真珠白,兵庫県,ユーエー・オートサービス
4247,84.2,109000,8,0,1,0,1,赤Ｍ,和歌山県,ネッツトヨタ和歌山（株） 大浦店
4248,107.8,74000,8,1,1,1,1,黒,愛知県,コバックカーズ 一宮店
4249,55.6,51000,13,0,1,0,1,銀Ｍ,千葉県,Ｃｌｉｍｂ（クライム）
4250,205.8,38000,3,1,1,1,1,灰,愛知県,コバックカーズ 豊田高原店
4251,292.9,10000,1,0,1,1,1,黒,愛知県,ホーメイ・オート
4252,100,74000,10,0,1,0,1,黒,福岡県,カーシティコウダ
4253,169.8,48000,8,0,1,0,1,白真珠,茨城県,ＢＵＤＤＩＣＡ（バディカ） ひたちなか支社
4254,180.8,32000,6,0,1,1,1,紺ＭＭ,静岡県,（株）トヨタユーゼック　カーロッツ浜松
4255,249.5,32000,4,0,1,1,0,緑,宮城県,（有）ジェネシス
4256,199.9,45000,3,0,1,0,0,真珠,埼玉県,ＣＡＲ　ＣＯＬＬＥＣＴＩＯＮ
4257,109.9,36000,10,1,1,0,1,赤Ｍ,秋田県,ＣＡＲ　ＣＩＴＹ　ＡＫＩＴＡ　エスエム自動車商会 元清水店
4258,109.4,37000,10,0,1,0,1,赤Ｍ,栃木県,（株）ホンダカーズ坂戸 オートガーデン佐野　越名店
4259,255.9,5000,4,1,0,1,0,薄緑,新潟県,フェニックス　新潟上越インター店
4260,119.8,72000,8,0,1,0,1,赤Ｍ,滋賀県,武田オートサービス株式会社　フラット７栗東湖南インター
4261,278,17000,2,0,1,1,1,真珠Ｍ,福岡県,ｔｒｉｇｇｅｒ
4262,235,72000,2,0,1,1,1,白真珠,東京都,株式会社Ｔａｋｅ　Ｕｐ
4263,261.3,5000,2,1,1,1,1,薄緑,兵庫県,（株）あっぷる　関西　姫路太子店
4264,269.6,4000,1,1,1,1,1,薄緑,埼玉県,Ｚ　ＭＯＴＯＲＳ
4265,39,90000,18,0,0,0,1,銀,宮城県,アイザック
4266,252.5,24000,3,0,1,1,1,青灰,和歌山県,トヨタカローラ和歌山 御坊店
4267,62.9,100000,13,0,1,0,1,黒,福島県,アクア郡山 大槻店
4268,153.8,31000,5,1,1,0,1,薄茶,岐阜県,コバックカーズ 岐阜店
4269,278.9,26000,3,0,1,1,1,灰濃,青森県,ネッツトヨタ青森 ＴｗｉＮｐｌａｚａ青森本店
4270,277.7,10000,1,0,1,1,1,白真珠,埼玉県,船津自動車販売　所沢三芳店　ＪＵ適正販売店　Ｋ－ＳＴＡＧＥ２７２
4271,197.3,33000,5,0,1,0,1,銀Ｍ,北海道,札幌トヨタ自動車（株） Ｔ－ＺＯＮＥ南郷
4272,155.9,59000,5,0,0,0,0,赤,長野県,フェニックス　長野篠ノ井店
4273,159.9,68000,7,0,1,1,1,白真珠,長崎県,フレスカー 大村店
4274,65,66000,13,0,1,0,1,真珠紫,茨城県,オールドリーム
4275,267.7,16000,4,0,1,1,1,薄緑,福島県,トヨタカローラ福島 喜多方店
4276,146.3,52000,7,0,1,0,1,白真珠,和歌山県,ネッツトヨタ和歌山（株） 岩出店
4277,150,42000,7,0,1,0,1,茶真珠,埼玉県,Ｐｏｋａｌ　ＡＵＴＯ
4278,89.8,92000,10,0,1,1,1,青,宮城県,ＢＥＳＴ　ＣＡＲ　ＳＨＯＰ　ｔｅａｃａｒ’ｓ閖上
4279,160.8,53000,7,0,1,1,1,真珠白,千葉県,ダイハツ千葉販売 沼南店
4280,104.8,72000,10,0,1,0,1,青,愛媛県,ＢＵＤＤＩＣＡ（バディカ） 西条支社
4281,99.9,54000,10,0,1,0,1,黒Ｍ,埼玉県,カーハイエスト
4282,139.8,43000,8,0,1,0,1,赤,愛媛県,ＢＵＤＤＩＣＡ（バディカ） 西条支社
4283,81.7,92000,10,0,1,0,1,赤ＭＭ,大阪府,大阪トヨペット（株） 泉北八田店
4284,78,126000,11,0,1,1,1,黄,埼玉県,ＳＴＧ　カーハウス埼玉
4285,126,68000,9,0,1,0,1,青Ｍ,広島県,広島トヨタ自動車 広島北店
4286,289,17000,2,0,1,1,1,黒,秋田県,（株）ガレージＫＥＮ
4287,172.4,27000,7,0,1,1,1,赤Ｍ,千葉県,千葉トヨタ自動車 アレス若松
4288,119.5,78000,6,0,1,0,1,緑Ｍ,北海道,トヨタモビリティ釧路 ピッカー昭和店
4289,60.8,65000,11,0,1,0,1,黒紫Ｍ,愛知県,堀場石油株式会社
4290,85.8,137000,9,0,1,1,1,紫黒白,愛知県,カーキス中川昭和橋通店
4291,258.8,6000,4,0,1,1,1,II,山形県,トヨタカローラ山形 山居町店
4292,107,45000,9,0,0,0,1,赤Ｍ,茨城県,日巨株式会社　ＮＫ－１　普通自動車専門店
4293,137.8,45000,7,0,1,0,1,真珠白,山梨県,日産プリンス山梨販売 Ｕカー美術館通り貢川店
4294,268.9,2000,1,1,1,1,1,青,徳島県,あっぷる関西　徳島藍住店
4295,209.1,12000,2,1,1,0,1,灰,兵庫県,（株）あっぷる　関西　神戸西店
4296,168,37000,7,0,1,0,1,緑黒II,長野県,マツダオートザム上田　（株）フジカーランド上田
4297,148.6,67000,7,0,1,0,1,赤黒II,徳島県,徳島トヨペット マイカーステージ
4298,38.9,51000,16,1,1,0,1,緑,愛知県,（株）オートタウン犬山 小牧中央店
4299,245.9,33000,2,1,0,1,0,薄灰青,富山県,フェニックス　北陸富山店
4300,175,38000,5,0,1,0,1,茶黒II,愛知県,中村自動車　株式会社
4301,139,83000,8,0,0,1,1,茶,広島県,ネオスグループ オートショップネオス西風新都店
4302,129,45000,7,0,1,0,1,黒Ｍ,新潟県,ＳＴオート 本店
4303,112.8,32000,10,0,0,0,1,赤Ｍ,千葉県,オートネスト印西
4304,76.1,124000,8,0,0,0,1,濃紫,福岡県,福岡トヨペット 福岡アウトレット中古車センター
4305,92.2,91000,10,0,1,0,1,黒,茨城県,ガクエン自動車興業（株） 本店
4306,130.5,73000,7,0,1,0,1,青Ｍ,千葉県,千葉トヨタ自動車 アレス若松
4307,99.8,115000,8,0,1,1,1,紫,茨城県,ブショー．ＣＯＭ
4308,125.8,19000,7,1,1,0,1,銀,岐阜県,コバックカーズ 岐阜店
4309,285.4,29000,2,0,1,1,1,緑,兵庫県,トヨタカローラ神戸 丹波篠山マイカーセンター
4310,88.8,70000,10,1,1,0,1,黒,三重県,コバックカーズ 四日市インター店
4311,126,61000,9,0,1,0,1,青Ｍ,山口県,ネッツトヨタ山口 防府店
4312,116.8,69000,9,0,1,0,1,青,富山県,ワールドモータース
4313,232.9,10,1,0,1,1,1,黒,富山県,古城モータース 富山店
4314,74.6,89000,11,0,0,0,1,青Ｍ,埼玉県,エスティーエス　川越店
4315,228.4,24000,3,1,1,1,1,黒,兵庫県,（株）あっぷる　関西　姫路太子店
4316,116.4,26000,10,0,1,0,1,銀Ｍ,兵庫県,トヨタカローラ神戸（株） 三田マイカーセンター
4317,168.8,16000,6,0,1,0,1,黄,新潟県,第一車輌
4318,88,83000,11,0,1,0,1,青Ｍ,京都府,（有）ベンガルオーバーシーズ
4319,100,98000,10,0,1,1,1,真珠Ｍ,香川県,ネッツトヨタ香川 Ｕステージ空港通り
4320,107.8,125000,8,0,1,1,1,茶真珠,愛知県,ＳＯＵＬ　ＤＲＩＶＥ
4321,103.6,71000,8,1,1,0,1,茶真珠,福島県,スズセキモーター
4322,145,68000,8,0,1,0,1,黒Ｍ,奈良県,ＤｒｉｖｅＳｔａｇｅ奈良　株式会社ドライブステージ
4323,137.5,32000,7,0,1,0,1,黄黒II,千葉県,千葉トヨタ自動車 アレス東金
4324,97.8,68000,10,0,1,0,1,茶,兵庫県,エム・ケー自工株式会社
4325,159.8,39000,7,0,1,0,1,黒Ｍ,奈良県,ＤｒｉｖｅＳｔａｇｅ奈良　株式会社ドライブステージ
4326,109.6,107000,8,0,1,1,1,真珠,宮城県,オスカー仙台
4327,123.5,63000,9,0,1,0,1,赤ＭＭ,鹿児島県,ネッツトヨタ鹿児島株式会社 川内店
4328,39.8,105000,14,0,1,0,1,薄青,福岡県,カーショップ越後屋
4329,42,51000,19,0,1,0,1,銀,静岡県,カーらんど
4330,249.7,14000,3,0,1,1,1,黒,千葉県,トヨタユーゼック ネットストア
4331,139.1,68000,5,0,1,0,1,真珠Ｍ,静岡県,トヨタカローラ静岡（株） 富士マイカーセンター
4332,215.9,6000,2,1,0,1,1,緑,山梨県,フェニックス　甲府甲斐店
4333,177.7,35000,5,0,1,0,1,赤Ｍ,長崎県,トヨタカローラ長崎 佐世保大塔店
4334,69.8,61000,17,0,1,0,1,白真珠,福岡県,ＣＡＲＳＨＯＰ　ＣＡＴＣＨＹ　カーショップ　キャッチー
4335,243.2,39000,2,0,1,1,1,青,香川県,有限会社　オートマックス
4336,88.7,85000,11,0,1,0,1,真珠,兵庫県,黒崎オートサービス
4337,186.2,22000,5,0,1,0,1,真珠Ｍ,京都府,京都トヨタ自動車（株） 中丹店
4338,108,36000,10,1,1,0,1,銀Ｍ,東京都,ＢｅｓｔＢｕｙ
4339,92.4,108000,11,0,1,1,1,真珠Ｍ,北海道,札幌トヨタ自動車（株） 室蘭支店
4340,253,7,1,0,1,1,1,黒,石川県,古城モータース 石川白山店
4341,232.3,35000,4,0,1,0,1,黒,山口県,トヨタカローラ山口 下関マイカーセンター
4342,94.1,83000,9,0,1,0,1,銀Ｍ,北海道,札幌トヨタ自動車（株） 宮の沢店
4343,45.6,65000,19,0,0,0,1,薄緑Ｍ,埼玉県,トータルカーサービス　ＳＨＯＲＩ ウォッシャーセブン
4344,158.3,20000,7,1,1,0,1,赤Ｍ,香川県,ＡＵＴＯ　ＭＡＬＬ　ＪＡＰＡＮ　オートモールジャパン株式会社
4345,86,69000,11,0,0,1,1,青Ｍ,愛知県,ワーケーションスタイル
4346,187.9,33000,7,0,1,1,1,茶真珠,東京都,ホンダカーズ東京中央 Ｕ－Ｓｅｌｅｃｔ西新井
4347,198.8,36000,6,0,1,1,1,赤ＭII,広島県,広島トヨタ自動車 西風新都
4348,153.6,44000,7,1,1,1,1,黄,埼玉県,ユーパーク スクウェアー店　ＪＵ適正販売店
4349,268.3,11000,3,0,1,1,1,青,埼玉県,船津自動車販売　所沢三芳店　ＪＵ適正販売店　Ｋ－ＳＴＡＧＥ２７２
4350,119.8,35000,11,0,1,0,1,赤,香川県,ＢＵＤＤＩＣＡ（バディカ） 高松支社
4351,210.3,53000,3,0,1,1,1,真珠Ｍ,大阪府,大阪トヨペット（株） Ｕ－Ｃａｒランド堺金岡店
4352,253.6,7,1,0,1,1,1,黒,富山県,古城モータース 高岡本店
4353,241.6,5,1,0,1,1,1,黒,福井県,東和自動車 本店
4354,198.2,21000,5,0,1,1,1,赤Ｍ,神奈川県,トヨタモビリティ神奈川（旧トヨタカローラ横浜） 中古車タウン戸塚
4355,142.5,67000,7,0,1,0,1,黒Ｍ,千葉県,千葉トヨタ自動車 アレス成田
4356,132,29000,9,0,1,1,1,銀Ｍ,群馬県,（株）ホンダカーズ坂戸 オートガーデン館林
4357,45.9,58000,13,1,0,0,0,紫,山梨県,フェニックス　甲府甲斐店
4358,94,114000,8,0,1,0,1,真珠白,宮城県,Ｍｏｇｅｅ オートヒルズ店
4359,45,115000,17,0,1,0,1,灰Ｍ,青森県,株式会社ＺＥＮ 三沢支店
4360,93.9,102000,9,0,1,1,1,銀,埼玉県,（株）ホンダカーズ坂戸 オートガーデン富士見
4361,118,63000,10,0,1,0,1,黄,福島県,（有）ワイズカンパニー
4362,279.8,4000,3,0,1,1,1,緑,広島県,ガリバー 広島県　先行登録店
4363,170,40000,7,0,1,1,1,茶,長崎県,ＧＣ北大村　株式会社エイコー商事
4364,124,97000,8,0,1,1,1,紫,香川県,トヨタカローラ香川 観音寺店
4365,123.9,51000,9,0,1,0,1,青Ｍ,愛知県,ガリバー 一宮　先行登録店
4366,235,27000,3,0,1,0,1,黒,京都府,ネッツトヨタヤサカ（株） 桃山店
4367,132.1,64000,7,1,1,1,1,茶,埼玉県,ユーパーク スクウェアー店　ＪＵ適正販売店
4368,185.7,14000,5,0,1,0,1,真珠Ｍ,岩手県,トヨタカローラ岩手（株） 南大橋店
4369,228.9,23000,3,0,1,0,1,黒,東京都,トヨタＳ＆Ｄ西東京 Ｕ－Ｃａｒ羽村店
4370,42.9,54000,17,0,0,0,1,薄茶,新潟県,Ｍ－ＣＲＯＳＳ　ＣＡＲＳ新潟
4371,251,17000,2,0,1,1,1,黒,香川県,トヨタカローラ香川 国分寺店
4372,113.2,64000,11,0,1,1,1,銀Ｍ,兵庫県,ネッツトヨタ兵庫（株） 加古川Ｕ－Ｃａｒセンター
4373,251.4,9000,3,0,1,0,1,赤Ｍ,大阪府,大阪トヨペット（株） 寝屋川店
4374,69.8,67000,13,0,1,0,1,真珠,香川県,ＢＵＤＤＩＣＡ（バディカ） 高松支社
4375,102,80000,10,0,0,0,1,黒Ｍ,福島県,オーシャンデザイン福島店
4376,202.5,40000,5,0,1,1,1,真珠,兵庫県,（株）あっぷる　関西　神戸西店
4377,109.8,70000,9,0,1,0,1,銀,岡山県,ＢＵＤＤＩＣＡ（バディカ） 倉敷支社
4378,56,53000,14,0,0,0,1,薄青Ｍ,茨城県,日巨株式会社　ＮＫ－１　普通自動車専門店
4379,129.8,47000,9,1,1,1,1,青Ｍ,茨城県,ＡＫ　ＡＵＴＯ
4380,177.6,57000,6,0,1,1,1,茶Ｍ,広島県,広島トヨタ自動車 五日市店
4381,157,63000,8,0,0,1,1,銀,京都府,Ｉ－ｒｉｅ　ｍｏｔｏｒｓ
4382,179.6,51000,7,0,1,1,1,黄,鹿児島県,株式会社奄美マイカーセンター
4383,65,42000,13,1,1,0,1,赤紫Ｍ,東京都,ＢｅｓｔＢｕｙ
4384,242,17000,3,0,1,0,1,緑,千葉県,トヨタカローラ千葉 新港マイカーセンター
4385,295.6,10000,1,0,1,1,1,真珠Ｍ,兵庫県,ガリバー 滝野社店／株式会社オートビレッジ
4386,348.8,5,0,0,1,1,1,薄茶,長崎県,ＧＣ相浦　株式会社エイコー商事
4387,112.8,59000,9,0,1,0,1,黄,静岡県,ネッツトヨタ静浜(株) 和田マイカーセンター
4388,115,81000,9,0,1,1,1,白真珠,大阪府,ＫＡＮＳＡＩ　ＭＯＴＯＲ
4389,89,92000,10,1,1,1,1,青,秋田県,ＴＱＭインターナショナル 秋田支店
4390,216.5,28000,4,0,1,1,1,薄灰青,大阪府,大阪トヨペット（株） Ｕ－Ｃａｒランド岸和田店
4391,100.8,94000,9,0,1,1,1,赤ＭＭ,静岡県,トヨタカローラ静岡（株） 千代田店
4392,146.6,35000,8,0,1,0,1,真珠,高知県,Ｈｏｎｄａ　Ｃａｒｓ　中央高知 Ｕ－Ｓｅｌｅｃｔ札場
4393,69,110000,11,0,0,0,1,緑,広島県,アートガレージ
4394,290.7,3000,3,0,1,1,1,緑,千葉県,千葉トヨタ自動車 アレス成田
4395,108.9,47000,11,0,1,0,1,黒,新潟県,オートプレイス
4396,114.6,65000,10,0,1,0,1,赤紫,大阪府,ガリバー 大阪府　先行登録店
4397,115,103000,7,0,1,1,1,黄,福岡県,オートステーション　人気のミニバン専門店　ＪＵ適正販売店
4398,100.4,56000,11,0,1,0,1,黒Ｍ,愛知県,モーターネット 西尾安城店
4399,177,49000,6,0,1,0,1,真珠Ｍ,香川県,ネッツトヨタ香川 Ｕステージ丸亀
4400,147.5,49000,9,0,1,1,1,真珠白,兵庫県,ＤｒｉｖｅＳｔａｇｅ神戸　株式会社ドライブステージ
4401,64.2,47000,14,0,1,0,1,銀,神奈川県,ウェルストーン
4402,269.5,2000,1,1,1,1,1,黒,徳島県,あっぷる関西　徳島藍住店
4403,98,100000,9,0,1,1,1,白真珠,栃木県,株式会社ＳＰＲ宝木本町店
4404,312.2,5,0,0,1,1,1,黒,石川県,ネッツトヨタ石川（株） Ｕ－Ｃａｒシャンツェ鞍月
4405,79.8,116000,10,0,0,0,1,茶真珠,北海道,ＥＺＯ－ＩＳＭ（株）
4406,165,72000,6,0,1,1,1,白真珠,栃木県,リンクゲイン
4407,94,72000,11,0,1,0,1,白真珠,和歌山県,ネッツトヨタ和歌山（株） 大浦店
4408,158.3,44000,8,0,1,0,1,黒Ｍ,秋田県,（株）ガレージＫＥＮ
4409,140.4,32000,10,0,1,1,1,茶真珠,富山県,小杉インター高松自動車
4410,129.8,60000,10,0,1,0,1,真珠,愛媛県,ＢＵＤＤＩＣＡ（バディカ） 西条支社
4411,251.7,2000,2,0,1,0,1,薄茶,三重県,トヨタカローラ三重（株） トヨタカローラ三重　伊勢店
4412,247.7,18000,3,0,1,0,1,真珠Ｍ,群馬県,群馬トヨタ自動車 藤岡みやもと店
4413,108.8,99000,10,0,1,0,1,真珠Ｍ,岩手県,トヨタカローラ岩手（株） 宮古店
4414,266,34000,4,0,1,1,1,赤Ｍ,千葉県,ネッツトヨタ千葉 袖ヶ浦店
4415,138.6,52000,9,0,1,1,1,黒Ｍ,岐阜県,くるま生活ランシア
4416,132.5,61000,10,0,1,1,1,真珠,千葉県,エスピー自動車
4417,352,5,1,0,1,1,1,黒,静岡県,Ｍ’ｚ　ＳＰＥＥＤ静岡／エムズスピード静岡
4418,139.4,36000,10,0,1,1,1,真珠Ｍ,徳島県,徳島トヨタ自動車 阿南店
4419,127.6,65000,8,0,1,0,1,赤紫,富山県,中田モータース
4420,232.2,4000,4,1,1,1,0,薄緑,愛知県,Ｆｉｖｅ　Ｇｅａｒ　ファイブギア
4421,212.9,10000,3,1,0,1,0,緑,石川県,フェニックス　石川金沢駅西店
4422,204.4,31000,4,0,1,0,1,緑,長野県,長野トヨタ チューカーボックス松本店
4423,282.9,14000,2,1,1,1,1,黒,沖縄県,沖縄トヨタ自動車株式会社 トヨタウンコザ店
4424,156.6,48000,8,0,1,1,1,赤Ｍ,大分県,トヨタカローラ大分 日田店　トヨタ認定中古車センター日田若宮
4425,69.6,40000,13,0,1,0,1,銀,大阪府,くるま館　ぶぅぶぅ大阪
4426,143.7,83000,6,0,1,0,1,銀Ｍ,北海道,札幌トヨタ自動車（株） 室蘭支店
4427,100,91000,10,0,1,0,1,白真珠,新潟県,第一車輌
4428,119.8,41000,11,0,1,0,1,黒,香川県,ＢＵＤＤＩＣＡ（バディカ） 高松支社
4429,127.8,44000,7,1,1,0,1,赤黒II,愛知県,コバックカーズ 岡崎店
4430,39,78000,17,0,0,0,1,深銀Ｍ,神奈川県,大和ベース
4431,124.6,31000,10,0,1,0,1,赤ＭＭ,鹿児島県,ネッツトヨタ鹿児島株式会社 城南シーサイド店
4432,117.9,101000,8,0,1,1,1,赤紫,長崎県,オート長崎
4433,116.6,49000,10,0,1,0,1,白真珠,岐阜県,モーターネット 岐阜店
4434,99.8,69000,11,0,1,0,1,銀Ｍ,新潟県,（株）ミニマックス
4435,90,97000,9,1,1,1,1,黒,茨城県,ＤＲＥＡＭ　ＣＡＲ
4436,173.7,41000,8,0,1,1,1,黒Ｍ,愛知県,（有）鈴正自動車販売
4437,105.7,67000,10,0,1,0,1,赤Ｍ,福井県,ネッツトヨタ福井 中央店
4438,159.8,59000,4,1,1,1,1,真珠白,愛知県,コバックカーズ 春日井東野店
4439,262.7,8000,1,0,1,0,1,薄茶,山形県,トヨタカローラ山形 大野目店
4440,95,48000,10,1,1,0,1,銀Ｍ,兵庫県,（有）コスモスオート津名
4441,248.8,27000,2,0,1,0,1,青灰,愛知県,ＮＴＰ名古屋トヨペット（株） 弥富通店
4442,228,13000,3,0,0,0,1,黒,兵庫県,ＣＡＲ　ＣＬＵＢ　Ｌｅｔ’ｓ
4443,314.2,4,0,0,1,1,1,白真珠,石川県,ネッツトヨタ石川（株） Ｕ－Ｃａｒシャンツェ西泉
4444,314.2,5,0,0,1,1,1,白真珠,石川県,ネッツトヨタ石川（株） Ｕ－Ｃａｒシャンツェ鞍月
4445,254,10000,2,1,1,1,1,薄茶,栃木県,株式会社ＳＰＲ宝木本町店
4446,117.3,89000,10,0,1,0,1,銀Ｍ,北海道,札幌トヨタ自動車（株） 宮の沢店
4447,262.7,16000,4,0,1,1,1,黒,山形県,ガリバー 山形県　先行登録店
4448,135,79000,8,0,0,1,1,白真珠,香川県,（株）大西自動車工作所
4449,275.6,30000,3,0,1,1,1,白,三重県,ガリバー 三重県　先行登録店
4450,108,75000,11,0,1,0,1,桃,宮城県,株式会社　ココワークス
4451,117.8,39000,11,0,1,0,1,黒,静岡県,Ｃａｓｔ 浜松店
4452,198,58000,4,0,1,0,0,薄緑,福岡県,株式会社Ｎｓｐｅｃ
4453,285,10000,1,0,1,1,1,黒,愛知県,Ａｘｅｌｌ　ａｕｔｏ
4454,334.2,5,0,0,1,1,1,白真珠,石川県,ネッツトヨタ石川（株） Ｕ－Ｃａｒシャンツェ鞍月
4455,334.2,4,0,0,1,1,1,白真珠,石川県,ネッツトヨタ石川（株） Ｕ－Ｃａｒシャンツェ西泉
4456,336.4,1000,1,0,1,1,1,真珠Ｍ,奈良県,（有）カンサイ　Ｅ．Ｃ
4457,124.6,36000,9,0,1,0,1,白真珠,愛知県,モーターネット 豊橋店
4458,231.6,21000,4,0,1,0,1,薄緑,山形県,山形トヨペット（株） 中古車ランド鶴岡
4459,100,73000,9,1,1,1,1,青Ｍ,福岡県,ＡＺクリエイト
4460,182.3,52000,8,0,1,0,1,茶Ｍ,長野県,長野トヨタ チューカーボックス上田店
4461,247.9,8,1,0,1,1,1,黒,石川県,古城モータース 石川白山店
4462,160,68000,7,0,0,1,1,真珠II,福岡県,ＲＵＤＹ
4463,156.9,44000,5,0,1,0,1,深銀Ｍ,大阪府,大阪トヨペット（株） Ｕ－Ｃａｒランド箕面勝尾寺口店
4464,108.9,61000,11,0,1,0,1,黒Ｍ,京都府,ＨＥＲＯＥＳ
4465,198.8,53000,3,0,1,0,1,真珠Ｍ,大阪府,大阪トヨペット（株） Ｕ－Ｃａｒランド堺金岡店
4466,112.7,77000,6,1,0,0,0,銀,埼玉県,令和トレーディング株式会社　（Ｅ－Ｓｔｙｌｅ　イースタイル）
4467,228.2,49000,3,0,1,0,1,黒,東京都,ガリバー 先行登録店
4468,202.7,30000,5,0,1,0,1,黄,宮城県,ネッツトヨタ仙台 マイカー泉バイパスセンター
4469,58.4,65000,17,0,1,0,1,灰Ｍ黒,茨城県,Ｃａｌｉｆｏｒｎｉａ　Ｓｔｙｌｅ　Ｊａｐａｎ
4470,175.3,52000,7,0,1,1,1,真珠Ｍ,京都府,ネッツトヨタヤサカ（株） ＡＬＡＬ京田辺
4471,124.1,39000,9,0,1,0,1,黒Ｍ,愛知県,モーターネット 名古屋本店
4472,192.5,34000,4,0,1,0,1,黒Ｍ,富山県,トヨタモビリティ富山 中古車Ｇａｒａｇｅ富山
4473,152.6,48000,5,1,1,1,1,黒,埼玉県,ユーパーク スクウェアー店　ＪＵ適正販売店
4474,156.1,53000,8,0,1,0,1,真珠Ｍ,愛知県,ＮＴＰ名古屋トヨペット（株） 弥富通店
4475,112.7,75000,9,0,0,0,0,銀,埼玉県,令和トレーディング株式会社　（Ｅ－Ｓｔｙｌｅ　イースタイル）
4476,258.6,18000,3,0,1,1,1,真珠Ｍ,静岡県,（株）トヨタユーゼック　カーロッツ浜松
4477,248.1,5000,4,0,1,0,1,真珠Ｍ,徳島県,徳島トヨペット マイカーステージ
4478,120,68000,9,0,0,1,1,銀,愛知県,アップル　豊田１５３通店
4479,162,38000,8,0,1,0,1,黒Ｍ,大阪府,ＤｒｉｖｅＳｔａｇｅ大阪　株式会社ドライブステージ
4480,160.2,60000,7,0,1,0,1,II,京都府,ネッツトヨタヤサカ（株） 木津店
4481,177.7,29000,6,0,1,0,1,銀Ｍ,東京都,トヨタＳ＆Ｄ西東京 Ｕ－Ｃａｒ横田ベースサイド
4482,282.1,30000,3,0,1,1,1,青灰,福井県,福井トヨタ 敦賀店
4483,158.6,31000,7,0,1,0,1,銀Ｍ,広島県,有限会社太呉自動車
4484,87.6,96000,10,0,1,0,1,黒Ｍ,宮城県,株式会社Ｍｏｇｅｅ 亘理店
4485,289.8,22000,3,0,1,1,1,緑,広島県,ガリバー 広島県　先行登録店
4486,286.8,27000,3,0,1,1,1,薄緑,広島県,ガリバー 広島県　先行登録店
4487,248.8,10,1,0,1,1,1,黒,富山県,古城モータース 高岡本店
4488,238.7,21000,3,0,1,0,1,緑,広島県,広島トヨタ自動車 西風新都
4489,276.4,29000,3,0,1,1,1,薄茶,石川県,ＨｏｎｄａＣａｒｓ石川西　入江店
4490,100,82000,9,0,1,0,1,白真珠,岡山県,フラットアウト
4491,211.1,41000,5,0,1,1,1,赤,千葉県,トヨタカローラ千葉 木更津マイカーセンター
4492,180.8,32000,7,0,1,1,1,黄黒II,静岡県,（株）トヨタユーゼック　カーロッツ浜松
4493,137.3,57000,11,0,1,1,1,黒Ｍ,千葉県,ネッツトヨタ千葉 鎌ヶ谷店
4494,109.8,63000,10,0,1,0,1,黒Ｍ,神奈川県,サクラオート
4495,185.6,28000,7,0,1,1,1,黄,滋賀県,ネッツトヨタびわこ（株）ＷＯＯＤＹ＋Ｐｌｕｓ
4496,253,39000,3,0,1,1,1,赤,千葉県,トヨタカローラ千葉 習志野マイカーセンター
4497,99.8,102000,10,0,1,0,1,茶,北海道,北雄自動車
4498,338,60,1,0,1,1,1,白,香川県,三好自動車
4499,159.8,49000,9,0,1,1,1,白真珠,奈良県,ＤｒｉｖｅＳｔａｇｅ奈良　株式会社ドライブステージ
4500,211,3000,4,1,1,0,1,深灰,栃木県,ＴＯＣＯ
4501,256.3,12000,3,1,1,1,1,薄緑,兵庫県,（株）あっぷる　関西　姫路太子店
4502,288.8,25000,3,0,1,1,1,真珠Ｍ,京都府,京都トヨタ自動車（株） 中丹店
4503,259,36000,3,0,0,1,1,黒,埼玉県,ＢＡＮＤＥ（バンデ）
4504,174.3,54000,7,0,1,0,1,赤Ｍ,愛媛県,ガリバー 愛媛県　先行登録店
4505,79.8,92000,11,0,1,0,1,真珠白,静岡県,Ｃａｓｔ 浜松店
4506,186.9,67000,5,0,1,1,1,黒Ｍ,岐阜県,（株）田中モータース商会
4507,74.5,118000,11,0,1,0,1,真珠Ｍ,鹿児島県,ネッツトヨタ鹿児島株式会社 出水店
4508,258.8,25000,2,1,1,1,1,緑,岐阜県,（株）ダイワオート
4509,112.7,61000,10,0,0,0,0,白,埼玉県,令和トレーディング株式会社　（Ｅ－Ｓｔｙｌｅ　イースタイル）
4510,124.8,46000,11,0,1,0,1,白真珠,奈良県,ＤｒｉｖｅＳｔａｇｅ奈良　株式会社ドライブステージ
4511,219,26000,5,0,1,1,1,黒Ｍ,香川県,トヨタカローラ香川 国分寺店
4512,126.9,86000,8,0,1,0,1,紫,長野県,ＧＲＥＥＮＥ　ＭＯＴＯＲ’Ｓ　～グリーンモータース～
4513,269.3,32000,4,0,1,1,1,赤Ｍ,滋賀県,ネッツトヨタびわこ（株）ＷＯＯＤＹ＋Ｐｌｕｓ
4514,87.9,78000,10,0,0,0,1,銀Ｍ,東京都,ガレージダブル
4515,177,78000,4,0,1,1,1,黒Ｍ,静岡県,（株）トヨタユーゼック　カーロッツ浜松
4516,208.1,41000,5,0,1,1,1,白真珠,兵庫県,あっぷる関西　神戸有馬店 軽自動車専門店
4517,259.8,8000,3,0,1,1,1,緑,愛知県,コバックカーズ 一宮店
4518,301.2,11000,1,0,1,1,1,灰濃,高知県,ネッツトヨタ高知 高須店
4519,55,52000,16,0,1,0,1,灰Ｍ,茨城県,（株）ＦＡＨＡＤ　ＡＹＹＡＮ　ＴＲＡＤＩＮＧ
4520,187.5,42000,5,0,1,0,1,赤,北海道,函館トヨタ自動車（株） ニューロード店
4521,167.7,44000,7,0,1,0,1,赤Ｍ,宮城県,ネッツトヨタ仙台 ダイハツ石巻港インター
4522,124.6,37000,9,0,1,1,1,銀Ｍ,千葉県,ネッツトヨタ千葉 千葉ニュータウン店
4523,121.9,105000,8,0,1,1,1,黄黒II,福岡県,カースペースＺＥＲＯ　ＪＵ適正販売店
4524,263.7,16,1,0,1,0,1,薄緑,静岡県,スズキアリーナ牧之原
4525,158,61000,8,0,0,0,1,銀,広島県,（株）ガレージ・５５５
4526,37.9,99000,13,0,1,0,1,緑,埼玉県,モラーモーターズ株式会社
4527,199.8,34000,4,0,1,0,1,赤Ｍ,長崎県,トヨタカローラ長崎 佐世保相浦店
4528,187.4,23000,6,0,1,0,1,赤Ｍ,愛媛県,ネッツトヨタ愛媛 みどろ
4529,291.5,27000,3,0,1,1,1,黒,茨城県,トヨタカローラ新茨城 勝田東石川店
4530,70,87000,10,1,1,0,1,青,長崎県,ＡＬＬ　ＯＵＴ
4531,120.1,41000,10,0,1,0,1,黒Ｍ,愛知県,モーターネット 名古屋本店
4532,171.7,58000,6,0,1,0,1,赤紫,東京都,ガリバー 先行登録店
4533,119.7,27000,11,0,1,0,1,黄,岩手県,トヨタカローラ岩手（株） 盛岡インター店
4534,193.6,31000,5,0,1,0,1,赤紫,滋賀県,（株）カントリー自動車 本店
4535,140.3,106000,6,0,1,1,1,黒Ｍ,福岡県,オートステーション　人気のミニバン専門店　ＪＵ適正販売店
4536,100,55000,10,1,1,0,1,茶真珠,神奈川県,中古車卸売センター
4537,269.1,32000,3,0,1,1,1,黒,静岡県,ガリバー 静岡県　先行登録店
4538,198.1,46000,7,0,1,0,1,緑Ｍ,長野県,長野トヨタ チューカーボックス若槻店
4539,256.5,60000,3,0,1,1,1,深灰,青森県,サーティー　ＴＨＩＲＴＹ大鰐
4540,246.1,11000,3,0,1,0,1,真珠Ｍ,群馬県,群馬トヨタ自動車 前橋天川大島店
4541,56.5,134000,11,0,1,0,1,緑Ｍ,福岡県,Ｖｉｔａ　Ａｕｔｏ　飯塚店（ビータオート）
4542,244.5,15,1,0,1,1,1,黒,富山県,高橋自動車
4543,240.9,16000,4,0,1,0,1,赤Ｍ,静岡県,（株）トヨタユーゼック　カーロッツ浜松
4544,170.4,69000,7,0,1,1,1,赤紫II,東京都,ガリバー 先行登録店
4545,135.3,74000,5,1,1,0,1,黒Ｍ,新潟県,トヨタカローラ新潟 Ｕ－Ｃａｒ巻
4546,209.8,11000,3,1,1,0,1,薄茶,岐阜県,コバックカーズ 岐阜店
4547,93,70000,10,1,1,0,1,青Ｍ,宮城県,有限会社リバイバルフレンドシップ
4548,189,40000,6,0,1,0,1,銀,山梨県,オートガレージエムズ
4549,105.8,96000,10,0,1,1,1,黒,愛知県,コバックカーズ 豊田高原店
4550,285,6000,4,0,1,1,1,黒,埼玉県,ガレージサカマキ
4551,206.8,32000,6,0,1,1,1,赤Ｍ,大阪府,大阪トヨペット（株） Ｕ－Ｃａｒランド岸和田店
4552,178.8,28000,5,1,1,1,1,真珠,埼玉県,ユーパーク スクウェアー店　ＪＵ適正販売店
4553,156.8,50000,8,0,1,0,1,青緑Ｍ,静岡県,（株）トヨタユーゼック　カーロッツ浜松
4554,134.6,88000,7,0,1,0,1,真珠Ｍ,広島県,広島トヨタ自動車 呉店
4555,117.2,45000,9,0,1,0,1,茶真珠,新潟県,ラビット 燕三条店
4556,142.2,91000,5,0,0,0,1,銀Ｍ,青森県,青森トヨタ自動車 ＴｗｉＮｐｌａｚａ弘前
4557,152.9,76000,8,0,1,1,1,黒Ｍ,新潟県,トヨタカローラ新潟 Ｕ－Ｃａｒ巻
4558,305.7,34000,4,0,1,1,1,黒,北海道,スーパーオートバックス ＳＡＰＰＯＲＯ／（株）北日本オートバックス
4559,235.9,31000,4,1,1,1,1,薄緑,埼玉県,ＣＡＲ　ＣＯＬＬＥＣＴＩＯＮ
4560,164.6,65000,8,0,1,1,1,真珠,茨城県,イタコ自販 本社
4561,128,27000,10,0,1,0,1,白真珠,神奈川県,カーコレ
4562,159.2,44000,7,0,1,0,1,黒,愛媛県,トヨタカローラ愛媛（株） 松山東店
4563,218.4,7000,1,1,1,1,1,黒,埼玉県,ユーパーク スクウェアー店　ＪＵ適正販売店
4564,454.2,5000,1,0,1,1,1,真珠Ｍ,静岡県,（株）トヨタユーゼック　カーロッツ浜松
4565,276.3,24000,3,0,1,1,1,白真珠,兵庫県,ネッツトヨタ兵庫（株） 加古川Ｕ－Ｃａｒセンター
4566,198.6,81000,4,0,1,0,1,赤Ｍ,山口県,トヨタカローラ山口 Ｆｅｌｉｘ８８岩国　ＨＡＣＨＩ－ＨＡＣＨＩ　中古車ＢＯＸ
4567,142.5,71000,7,0,1,0,1,真珠Ｍ,千葉県,千葉トヨタ自動車 アレス市原
4568,116.6,113000,9,0,1,1,1,真珠Ｍ,広島県,広島トヨタ自動車 福山北店
4569,179.8,78000,9,0,1,0,1,黒Ｍ,北海道,カーセブン北見店　日免オートシステム
4570,99.8,58000,10,0,1,0,1,緑,岡山県,ＢＵＤＤＩＣＡ（バディカ） 倉敷支社
4571,124.2,53000,10,0,1,1,1,銀Ｍ,兵庫県,ネッツトヨタ兵庫（株） 加古川Ｕ－Ｃａｒセンター
4572,102.7,62000,11,0,1,1,1,茶真珠,愛知県,モーターネット 豊橋店
4573,81.2,66000,13,0,1,0,1,赤紫,千葉県,トヨタカローラ千葉 新港マイカーセンター
4574,149.3,98000,6,0,1,0,1,薄茶,長野県,長野トヨタ Ｃｈｕ－ＣＡＲ　ＢＯＸ川中島店
4575,169.4,55000,7,0,1,0,1,真珠,熊本県,モビリティタウン 熊本
4576,52.5,82000,14,0,1,0,1,薄青,神奈川県,エフ・エー・スミヨシ
4577,48,92000,20,0,0,0,1,紺,岩手県,有限会社　八木自動車サービス 大浜店
4578,107,97000,10,0,1,1,1,銀Ｍ,栃木県,株式会社ＳＰＲ宝木本町店
4579,89,104000,10,0,1,0,1,青Ｍ,兵庫県,（有）コスモスオート津名
4580,190.6,31000,5,0,1,0,1,黒Ｍ,千葉県,ネッツトヨタ千葉 袖ヶ浦店
4581,79,113000,9,1,0,1,1,銀,神奈川県,ムラトミ 海老名店
4582,91,88000,11,0,1,1,1,白真珠,埼玉県,衆和自動車
4583,90.1,148000,9,0,1,1,1,黒,神奈川県,カーイズム
4584,102,111000,7,0,1,0,1,赤Ｍ,三重県,三重トヨペット（株） 四日市羽津店
4585,361.5,11,0,0,0,1,1,薄緑,神奈川県,ケーユー 湘南戸塚店
4586,263.6,11000,2,0,1,1,1,灰濃,兵庫県,トヨタカローラ神戸（株） 三田マイカーセンター
4587,237.8,23000,3,0,1,0,1,真珠Ｍ,山口県,ネッツトヨタ山口 綾羅木マイカーセンター
4588,269.5,29000,3,0,1,1,1,深灰,東京都,ガリバー 先行登録店
4589,290.3,15000,3,0,1,1,1,薄茶,神奈川県,トヨタモビリティ神奈川（旧神奈川トヨタ） 中古車タウン中原
4590,295.9,30000,3,0,1,1,1,黒,福岡県,ガリバー 福岡県　先行登録店
4591,299.4,17000,3,0,1,1,1,真珠Ｍ,福島県,ネッツトヨタ郡山 平店
4592,313.2,39000,3,0,1,1,1,真珠Ｍ,香川県,トヨタカローラ香川 国分寺店
4593,201.6,11000,4,0,1,0,1,薄茶,山形県,トヨタカローラ山形 鶴岡店
4594,224.7,7000,4,0,1,0,1,薄灰青,山形県,トヨタカローラ山形 天童店
4595,248.9,10000,4,0,1,1,1,赤Ｍ,東京都,トヨタＳ＆Ｄ西東京 Ｕ－Ｃａｒ横田ベースサイド
4596,254.6,25000,4,0,1,0,1,薄茶,徳島県,徳島トヨペット Ｕ－Ｃａｒマルシェ北島
4597,277.5,5000,4,0,1,1,1,赤Ｍ,山形県,トヨタカローラ山形 カーパル桜田店
4598,281.4,18000,4,0,1,1,1,薄茶,宮城県,ネッツトヨタ仙台 マイカー名取センター
4599,208.5,48000,5,0,1,1,1,黒Ｍ,山形県,山形トヨペット（株） 中古車ランド鶴岡
4600,175,57000,6,1,1,1,1,黒,福岡県,有限会社カートップ福岡
4601,189.8,19000,6,0,1,0,1,銀Ｍ,東京都,ガリバー 先行登録店
4602,196.8,54000,6,0,1,1,1,真珠Ｍ,香川県,ネッツトヨタ香川 Ｕステージ屋島
4603,145.7,48000,7,0,1,0,1,黒Ｍ,静岡県,ネッツトヨタ静岡（株） Ｕ－ＴＯＷＮ富士
4604,164.4,32000,7,0,1,1,0,真珠,大阪府,ナンキオート 本店
4605,115,125000,9,0,1,1,1,真珠白,大阪府,布内オート　豊中支店
4606,127.2,46000,9,0,0,0,1,黄,滋賀県,トヨタカローラ滋賀（株） 西大津店
4607,165.8,32000,9,0,1,1,1,赤,東京都,ガリバー 先行登録店
4608,176.5,33000,9,0,1,1,1,赤,東京都,ガリバー 先行登録店
4609,180.2,72000,9,0,1,1,1,黒,福井県,ガリバー 福井県　先行登録店
4610,150,109000,10,1,1,1,1,真珠,福岡県,自社ローン　カーライフ福岡店
4611,108.6,58000,11,0,1,0,1,黒Ｍ,新潟県,トヨタカローラ新潟 大形店
4612,65,78000,12,0,1,0,1,黒Ｍ,岡山県,カルマトップ　買取直売車専門店
4613,143.2,41000,9,0,1,0,1,黒Ｍ,福島県,ネッツトヨタ福島（株） オンリー鎌田店
4614,115.8,33000,9,1,1,0,1,黒,愛知県,コバックカーズ 豊田高原店
4615,198.9,62000,6,0,1,0,1,銀,石川県,カーセブン金沢店
4616,216.4,33000,5,0,1,0,1,薄茶,北海道,釧路トヨタ自動車 中標津店
4617,68,116000,9,1,1,0,1,深茶,福岡県,ガレージアンサー
4618,110.6,68000,10,0,0,0,1,白真珠,広島県,ネオスグループ オートショップネオス西風新都店
4619,111,54000,9,1,1,0,1,真珠,埼玉県,ユーパーク スクウェアー店　ＪＵ適正販売店
4620,204.2,9000,4,1,1,0,1,深灰,埼玉県,Ｚ　ＭＯＴＯＲＳ
4621,288,34000,3,0,1,1,1,灰濃,大分県,トヨタカローラ大分 西大分店　トヨタ認定中古車センター西大分
4622,229.2,72000,3,1,1,1,1,薄茶,山口県,トヨタカローラ山口 Ｆｅｌｉｘ８８岩国　ＨＡＣＨＩ－ＨＡＣＨＩ　中古車ＢＯＸ
4623,304,20000,2,0,1,1,1,灰,宮城県,ガリバー 石巻店／株式会社サンチャイルド
4624,65.8,54000,14,0,0,0,1,銀Ｍ,千葉県,ミヤマ自動車販売 本店
4625,156.6,83000,7,0,1,1,1,銀Ｍ,広島県,広島トヨタ自動車 三次店
4626,257.4,28000,3,1,1,1,1,緑,兵庫県,あっぷる関西　神戸有馬店 軽自動車専門店
4627,284.4,36000,3,0,1,1,1,黒,京都府,京都トヨタ自動車（株） 亀岡店
4628,276.2,50000,3,0,1,1,1,薄茶,大分県,トヨタカローラ大分 臼杵店
4629,309.9,23000,3,0,0,1,0,黒,石川県,フェニックス　石川金沢駅西店
4630,263.6,23000,2,0,0,0,1,赤Ｍ,山口県,トヨタカローラ山口 下関マイカーセンター
4631,95.8,76000,10,0,1,0,1,銀Ｍ,長崎県,トヨタカローラ長崎 諫早店
4632,253.3,19000,4,0,1,1,1,青灰,長崎県,トヨタカローラ長崎 大村店
4633,283.1,34000,4,0,1,1,1,緑,香川県,ネッツトヨタ香川 Ｕステージ丸亀
4634,159,22000,8,0,1,0,1,真珠白,福岡県,（株）猪口自動車
4635,119.6,64000,10,0,1,0,1,黄,山形県,（株）Ｃａｒ　Ｐｏｒｔ　ＪＡＣＫ　カーポートジャック
4636,239.6,51000,3,0,0,0,1,黒,埼玉県,エスティーエス　川越店
4637,240,17000,3,1,0,1,1,白真珠,愛知県,Ａｕｔｏ　ｚｏｏｍ　オートズーム
4638,224.8,39000,6,0,1,1,1,真珠,熊本県,ＧＣ菊陽　カーパルコ熊本
4639,337.4,10,0,0,1,1,1,白,香川県,有限会社　オートマックス
4640,320,5000,1,0,1,1,1,薄緑,北海道,車検のコバック北見店【ＪＵ適正販売店】
4641,264.2,57000,3,0,1,1,1,薄緑,徳島県,トヨタカローラ徳島 藍住・板野店
4642,70,111000,10,1,1,0,1,黒,香川県,クルマヤ　ミヤワキ
4643,110,80000,11,0,1,0,1,黒,熊本県,Ｍガレージ　フォレストリバー有限会社
4644,106.4,70000,10,0,1,0,1,黒Ｍ,大阪府,飯田自動車
4645,260.5,35000,3,0,1,1,1,真珠Ｍ,長野県,長野トヨタ チューカーボックス上田店
4646,135,50000,10,0,1,0,1,茶真珠,広島県,アピスタ 蔵王店
4647,202.2,30000,5,0,1,0,1,茶,愛媛県,トヨタカローラ愛媛（株） 中央通店
4648,239.8,36000,3,0,1,0,1,赤Ｍ,神奈川県,カーショップＷＩＬＬ 小田原店
4649,170,43000,8,0,1,1,1,青,千葉県,トヨタカローラ千葉 新港マイカーセンター
4650,109.8,95000,9,0,1,0,1,青,北海道,カーセブン　札幌北店　日免オートシステム
4651,238,27000,4,1,1,1,1,深緑,岡山県,Ｊｏｙｃａｒ
4652,256.2,46000,4,0,1,1,1,黒,埼玉県,ユーパーク スクウェアー店　ＪＵ適正販売店
4653,250,72000,3,0,1,1,1,薄緑,青森県,ネッツトヨタみちのく Ｕ－ＭＡＸ弘前
4654,116,27000,10,0,1,0,0,青Ｍ,埼玉県,ラビット 狭山入曽店　自動車販売部
4655,283.7,24000,4,0,0,1,0,黒,栃木県,ケーユー 宇都宮インターパーク店
4656,79.8,106000,10,1,1,1,1,銀Ｍ,栃木県,ＣＲＵＥＺ 鹿沼店
4657,190.7,74000,4,0,1,1,1,真珠Ｍ,青森県,トヨタカローラ八戸 Ｕ－ＭＡＸむつ
4658,149,57000,10,0,1,1,1,黒Ｍ,徳島県,ＴｏｔａｌＣａｒＰｒｏｄｕｃｅ　３９Ｆａｃｔｏｒｙ
4659,180,40000,8,0,0,1,1,紫,新潟県,フリーメーカー
4660,49,120000,16,0,1,0,1,銀,鹿児島県,永田モータース 金峰店
4661,252.2,38000,3,0,1,0,1,薄緑,滋賀県,ネッツトヨタびわこ（株）ＷＯＯＤＹ＋Ｐｌｕｓ
4662,292.8,33000,3,0,1,1,1,黒,広島県,ガリバー 広島県　先行登録店
4663,276.4,57000,4,0,1,1,1,緑,岩手県,トヨタカローラ岩手（株） 宮古店
4664,247.2,16000,2,1,0,1,1,真珠白,千葉県,オリンピアオート 八街店
4665,284.7,33000,4,0,1,1,1,薄茶,滋賀県,ネッツトヨタびわこ（株）ＷＯＯＤＹ＋Ｐｌｕｓ
4666,138.4,65000,9,0,1,0,1,白真珠,千葉県,オートバックスカーズ かしわ大井
4667,244.8,49000,4,0,1,0,1,薄茶,広島県,ガリバー 広島県　先行登録店
4668,145.3,86000,6,0,1,1,1,黒Ｍ,福岡県,オートステーション　人気のミニバン専門店　ＪＵ適正販売店
4669,209.6,11000,6,0,1,1,1,白真珠,大阪府,大阪トヨペット（株） 高槻店
4670,260.9,22000,4,0,1,1,1,深灰,静岡県,（株）トヨタユーゼック　カーロッツ浜松
4671,127.7,65000,10,0,1,0,1,赤紫,静岡県,コーヨー自販 静岡ＳＢＳ通り本店
4672,145.1,45000,8,0,0,0,1,青Ｍ,群馬県,カーリーグ 前橋店
4673,159.6,67000,9,0,1,1,1,赤,鹿児島県,株式会社奄美マイカーセンター
4674,190,22000,6,0,1,0,1,白真珠,滋賀県,トヨタカローラ滋賀（株） Ｕ－ＢＯＯＴＨ　米原
4675,131.5,56000,10,0,0,0,1,白真珠,広島県,シュトラーゼ広島　海田ＢＡＳＥ
4676,115.1,70000,11,0,1,0,1,青,千葉県,トヨタカローラ千葉 成田マイカーセンター
4677,209.8,13000,4,1,1,0,1,真珠白,愛知県,コバックカーズ 豊田高原店
4678,274.9,19000,3,0,1,1,1,青II,京都府,トヨタカローラ京都（株） 八幡店
4679,129.8,79000,9,0,0,1,1,紫,千葉県,オートネスト印西
4680,62,62000,14,0,1,0,1,灰Ｍ,長野県,（株）アクセル　くるまの窓口
4681,245.9,34000,3,1,0,1,0,深灰,富山県,フェニックス　北陸高岡店
4682,134.5,44000,10,0,1,0,1,白真珠,福島県,ネッツトヨタ福島（株） オンリー鎌田店
4683,133.8,89000,9,0,1,1,1,茶,沖縄県,ガリバー 沖縄県　先行登録店
4684,149.6,52000,7,0,1,0,1,青Ｍ,石川県,（株）石川トヨペットカローラ 津幡バリュー店
4685,145,59000,9,0,1,1,1,赤紫,鹿児島県,浜田（博）自動車
4686,246.9,54000,4,0,1,1,1,赤Ｍ,宮城県,ネッツトヨタ仙台 マイカー名取センター
4687,237.7,22000,4,0,1,1,1,白真珠,埼玉県,チューブ ＢＣＮ入間
4688,190.5,11000,5,0,1,0,1,赤Ｍ,千葉県,千葉トヨタ自動車 アレス茂原
4689,265.9,54000,3,0,0,1,0,緑,山梨県,フェニックス　甲府甲斐店
4690,93,80000,11,0,1,0,1,黒Ｍ,新潟県,ブロス新潟 訳あり車専門店
4691,132.3,121000,6,0,1,1,1,銀Ｍ,福岡県,オートステーション　人気のミニバン専門店　ＪＵ適正販売店
4692,208.7,35000,5,0,1,0,1,銀Ｍ,宮城県,ネッツトヨタ仙台 マイカー黒松センター
4693,124.8,67000,10,0,1,0,1,白真珠,神奈川県,カーショップＷＩＬＬ 小田原店
4694,86.6,48000,14,0,1,0,1,白真珠,長崎県,ポールポジション長崎
4695,118,84000,11,0,1,1,1,黄,大分県,西日本自動車 本店
4696,164.6,55000,7,0,1,0,1,黒Ｍ,高知県,ネッツトヨタ高知 高須店
4697,75.1,85000,12,0,1,0,1,赤紫,千葉県,トヨタカローラ千葉 新港マイカーセンター
4698,147.9,77000,8,0,1,1,1,緑Ｍ,高知県,ネッツトヨタ南国 のいち青空店
4699,183,69000,4,0,1,1,1,銀Ｍ,兵庫県,（有）コスモスオート津名
4700,56,51000,18,0,1,0,1,白真珠,大阪府,ＬＵＰＵＳ　Ａｕｔｏ　ルプスオート
4701,79.8,107000,10,0,1,0,1,銀,埼玉県,弘・リフォーム
4702,99.8,100000,10,1,1,1,1,黒,熊本県,ＢＵＤＤＩＣＡ　（バディカ） 熊本北支社
4703,346.4,5,1,0,1,1,1,真珠Ｍ,福岡県,朝日自動車　新車館
4704,289,7000,3,0,1,1,1,薄茶,福岡県,（株）安藤商会
4705,173.1,54000,5,0,1,0,1,薄灰青,滋賀県,トヨタカローラ滋賀（株） Ｕ－ＢＯＯＴＨ　甲賀
4706,187.6,38000,6,0,1,0,1,真珠Ｍ,広島県,広島トヨタ自動車 尾道店
4707,100.2,92000,10,0,1,0,1,茶Ｍ,千葉県,Ｖａｌｕｅ　Ｏｎｅ　バリューワン 千葉店
4708,212.8,29000,5,0,1,1,1,茶Ｍ,東京都,トヨタＳ＆Ｄ西東京 Ｕ－Ｃａｒ武蔵村山店
4709,78,118000,9,1,0,1,1,青Ｍ,埼玉県,Ｙ・Ｍカーキチ
4710,67.2,132000,10,0,1,0,1,黒Ｍ,埼玉県,オートショップ　イープレイス
4711,287.7,32000,3,0,1,1,1,薄茶,千葉県,千葉トヨタ自動車 千葉ニュータウン
4712,168.1,61000,8,0,1,0,1,茶真珠,徳島県,ネッツトヨタ徳島 ララテラス国府
4713,125.6,45000,9,0,0,0,1,銀Ｍ,群馬県,カーリーグ 前橋店
4714,137.5,79000,7,0,1,0,1,青Ｍ,千葉県,千葉トヨタ自動車 アレス茂原
4715,137.2,59000,9,0,1,0,1,真珠,広島県,カープール芦品
4716,145.9,67000,10,0,1,0,1,茶Ｍ,石川県,石川トヨタ自動車（株） 加賀店
4717,274.8,40000,4,0,1,1,1,真珠Ｍ,愛媛県,愛媛トヨタ自動車 三島・川之江店
4718,299.6,12000,2,0,1,1,1,真珠Ｍ,静岡県,（株）トヨタユーゼック　カーロッツ浜松
4719,168,72000,7,0,1,1,1,銀,鹿児島県,マルエイ自動車 オートピア２１　鹿児島店
4720,299.8,43000,2,0,1,1,1,灰,熊本県,ＢＵＤＤＩＣＡ　（バディカ） 熊本北支社
4721,305.6,16000,2,0,1,1,1,黒,長野県,長野トヨタ チューカーボックス安曇店
4722,166.8,25000,8,0,1,0,1,青,広島県,ダイハツ広島販売 ネットステーション入野
4723,234,8000,2,1,1,0,1,真珠,埼玉県,Ｚ　ＭＯＴＯＲＳ
4724,197.4,31000,5,0,1,1,1,赤,茨城県,茨城トヨタ自動車株式会社 鹿島店
4725,159.4,39000,8,1,1,1,1,真珠,徳島県,あっぷる関西　徳島藍住店
4726,209.8,28000,3,1,1,0,1,薄茶,愛知県,コバックカーズ 豊田高原店
4727,173.1,22000,8,0,1,0,1,茶,愛知県,ガリバー 愛知県　先行登録店
4728,187.8,65000,7,0,1,1,1,茶Ｍ,宮城県,ネッツトヨタ仙台 マイカー太白２８６センター
4729,192,39000,7,0,1,1,1,真珠II,香川県,トヨタカローラ香川 善通寺インター店
4730,298.8,19000,3,0,1,1,1,薄緑,広島県,ガリバー 広島県　先行登録店
4731,140,43000,7,1,0,1,1,青Ｍ,兵庫県,ＣＡＲ　ＭＩＮＤ　カーマインド
4732,297.3,975,1,1,1,1,1,白真珠,兵庫県,あっぷる関西　神戸有馬店 軽自動車専門店
4733,217.9,23000,5,0,1,1,1,黒Ｍ,静岡県,ネッツトヨタ静浜（株） 南安倍店
4734,305,23000,3,0,1,1,1,薄緑,香川県,三好自動車
4735,211.9,17000,6,0,1,0,1,黒Ｍ,埼玉県,チューブ 北本店
4736,108,104000,10,0,1,1,1,白真珠,岡山県,有限会社カープラザ操南
4737,294.8,10000,3,0,1,1,1,薄茶,東京都,トヨタＳ＆Ｄ西東京 Ｕ－Ｃａｒ横田ベースサイド
4738,262,18000,3,0,1,0,1,緑,大分県,トヨタカローラ大分 萩原店
4739,160.8,62000,8,1,1,0,1,紫,岩手県,旭自動車工業（株） ＯＮＩＸ一関店
4740,171.1,35000,8,0,1,0,1,赤,千葉県,トヨタカローラ千葉 船橋北口マイカーセンター
4741,227.9,51000,3,0,1,0,1,黒,山口県,トヨタカローラ山口 徳山マイカーセンター
4742,247.9,37000,3,1,1,1,1,真珠Ｍ,長崎県,トヨタカローラ長崎 時津店
4743,65.8,11000,15,0,1,0,1,銀,兵庫県,おくるまネットワーク
4744,115.8,49000,10,0,1,0,1,茶,愛知県,コバックカーズ 岡崎店
4745,128,77000,9,0,1,0,1,赤Ｍ,大分県,西日本自動車 本店
4746,304.8,24000,2,0,1,1,1,薄茶,滋賀県,ネッツトヨタびわこ（株）ＷＯＯＤＹ＋Ｐｌｕｓ
4747,249.8,44,1,0,1,0,1,薄茶,埼玉県,届出済未使用車専門店　パッカーズ　所沢新座店
4748,306.7,18000,3,0,1,1,1,緑,熊本県,ガリバー 熊本県　先行登録店
4749,301.1,26000,2,0,1,1,1,黒,神奈川県,トヨタモビリティ神奈川 中古車タウン横須賀久里浜
4750,93.5,91000,11,0,1,0,1,真珠Ｍ,三重県,三重トヨペット（株） 鈴鹿神戸店
4751,128,62000,10,0,1,0,1,白真珠,岡山県,ＡＪ安達太陽自動車
4752,271.6,41000,4,0,1,1,1,真珠Ｍ,茨城県,トヨタカローラ南茨城 みどりの店
4753,289.1,32000,3,0,1,1,1,緑,香川県,ネッツトヨタ香川 Ｕステージ空港通り
4754,148,97000,6,0,1,1,1,真珠Ｍ,新潟県,トヨタカローラ新潟 巻店
4755,79.9,72000,11,1,1,0,1,銀Ｍ,埼玉県,ドロップイン
4756,279,16000,3,0,1,1,1,白真珠,静岡県,ウェルモビリティ　牧之原店 （福祉車両ヤマシタオート）
4757,140.6,64000,9,0,1,0,1,黒Ｍ,大阪府,大阪トヨペット（株） 泉北八田店
4758,304.9,26000,4,0,1,1,1,灰濃,沖縄県,沖縄トヨタ自動車株式会社 トヨタウン八重山支店
4759,294.4,28000,3,0,1,1,1,薄緑,富山県,オートバックス・カーズ 富山南
4760,253.9,12000,4,0,1,0,1,深灰,大阪府,大阪トヨペット（株） Ｕ－Ｃａｒランド岸和田店
4761,248,83000,4,0,1,1,1,白真珠,北海道,ネッツトヨタ札幌（株） 中古車藻岩店
4762,133.8,74000,10,0,1,1,1,黒Ｍ,岡山県,ｍｍＡｍ【エムエムエーエム】
4763,105.9,50000,11,1,1,0,1,赤,静岡県,（株）永倉商会 本社
4764,91,98000,11,1,0,1,1,茶,福島県,フラッシュワン
4765,87.9,34000,15,0,1,0,1,真珠Ｍ,千葉県,トヨタカローラ千葉 習志野マイカーセンター
4766,115.8,141000,8,0,1,0,1,白真珠,秋田県,（有）パキザ商事 中古車センターカスワ追分店
4767,55,38000,15,1,0,0,1,赤茶Ｍ,宮城県,Ｏｐａｒｔｓ　オーパーツ 古川店
4768,142.5,72000,7,0,1,0,1,真珠Ｍ,千葉県,千葉トヨタ自動車 アレス穴川
4769,159.8,46000,10,0,1,1,1,銀,愛媛県,ＢＵＤＤＩＣＡ（バディカ） 西条支社
4770,339,17000,2,0,1,1,1,真珠Ｍ,北海道,（株）タクコーポレーション
4771,132.8,83000,9,0,1,1,1,茶真珠,静岡県,エスプリ
4772,129.8,62000,11,0,1,1,1,白真珠,広島県,ＥＮＧＩＮＥ～車買取専門店～
4773,259.9,33000,4,0,0,1,0,深灰,石川県,フェニックス　石川金沢店
4774,79.9,155000,11,0,1,1,1,茶真珠,福岡県,エイチ・アンド・エム　福岡　プリウス店
4775,284.4,27000,3,0,1,1,1,黒,京都府,京都トヨタ自動車（株） 中丹店
4776,339.4,10000,1,0,1,1,1,黒,沖縄県,沖縄トヨタ自動車株式会社 トヨタウン浦添店
4777,257.1,31000,3,0,1,0,1,黒,高知県,高知トヨタ自動車 須崎店
4778,138,56000,10,0,1,1,1,白,山梨県,ＧＡＲＡＧＥ　ＭＩＳＡＫＡ
4779,138,85000,7,0,1,0,1,黒,和歌山県,株式会社オレンジワークス
4780,291.4,17000,4,0,1,1,1,黒,広島県,ガリバー 広島県　先行登録店
4781,165,47000,5,1,1,0,1,真珠II,兵庫県,兵庫トヨタ自動車（株） マイカーランド西宮
4782,250.9,45000,4,0,1,1,1,薄緑,石川県,ネッツトヨタ石川（株） Ｕ－Ｃａｒシャンツェ鞍月
4783,278.8,39000,3,0,1,1,1,黒,宮城県,有限会社　ガーデンオート 宮城インター店
4784,294.3,11000,3,0,1,1,1,黒,千葉県,千葉トヨタ自動車 アレス船橋
4785,208.2,70000,6,0,1,1,1,赤,千葉県,トヨタカローラ千葉 都町マイカーセンター
4786,118.7,63000,8,0,1,0,1,黒Ｍ,長崎県,トヨタカローラ長崎 時津店
4787,174.3,51000,8,0,1,0,1,黒,千葉県,トヨタカローラ千葉 習志野マイカーセンター
4788,140.7,71000,9,0,1,1,1,真珠Ｍ,千葉県,千葉トヨタ自動車 アレス東金
4789,170.5,21000,9,0,1,0,1,真珠Ｍ,千葉県,千葉トヨタ自動車 アレス茂原
4790,144.9,41000,10,0,1,0,1,真珠Ｍ,北海道,ネッツトヨタ札幌（株） 中古車あつべつ店
4791,158.8,39000,7,1,1,1,1,茶,岐阜県,コバックカーズ 岐阜店
4792,253,3000,4,0,1,0,1,黒,三重県,トヨタカローラ三重（株） トヨタカローラ三重　尾鷲店
4793,269.4,16000,4,0,1,0,1,灰濃,沖縄県,沖縄トヨタ自動車株式会社 トヨタウン北谷店
4794,129.8,55000,10,0,1,0,1,青Ｍ,福岡県,オートバジェット
4795,279,6000,3,0,1,1,1,真珠白,長野県,小川オート販売商会
4796,35,124000,20,0,1,0,1,白,北海道,ゴッド自動車
4797,128.2,19000,10,0,0,0,1,銀,山口県,オートテックケン
4798,168.3,53000,8,0,1,0,1,青Ｍ,沖縄県,沖縄トヨタ自動車株式会社 トヨタウン糸満店
4799,155.1,86000,8,0,1,1,1,黒Ｍ,広島県,アピスタ 蔵王店
4800,223,4000,3,1,1,0,1,白真珠,埼玉県,Ｚ　ＭＯＴＯＲＳ
4801,129.3,80000,9,0,1,0,1,白真珠,滋賀県,ネッツトヨタびわこ（株）ＷＯＯＤＹ＋Ｐｌｕｓ
4802,230.9,15000,3,0,0,0,1,薄緑,東京都,ケーユー 本店
4803,94,104000,10,0,0,1,1,白真珠,福島県,フラッシュワン
4804,290.5,41000,3,0,1,1,1,黒,茨城県,トヨタカローラ新茨城 水戸千波店
4805,215.4,59000,4,0,1,1,1,黒Ｍ,徳島県,ネッツトヨタ徳島 Ｕ－ＣａｒＳｈｏｐ藍住店
4806,233.8,39000,4,0,1,0,1,薄茶,山口県,株式会社大島商会
4807,55,55000,17,0,0,0,1,薄茶,神奈川県,大和ベース
4808,256.8,40000,4,0,1,0,1,赤灰Ｍ,大阪府,大阪トヨペット（株） Ｕ－Ｃａｒランド外環東大阪店
4809,125.9,52000,11,0,0,1,1,黒Ｍ,石川県,フェニックス　石川金沢店
4810,278.5,42000,4,0,1,1,1,薄灰青,福井県,福井トヨタ 小浜インター店
4811,127.9,86000,11,0,1,1,1,白真珠,千葉県,アップステージ
4812,198.2,15000,5,0,1,0,1,薄茶,京都府,ネッツトヨタヤサカ（株） 山科店
4813,123.9,35000,10,0,1,0,1,白真珠,佐賀県,コバタコーポレーション 鳥栖店
4814,130,65000,10,0,1,0,1,真珠,三重県,名港モーターズ株式会社　長島支店
4815,159,27000,8,0,1,0,1,銀Ｍ,愛知県,ＮＴＰ名古屋トヨペット（株） 高岡店
4816,339.8,103,1,0,0,1,1,黒,栃木県,都賀自動車
4817,291.1,25000,2,0,1,1,1,緑,神奈川県,トヨタモビリティ神奈川（旧ネッツトヨタ湘南） 中古車タウン鵜野森
4818,300.4,7000,2,0,1,1,1,黒,愛知県,ＮＴＰ名古屋トヨペット（株） 三ノ輪店
4819,246,54000,3,0,1,0,1,黒,沖縄県,沖縄トヨタ自動車株式会社 トヨタウンうるま江洲店
4820,268.7,40000,3,0,1,1,1,赤Ｍ,長崎県,トヨタカローラ長崎 佐世保相浦店
4821,283.8,5000,3,0,1,1,1,赤,東京都,ガリバー 先行登録店
4822,288.6,22000,3,0,1,1,1,薄茶,静岡県,トヨタユナイテッド静岡 御殿場ながはら店
4823,303.8,24000,3,0,1,1,1,真珠Ｍ,石川県,（株）石川トヨペットカローラ 津幡バリュー店
4824,316.4,19000,3,0,1,0,1,黒,静岡県,ガリバー 静岡県　先行登録店
4825,227.8,73000,4,0,1,1,1,青灰,沖縄県,沖縄トヨタ自動車株式会社 トヨタウンとよさき店
4826,266.4,8000,4,0,1,0,1,真珠Ｍ,沖縄県,沖縄トヨタ自動車株式会社 トヨタウン宮平店
4827,179,30000,5,0,1,0,1,真珠Ｍ,静岡県,トヨタユナイテッド静岡 浜松宮竹店
4828,186.9,76000,5,0,1,1,1,真珠Ｍ,静岡県,ネッツトヨタ静浜（株） 沓谷店
4829,159.3,49000,6,1,1,0,1,真珠青,栃木県,（株）ホンダモビリティ北関東 ネットギャラリー
4830,194.8,18000,6,0,1,0,1,銀Ｍ,沖縄県,沖縄トヨタ自動車株式会社 トヨタウンとよさき店
4831,152.9,75000,7,0,1,0,1,赤ＭII,山口県,山口トヨペット 防府マイカーセンター
4832,169.6,3000,7,0,1,0,1,真珠Ｍ,鹿児島県,鹿児島トヨペット株式会社 国分マイカーセンター
4833,177.7,72000,7,0,1,1,1,赤黒II,静岡県,東山モータース 磐田西店
4834,89.8,137000,8,0,0,0,1,紫,富山県,ＬＩＥＮ　ＣＯＮＮＥＣＴ（リアンコネクト）富山店
4835,96.8,94000,8,0,0,0,1,白真珠,長野県,アクロスオート 塩尻店
4836,118,100000,8,0,1,1,1,赤,宮崎県,オートピア２１ 都城店
4837,109.8,56000,9,0,1,0,1,銀,宮城県,オスカー仙台
4838,159.8,65000,9,0,1,1,1,真珠,東京都,ガリバー 先行登録店
4839,117.4,87000,10,0,1,0,1,白真珠,新潟県,カーセブン 新潟中央店
4840,99,104000,11,0,1,1,1,黒,石川県,ＣＡＲ倶楽部
4841,234.9,42000,4,1,0,1,0,緑,山梨県,フェニックス　甲府甲斐店
4842,270.3,23000,3,0,1,0,1,真珠Ｍ,千葉県,ネッツトヨタ千葉 浦安駅前店
4843,260.8,27000,4,0,1,0,1,黒,福井県,ネッツトヨタ福井 春江店
4844,142,31000,10,0,1,0,1,白真珠,千葉県,チェンジ
4845,85.9,92000,10,0,1,0,1,白真珠,福岡県,福岡トヨタ自動車 福岡トヨタ特選展示場　糸島
4846,222.8,18000,5,0,1,1,1,黒Ｍ,東京都,トヨタＳ＆Ｄ西東京 Ｕ－Ｃａｒ由木店
4847,183.8,27000,6,0,1,0,1,銀Ｍ,沖縄県,沖縄トヨタ自動車株式会社 トヨタウン糸満店
4848,281.9,51000,4,0,1,1,1,緑,長崎県,トヨタカローラ長崎 東長崎店
4849,317.3,3000,2,0,1,1,1,真珠,茨城県,イタコ自販 本社
4850,279.8,28000,3,0,1,1,1,深灰,宮城県,有限会社　ガーデンオート 宮城インター店
4851,181.1,46000,7,0,1,0,1,黒,千葉県,トヨタカローラ千葉 塩浜展示場
4852,117.3,83000,9,0,1,0,1,真珠Ｍ,新潟県,トヨタカローラ新潟 Ｕ－Ｃａｒ新発田店
4853,73.5,62000,14,0,1,0,1,白真珠,神奈川県,ＣＡＲ　ＨＩＳＴＯＲＹ　（カーヒストリー）
4854,357.4,3000,1,0,0,1,1,緑灰II,千葉県,ケーユー 千葉ニュータウン店
4855,287.4,35000,3,0,1,1,1,黒,千葉県,ツチヤ自動車 茂原店
4856,98.8,86000,10,1,1,1,1,真珠白,静岡県,Ｃａｓｔ 浜松店
4857,198.8,47000,5,0,1,0,1,薄茶,兵庫県,森本自動車　ＪＵ適正販売店
4858,78,159000,11,0,0,1,1,黄,神奈川県,スマイルカーズ
4859,300,30000,2,0,1,1,1,深灰,熊本県,オートベル 東バイパス店
4860,69.1,126000,11,0,1,0,1,青Ｍ,富山県,ナイン自動車　ＴＡＸ富山中央店
4861,194.7,40000,8,0,1,1,1,白真珠,京都府,ガリバー 京田辺店／ヤサカ石油株式会社
4862,118,76000,10,0,1,0,1,黒Ｍ,山口県,ネッツトヨタ山口 平生マイカーセンター
4863,130.5,75000,10,0,1,1,1,青,宮城県,（株）若松自動車商会 仙台本店
4864,309.1,19000,3,0,1,1,1,黒,千葉県,トヨタカローラ千葉 木更津マイカーセンター
4865,169,65000,9,0,1,1,1,銀Ｍ,熊本県,カーワールド荒尾店
4866,157.2,42000,5,1,1,0,1,真珠,埼玉県,ユーパーク スクウェアー店　ＪＵ適正販売店
4867,284.7,34000,3,0,1,1,1,灰濃,広島県,広島トヨタ自動車 五日市店
4868,225.9,37000,5,0,1,1,1,白真珠,静岡県,（株）トヨタユーゼック　カーロッツ浜松
4869,174.1,49000,6,1,1,1,1,真珠,兵庫県,（株）あっぷる　関西　姫路太子店
4870,367.6,11,1,0,0,1,1,真珠Ｍ,東京都,ケーユー 本店
4871,367.6,11,1,0,0,1,1,真珠Ｍ,東京都,ケーユー 本店
4872,258.7,36000,4,0,1,0,1,黒,千葉県,ネッツトヨタ千葉 袖ヶ浦店
4873,309.5,25000,3,0,1,1,1,真珠,長崎県,ＧＣ相浦　カービック店　株式会社エイコー商事
4874,187.6,47000,6,0,1,0,1,黒Ｍ,広島県,広島トヨタ自動車 西風新都
4875,120,75000,11,0,1,1,0,青,宮崎県,オートピア２１ 都城店
4876,309.6,12000,2,0,0,1,1,薄緑,香川県,カークロス高松＆シーボーイ香西店
4877,156.2,77000,7,0,1,0,1,茶Ｍ,鹿児島県,ネッツトヨタ鹿児島株式会社 城南シーサイド店
4878,38.5,95000,20,0,0,0,1,灰Ｍ,栃木県,Ｓ・Ｅ・Ｓ
4879,137,70000,9,1,1,0,1,黒,北海道,Ｃａｒ　ｓｈｏｐ　ＭＩＳＳＩＯＮ
4880,256.1,18000,3,0,1,1,1,緑,鹿児島県,株式会社スズキ自販鹿児島 スズキアリーナ川内
4881,218,44000,5,0,1,1,1,薄茶,鹿児島県,新園自動車 栗野インター店
4882,130.9,129000,7,0,1,0,1,銀Ｍ,山口県,山口トヨペット 綾羅木マイカーセンター
4883,107.9,115000,9,0,1,0,1,黄,北海道,ネッツトヨタ札幌（株） 中古車あつべつ店
4884,286,36000,4,0,1,1,1,灰,東京都,ガリバー 先行登録店
4885,160,39000,9,0,1,1,1,灰,愛知県,（株）Ｗｉｎプラス
4886,154.9,47000,7,1,1,1,1,真珠,埼玉県,ユーパーク スクウェアー店　ＪＵ適正販売店
4887,138.6,38000,10,0,1,0,1,銀,広島県,ダイハツ広島販売 ネットステーション入野
4888,283.4,47000,3,0,1,1,0,真珠,山形県,（株）カーサービス山形 本社・山形店
4889,162,12000,10,0,1,0,0,銀,青森県,カースーパー 東バイパス店
4890,217.6,30000,5,0,1,0,1,黒,東京都,ガリバー 先行登録店
4891,298,41000,4,0,1,1,1,黒,北海道,カーセブン苫小牧店
4892,80.7,108000,11,0,1,0,1,銀,山形県,（株）スリーエー自動車販売
4893,120,82000,10,0,1,0,1,赤ＭＭ,山口県,ネッツトヨタ山口 平生マイカーセンター
4894,69.7,82000,12,1,1,0,1,銀Ｍ,北海道,（有）カーディラーモリタ
4895,118,39000,11,0,1,0,1,黒Ｍ,山形県,（株）ヴィヴィットコレクション
4896,178.1,20000,7,0,1,0,1,青,香川県,坂出自動車 福祉車両専門店
4897,139.8,71000,8,0,1,1,1,赤,愛知県,コバックカーズ 一宮店
4898,105,100000,11,0,1,1,1,黒黒,茨城県,エム・エス・シー
4899,101.3,98000,10,0,1,0,1,黒,大分県,株式会社ＣＡＲフレンド
4900,357,2,1,0,1,1,1,灰,千葉県,Ｍ’ｚ　ＳＰＥＥＤ　ＣＨＩＢＡ／エムズスピード千葉
4901,190,41000,7,0,1,1,1,真珠白,鹿児島県,有限会社杉元自動車
4902,190,55000,8,0,1,1,1,真珠白,石川県,ＣＡＲ倶楽部
4903,237.9,96000,4,0,1,1,1,青灰,鳥取県,鳥取トヨタ自動車 千代水店
4904,189.8,26000,7,0,1,0,1,薄茶,岡山県,ＢＵＤＤＩＣＡ（バディカ） 倉敷支社
4905,281.3,6000,2,0,1,1,1,黒,静岡県,トヨタカローラ静岡（株） 富士マイカーセンター
4906,275,15000,2,0,1,1,1,緑,和歌山県,（有）エルエーファクトリー　バン・トラック商用車専門店
4907,350.1,4,1,0,1,1,1,黒,長崎県,ＧＣ相浦　株式会社エイコー商事
4908,279.8,47000,4,0,1,1,1,真珠,兵庫県,ＢＵＤＤＩＣＡ（バディカ） 姫路支社
4909,274.2,70,1,0,0,0,1,真珠Ｍ,新潟県,富江産業
4910,200,33000,7,0,1,1,1,真珠Ｍ,群馬県,群馬トヨタ自動車 館林インター店
4911,244.1,21000,5,0,1,0,1,真珠,埼玉県,チューブ 蓮田店
4912,299.8,22000,3,0,1,1,1,灰濃,石川県,（株）石川トヨペットカローラ 金沢南中央店中古車
4913,145.1,57000,9,0,1,0,1,黒Ｍ,大阪府,大阪トヨペット（株） 名神吹田店
4914,316.6,11000,2,0,1,1,1,赤灰Ｍ,愛媛県,ネッツトヨタ愛媛 宇和島
4915,239.5,5000,4,0,1,1,1,黄,富山県,トヨタモビリティ富山 Ｓｅｕｌ高岡南・中古車Ｇａｒａｇｅ高岡
4916,164,52000,10,0,0,1,1,黒Ｍ,福岡県,ＫＡＳＵＹＡ
4917,149,60000,9,0,1,1,1,黒Ｍ,石川県,マネジメントシェア
4918,139.2,42000,10,0,1,1,1,白真珠,神奈川県,（株）ホンダカーズ中央神奈川 Ａｕｔｏ　Ｇａｌｌｅｒｙ　渋谷
4919,115.9,89000,10,1,1,1,1,白真珠,愛媛県,ＬａｂｅＬ（レイベル）
4920,278.7,50000,4,0,1,1,1,真珠Ｍ,千葉県,ネッツトヨタ千葉 成東店
4921,74.8,60000,14,0,1,0,1,黒Ｍ,東京都,スズキ東村山販売 有限会社金子自動車工業
4922,177.1,700,7,1,1,0,0,白真珠,千葉県,自社ローン・自社リース取扱店ＣＡＲＭＡＸ（カーマックス）
4923,184.6,53000,7,0,1,1,1,銀Ｍ,静岡県,ネッツトヨタ静浜（株） 葵町店
4924,120,41000,11,0,1,0,1,白真珠,千葉県,株式会社オートステーション
4925,124.8,75000,9,0,1,0,1,黒Ｍ,神奈川県,カーショップＷＩＬＬ 海老名座間店
4926,199.8,53000,4,0,1,0,1,薄茶II,山口県,トヨタカローラ山口 山口マイカーセンター
4927,187.7,33000,8,0,1,0,1,黒Ｍ,広島県,ガリバー 東広島西条ＩＣ店／株式会社ＳＡＮＫＹＯ
4928,25,186000,22,1,0,0,1,銀Ｍ,熊本県,テクニカルショップ　ドリーム
4929,137,76000,8,0,1,0,1,真珠,香川県,（株）カナマル
4930,171.6,64000,7,0,1,1,1,銀,兵庫県,ガリバー 兵庫県　先行登録店
4931,297.8,12000,3,0,1,1,1,深灰,富山県,クリーンカーライフ
4932,178.6,15000,5,0,1,0,1,真珠Ｍ,千葉県,ネッツトヨタ千葉 鎌ヶ谷店
4933,260.6,6000,3,0,1,0,1,薄茶,富山県,トヨタモビリティ富山 中古車Ｇａｒａｇｅ山室
4934,167.8,61000,10,0,1,1,1,黒Ｍ,宮城県,カープラザワールド 仙台南インター店
4935,69,111000,10,0,0,0,1,赤Ｍ,大分県,イスラミック　トレーディング　カンパニー（株）
4936,172.5,31000,9,0,1,1,1,茶Ｍ,千葉県,千葉トヨタ自動車 アレス東金
4937,221.9,28000,6,0,1,1,1,薄茶,埼玉県,チューブ 坂戸店
4938,138.9,62000,10,0,1,0,1,赤Ｍ,新潟県,ラビット ながおか花火館前店
4939,127.2,107000,6,1,1,1,1,薄茶,福岡県,カースペースＺＥＲＯ　ＪＵ適正販売店
4940,63.3,57000,11,1,0,0,1,赤紫Ｍ,埼玉県,ＥＮＤＬＥＳＳ，ＬＬＣ
4941,285.9,34000,4,0,1,1,1,緑,東京都,ガリバー 先行登録店
4942,83,128000,10,0,0,1,1,茶,新潟県,ＢＵＬＫＨＥＡＤ　バルクヘッド
4943,239.3,58000,3,0,1,1,1,真珠Ｍ,和歌山県,トヨタカローラ和歌山 北島店
4944,70,58000,16,0,0,0,1,薄茶黒,長野県,カーライフ信州
4945,298,29000,3,0,0,1,1,緑,香川県,（有）カー工房
4946,155,51000,6,1,1,0,1,銀Ｍ,兵庫県,兵庫トヨタ自動車（株） マイカーランド西宮
4947,299.8,14000,3,0,1,1,1,灰濃,石川県,（株）石川トヨペットカローラ 金沢本店中古車
4948,221.8,57000,3,0,1,0,1,薄茶,香川県,ネッツトヨタ高松 マロニエ店
4949,140.6,44000,11,0,1,1,1,銀Ｍ,広島県,広島トヨタ自動車 呉店
4950,137.5,86000,8,0,1,0,1,銀,北海道,函館トヨタ自動車（株） ニューロード店
4951,243.3,29000,4,0,1,0,1,真珠Ｍ,愛知県,ＮＴＰ名古屋トヨペット（株） 春日井店
4952,135.9,60000,9,0,0,0,0,黒Ｍ,富山県,フェニックス　北陸富山店
4953,158.1,101000,5,0,1,1,1,黒,千葉県,トヨタカローラ千葉 習志野マイカーセンター
4954,130.6,70000,11,0,1,1,1,銀Ｍ,大阪府,大阪トヨペット（株） Ｕ－Ｃａｒランド外環東大阪店
4955,308.9,21000,3,0,1,1,1,灰,千葉県,トヨタカローラ千葉 木更津マイカーセンター
4956,108,106000,11,0,1,0,1,黒Ｍ,青森県,カーネッツ八戸
4957,295,26000,3,0,1,1,1,白真珠,岡山県,映クラ ラビット岡山青江店
4958,88,61000,13,0,1,0,1,真珠,新潟県,ファミリーオート　ジョックス大学前店
4959,185.1,73000,5,0,1,1,1,黒Ｍ,新潟県,新潟トヨタ自動車 新潟マイカーセンター
4960,243.3,50000,4,0,1,0,1,灰,千葉県,トヨタカローラ千葉 船橋北口マイカーセンター
4961,165,60000,9,0,1,1,1,黒Ｍ,鹿児島県,新園自動車 ＪＵ鹿児島カーパーク店
4962,89.8,99000,11,1,1,1,0,青,宮城県,（有）白石オートサービス　セントス大河原店
4963,160.5,52000,10,0,1,1,1,銀,広島県,カーランドサファリ ＲＣＣ中古車展示場ＭＥＧＡ　広島店
4964,292,38000,3,0,1,1,0,薄灰青,熊本県,オートベル 東バイパス店
4965,279.8,33000,4,0,1,1,1,青,山口県,株式会社大島商会
4966,322.7,9000,1,0,1,1,1,黒,福岡県,福岡トヨタ自動車 福岡トヨタ特選展示場　八幡
4967,178.9,34000,7,0,1,0,1,銀,福岡県,ラインナップ株式会社
4968,256.6,76000,4,0,1,1,1,真珠Ｍ,千葉県,トヨタカローラ千葉 茂原マイカーセンター
4969,294.5,28000,3,0,1,1,1,真珠白,福島県,カーセブン　いわき店
4970,362,3,1,0,1,1,1,真珠,千葉県,Ｍ’ｚ　ＳＰＥＥＤ　ＣＨＩＢＡ／エムズスピード千葉
4971,139.9,52000,10,0,1,0,1,白真珠,静岡県,株式会社ホンダプラザ富士 ホンダカーズ富士西
4972,125.6,91000,10,0,1,0,0,白,福島県,（有）カーライフ福島　オニキス福島
4973,120.1,36000,11,0,1,0,1,青Ｍ,石川県,エルカーショップ金沢店　（株）バイセル
4974,177.8,51000,7,0,1,1,1,黒Ｍ,富山県,ｍｏｔｏｒ　１　（モーターワン）
4975,125.8,73000,10,0,1,1,1,銀Ｍ,千葉県,千葉トヨタ自動車 アレス船橋
4976,268,29000,4,0,1,0,1,白真珠,愛知県,（株）イブリティー
4977,187.9,49000,6,0,1,0,1,黒Ｍ,三重県,アップル伊勢中央店
4978,152.5,75000,10,0,1,1,1,白真珠,香川県,トヨタカローラ香川 観音寺店
4979,108,96000,10,0,1,0,1,黄,高知県,カーバンク
4980,295,36000,4,0,1,1,0,深灰,熊本県,オートベル サンロードシティ人吉店
4981,199,27000,4,1,1,0,1,白,石川県,サンケイ自動車
4982,295,31000,4,0,1,1,1,緑,鹿児島県,ネッツトヨタ鹿児島株式会社 姶良店
4983,185.2,37000,7,0,1,0,1,真珠白,神奈川県,イタガキ
4984,205.9,43000,6,0,1,0,1,黄黒II,青森県,ネッツトヨタみちのく Ｕ－ＭＡＸ弘前
4985,249.8,42000,4,0,1,0,1,緑,愛媛県,愛媛トヨタ自動車 大洲店
4986,185.8,51000,6,0,1,0,1,真珠Ｍ,茨城県,茨城トヨタ自動車株式会社 ひたち野うしく店
4987,163.1,60000,8,0,1,0,1,茶,千葉県,トヨタカローラ千葉 木更津マイカーセンター
4988,172.1,49000,7,0,1,0,1,銀Ｍ,香川県,トヨタカローラ香川 観音寺店
4989,122,94000,11,0,1,0,1,茶,岩手県,有限会社　八木自動車サービス
4990,80.5,135000,11,0,1,1,1,銀Ｍ,千葉県,株式会社シルバード
4991,129.5,92000,11,0,1,1,1,黒Ｍ,茨城県,イタコ自販 石岡店
4992,115.8,105000,10,0,1,1,1,黒Ｍ,福岡県,オートステーション　人気のミニバン専門店　ＪＵ適正販売店
4993,88.6,100000,11,0,0,1,1,黄,富山県,ｍｏｔｏｒ　１　（モーターワン）
4994,185,33000,7,0,0,1,0,赤,福島県,（有）オートショップ福島
4995,320.8,22000,3,0,1,1,1,真珠,山形県,（株）カーサービス山形 本社・山形店
4996,184.6,54000,5,0,1,0,1,真珠Ｍ,広島県,広島トヨタ自動車 三次店
4997,265.6,32000,3,0,1,0,1,緑,石川県,株式会社　ファースト・モータース
4998,38,114000,16,0,1,0,1,灰Ｍ,千葉県,バリューワン １２６号店
4999,227.8,20000,4,0,1,0,1,真珠,鹿児島県,株式会社フルカワ
5000,233,22000,5,0,1,1,1,赤Ｍ,東京都,ガリバー 先行登録店
5001,204.8,14000,6,0,0,0,0,薄茶,山形県,ケーユー 山形鶴岡店
5002,151.1,36000,9,1,1,1,1,白真珠,兵庫県,（株）あっぷる　関西　姫路太子店
5003,200.6,25000,5,0,1,0,0,黒,埼玉県,ラビット 狭山入曽店　自動車販売部
5004,244.1,50000,4,0,1,0,1,緑,愛知県,ＮＴＰ名古屋トヨペット（株） 欠町店
5005,202.8,25000,8,0,1,1,1,黒Ｍ,東京都,ガリバー 先行登録店
5006,186,64000,6,0,1,1,1,真珠,愛知県,ウェバー
5007,76.6,110000,11,0,1,0,1,銀Ｍ,石川県,（株）石川トヨペットカローラ 七尾千野バリュー店
5008,284.6,57000,3,0,1,1,1,薄灰青,香川県,トヨタカローラ香川 国分寺店
5009,98.7,120000,9,0,1,1,1,赤,京都府,ジョイカル八幡店
5010,214.5,39000,7,0,1,1,1,赤紫Ｍ,静岡県,落合自動車販売（株） 葵東店
5011,116.3,107000,10,0,1,1,1,黒,福岡県,オートステーション　人気のミニバン専門店　ＪＵ適正販売店
5012,185,66000,4,0,1,0,1,茶Ｍ,神奈川県,カーショップＷＩＬＬ 小田原店
5013,299.2,28000,3,0,1,1,1,緑,栃木県,ホンダカーズ栃木中央 ゆいの杜店
5014,299.8,22000,3,0,1,1,1,緑,石川県,（株）石川トヨペットカローラ 金沢南中央店中古車
5015,279.8,50000,3,0,1,1,1,薄茶,石川県,（株）石川トヨペットカローラ 野々市本店中古車
5016,125,84000,9,0,1,0,1,白真珠,愛知県,（株）イブリティー
5017,221.8,27000,7,0,1,1,1,黒,千葉県,トヨタカローラ千葉 新港マイカーセンター
5018,183.3,73000,6,0,1,1,1,真珠Ｍ,大分県,ネッツトヨタ大分（株） ネスタＺ－ｔｅＮわさだ
5019,128,77000,10,0,1,0,1,赤Ｍ,鹿児島県,新園自動車 ＪＵ鹿児島カーパーク店
5020,159,41000,9,0,1,1,1,黄,福岡県,サニーオートやよい坂販売
5021,299.8,34000,3,0,1,1,1,灰濃,石川県,（株）石川トヨペットカローラ 海環金沢駅西店中古車
5022,336.9,27000,3,0,1,1,1,緑,青森県,トヨタカローラ八戸 Ｕ－ＭＡＸむつ
5023,133.5,43000,11,0,1,0,1,銀,千葉県,ツチヤ自動車 千葉北店
5024,112.7,82000,10,0,0,0,0,白真珠,埼玉県,令和トレーディング株式会社　（Ｅ－Ｓｔｙｌｅ　イースタイル）
5025,231.5,39000,5,0,1,0,1,真珠,長野県,マツダオートザム上田　（株）フジカーランド上田
5026,340.8,7000,1,0,1,1,1,真珠Ｍ,北海道,北海道マツダ販売（株） 東光店
5027,265.2,21000,3,0,0,0,0,白真珠,東京都,ケーユー 本店
5028,258.8,25000,4,0,1,1,1,白真珠,神奈川県,セクシーカスタム
5029,179,64000,7,0,0,1,1,黒,神奈川県,エーアイカンパニー
5030,202.1,25000,6,0,1,1,1,薄灰青,千葉県,業平自動車　新車・中古車センター
5031,179.6,34000,7,0,1,0,1,真珠Ｍ,大阪府,大阪トヨペット（株） 寝屋川店
5032,192.3,58000,7,0,1,1,1,真珠,東京都,ガリバー 先行登録店
5033,313.4,10000,4,0,1,1,1,青灰Ｍ,沖縄県,沖縄トヨタ自動車株式会社 トヨタウンうるま江洲店
5034,136.5,55000,10,0,1,0,1,白真珠,広島県,アピスタ 広島東店
5035,332.5,23000,2,0,1,1,1,緑,沖縄県,沖縄トヨタ自動車株式会社 トヨタウンとよさき店
5036,305.9,16000,3,0,1,1,1,青,長崎県,ＧＣ相浦　カービック店　株式会社エイコー商事
5037,313.8,15000,2,0,0,1,1,薄茶,愛知県,Ｌｏｃａｌ　Ｇａｒａｇｅ　ローカルガレージ
5038,314.2,22000,3,0,1,1,1,緑,茨城県,茨城トヨタ自動車株式会社 守谷店
5039,165.9,66000,10,0,1,1,1,黒Ｍ,宮城県,（有）ラビット気仙沼中央店
5040,200,15000,5,0,1,0,1,灰,愛知県,愛知ダイハツ（株） Ｕ－ＣＡＲ安城店
5041,229.3,18000,6,0,1,1,1,赤Ｍ,愛知県,株式会社家田モータース
5042,329.3,20000,3,0,1,1,1,薄緑,富山県,ナイン自動車　ＴＡＸ富山中央店
5043,223.5,43000,5,0,1,1,1,薄灰青,山形県,山形トヨペット（株） 中古車ランド新庄
5044,55.4,81000,14,0,1,0,1,薄緑Ｍ,千葉県,Ｖａｌｕｅ　Ｏｎｅ　バリューワン 千葉店
5045,276.4,5000,3,1,1,1,1,真珠白,千葉県,ダイハツ千葉販売 柏店
5046,135,79000,10,0,0,0,1,白真珠,千葉県,アリスティー 本店
5047,292.7,19000,4,0,0,1,0,薄緑,宮城県,ケーユー 仙台若林店
5048,239.7,32000,5,0,1,1,1,真珠,長野県,マツダオートザム上田　（株）フジカーランド上田
5049,72.2,132000,10,0,1,0,1,茶Ｍ,茨城県,トヨタカローラ新茨城 プラザ勝田店
5050,193.8,65000,7,0,1,1,1,白真珠,香川県,トヨタカローラ香川 善通寺インター店
5051,299.8,17000,4,0,1,1,1,真珠,山梨県,ＢＵＤＤＩＣＡ（バディカ） 甲府石和支社
5052,93,101000,9,1,1,0,1,赤Ｍ,北海道,カーゾーンサッポロ 八軒店
5053,182.6,67000,8,0,1,1,1,白茶II,愛知県,（株）サンセブン　車のオアシス
5054,155.5,23000,9,0,1,0,1,青,静岡県,東富士自動車興業 バイパス店
5055,232.6,38000,6,0,1,1,1,白茶II,神奈川県,イタガキ
5056,197.6,37000,6,0,1,0,1,白真珠,兵庫県,トータルサポート
5057,339.8,145,1,0,0,1,1,薄茶,栃木県,都賀自動車
5058,304.4,15000,4,0,1,1,1,白真珠,富山県,オートバックス・カーズ 富山南
5059,309.3,44000,3,0,1,1,1,薄緑,群馬県,群馬トヨペット（株） 中之条バイパス店
5060,187,19000,8,0,1,0,1,青青青,神奈川県,ウェルモビリティ　相模原店
5061,259.4,24000,3,0,1,0,1,真珠,熊本県,モビリティタウン 熊本
5062,189.1,30000,8,0,1,1,1,黒,千葉県,トヨタカローラ千葉 新港マイカーセンター
5063,291.4,16000,4,0,1,0,1,黒,沖縄県,沖縄トヨタ自動車株式会社 トヨタウンとよさき店
5064,278,43000,3,0,0,1,1,黒,愛知県,Ｕ’Ｓ　ｇａｒａｇｅ
5065,158.9,77000,7,0,1,1,1,茶黒II,東京都,サーティー ＴＨＩＲＴＹ西東京
5066,155,89000,6,0,1,0,1,真珠,滋賀県,（株）カントリー自動車 本店
5067,295.8,12000,4,0,1,1,1,真珠白,茨城県,トヨタカローラ南茨城 鉾田店
5068,264.6,6000,4,0,1,0,1,薄茶,富山県,トヨタモビリティ富山 富山南
5069,159.2,63000,8,1,1,1,1,真珠Ｍ,兵庫県,兵庫トヨタ自動車（株） マイカーランド藤原台
5070,273.9,32000,4,0,1,1,1,薄茶,愛媛県,愛媛トヨタ自動車 西条・新居浜店
5071,198.1,58000,7,0,1,0,1,青Ｍ,秋田県,（株）ガレージＫＥＮ
5072,300.9,15000,3,0,0,1,1,白真珠,千葉県,ケーユー 千葉店
5073,130.7,95000,10,0,1,1,1,真珠Ｍ,茨城県,トヨタカローラ南茨城 守谷店
5074,321.7,32000,3,0,1,1,1,真珠Ｍ,山梨県,山梨トヨペット Ｕ－Ｃａｒ和戸店
5075,130.5,36000,11,0,0,0,1,黒,宮城県,ストリートライフ 仙台泉店
5076,285.7,43000,4,0,1,1,1,灰,千葉県,トヨタカローラ千葉 都町マイカーセンター
5077,246,24000,5,0,1,1,1,白真珠,新潟県,Ｒｅｄｕｃｅ～リデュース～
5078,93.8,61000,13,0,1,0,1,赤,大阪府,ＢＵＬＬＪＥ　ブルジュ
5079,120,90000,9,0,1,0,1,銀Ｍ,大分県,西日本自動車 本店
5080,129,43000,9,1,1,0,1,黄,鹿児島県,浜田（博）自動車
5081,96.9,56000,10,1,0,0,1,茶,石川県,フェニックス　石川金沢駅西店
5082,358,2,1,0,1,1,1,緑,千葉県,Ｍ’ｚ　ＳＰＥＥＤ　ＣＨＩＢＡ／エムズスピード千葉
5083,212.2,57000,6,0,1,1,1,青,千葉県,トヨタカローラ千葉 成田マイカーセンター
5084,99.2,91000,11,1,0,1,1,青Ｍ,宮城県,株式会社カーサポート・ルーツ
5085,298.1,7000,2,0,1,0,1,黒,長野県,長野トヨタ チューカーボックス松本店
5086,299.6,34000,3,0,1,1,1,緑,静岡県,ネッツトヨタ静岡（株） Ｕ－ＴＯＷＮ　三島
5087,69,88000,13,0,1,0,1,黒,岡山県,くるまのポパイ
5088,224.4,31000,5,0,1,0,1,真珠,群馬県,チューブ 高崎店
5089,175.5,27000,8,0,1,0,1,真珠Ｍ,北海道,札幌トヨタ自動車（株） 宮の沢店
5090,218.7,47000,5,0,1,1,1,紺ＭＭ,茨城県,トヨタカローラ南茨城 守谷店
5091,179,56000,7,1,1,1,1,赤黒II,鹿児島県,浜田（博）自動車
5092,292.2,66000,4,0,1,1,1,黒,北海道,釧路トヨタ自動車 鳥取マイカーセンター
5093,138,68000,10,1,1,1,1,黒Ｍ,北海道,ＣＡＲ　ＳＨＯＰ　ＬＩＭＩＴＥＤ　札内店
5094,139.2,96000,9,0,1,1,1,茶Ｍ,茨城県,茨城トヨタ自動車株式会社 守谷店
5095,140,18000,11,1,1,1,1,銀,青森県,ユーアップ
5096,354.2,2,0,0,1,1,1,真珠,新潟県,ファイブワン新潟本店　ＪＵ適正販売店
5097,119.9,84000,9,0,1,0,1,茶真珠,岐阜県,東海自動車販売
5098,85,109000,10,0,0,0,1,白真珠,大分県,オートステーションＨＯＴ 本店
5099,354,4000,2,0,1,1,1,薄茶,兵庫県,（株）カーフレンドトップ
5100,87.9,40000,14,0,1,0,1,黒,千葉県,ツチヤ自動車 東金店
5101,247.6,36000,4,0,1,0,1,II,高知県,高知トヨペット ヴィユーあさくら
5102,139.9,81000,8,0,1,0,1,茶Ｍ,石川県,石川トヨタ自動車（株） 河北店
5103,94.3,119000,9,0,0,0,1,紫,大分県,カーセブン日出インター店
5104,215,49000,6,0,1,1,1,黒Ｍ,熊本県,スズキアリーナ菊陽大津
5105,275.8,58000,4,0,1,1,1,真珠Ｍ,富山県,ネッツトヨタ富山 Ｕ－Ｃａｒステーション高岡
5106,224.1,24000,4,0,1,1,0,灰,埼玉県,チューブ 熊谷店
5107,133.5,71000,10,0,1,1,1,真珠Ｍ,青森県,トヨタカローラ八戸 Ｕ－ＭＡＸむつ
5108,188.5,28000,8,0,1,0,1,紫,新潟県,ガリバー 新潟県　先行登録店
5109,200.3,10000,6,0,1,0,1,銀Ｍ,沖縄県,沖縄トヨタ自動車株式会社 トヨタウン糸満店
5110,168,60000,9,0,1,0,1,真珠,北海道,（株）ナウ ダイハツスーパーピット店
5111,180.9,52000,9,0,1,1,1,黒Ｍ,東京都,ガリバー 先行登録店
5112,138,78000,9,0,1,0,1,赤Ｍ,鹿児島県,新園自動車 オートピア２１店
5113,283.1,59000,3,0,1,1,1,真珠Ｍ,千葉県,トヨタカローラ千葉 八幡マイカーセンター
5114,200.3,27000,7,0,1,0,0,真珠,福岡県,福祉車両専門店　Ｂｅｎｅｓａ（ベネサ）
5115,129.9,73000,11,0,0,1,1,白真珠,兵庫県,Ｇｏｅｎ　Ａｕｔｏ
5116,299.1,22000,3,0,1,1,1,真珠白,滋賀県,滋賀ダイハツ販売（株） ハッピー草津店
5117,53.1,144000,11,0,1,0,1,深銀Ｍ,岡山県,岡山ダイハツ販売 野田店
5118,168.1,34000,9,0,1,1,1,青,千葉県,トヨタカローラ千葉 都町マイカーセンター
5119,84,94000,10,0,0,0,1,青Ｍ,新潟県,勇Ｒａｃｉｎｇ
5120,200,23000,7,0,1,0,1,真珠,山梨県,オートガレージエムズ
5121,202.1,33000,5,0,1,0,1,銀,千葉県,トヨタカローラ千葉 新港マイカーセンター
5122,329.6,2000,1,0,1,1,1,真珠Ｍ,富山県,トヨタモビリティ富山 中古車Ｇａｒａｇｅ富山
5123,265,13000,4,0,1,0,1,薄緑,三重県,ネッツトヨタノヴェル三重（株） ネッツトヨタノヴェル三重　四日市本社店
5124,244.8,15000,7,0,1,1,1,茶,熊本県,ＧＣ菊陽　カーパルコ熊本
5125,180,32000,7,1,0,1,0,白茶II,香川県,クルマカイトリ　Ｒ２　ｃｏｒｐｏｒａｔｉｏｎ
5126,119,95000,11,0,1,0,1,青Ｍ,秋田県,ＴＱＭインターナショナル 秋田支店
5127,50.6,112000,16,0,0,0,1,真珠,広島県,ラビット 広島高陽店
5128,187.5,66000,6,0,1,0,1,黒,北海道,函館トヨタ自動車（株） ニューロード店
5129,86.8,134000,9,0,1,0,1,黒Ｍ,新潟県,オーシャンデザイン　本社
5130,332.1,8000,1,0,1,1,1,深灰,長崎県,ＧＣ針尾店　有限会社ウエストモーター
5131,198.5,43000,6,0,1,0,1,黒,千葉県,トヨタカローラ千葉 都町マイカーセンター
5132,317.6,9000,2,0,1,1,1,赤Ｍ,富山県,トヨタモビリティ富山 Ｓｅｕｌ高岡南・中古車Ｇａｒａｇｅ高岡
5133,155.2,51000,7,1,1,0,1,白,福岡県,福祉車両専門店　Ｂｅｎｅｓａ（ベネサ）
5134,238,36000,6,0,1,1,1,白真珠,福岡県,ＴＡＸ長住　（有）大穂自動車 本社
5135,298.7,8000,4,0,1,1,1,薄緑,東京都,スミカーの松田自動車整備工場 本店
5136,282.5,60000,4,0,1,1,1,真珠Ｍ,茨城県,茨城トヨタ自動車株式会社 水戸南センター
5137,238.1,55000,3,0,1,0,1,真珠,東京都,ガリバー 先行登録店
5138,169.9,52000,8,1,0,1,1,黒Ｍ,千葉県,ＣＡＲＳＨＯＰウインズ 本店
5139,95.5,106000,10,0,1,0,1,黒Ｍ,三重県,三重トヨペット（株） 員弁東員店
5140,189.8,12000,7,0,1,0,1,茶黒II,宮城県,有限会社　ガーデンオート 宮城インター店
5141,113.7,78000,11,1,1,0,1,黒,宮城県,カープラザワールド オートヒルズ店
5142,332.7,1000,2,0,1,1,1,深灰,大阪府,株式会社マエダ ＴＡＸ中環松原店
5143,225,35000,5,0,1,0,1,真珠Ｍ,茨城県,茨城トヨタ自動車株式会社 水戸泉町店
5144,324.8,15000,2,0,1,1,1,赤Ｍ,群馬県,群馬トヨタ自動車 前橋下小出店
5145,279.8,21,1,0,1,1,1,黒,新潟県,新車館 長岡店
5146,309.1,33000,3,0,1,1,1,黒,千葉県,トヨタカローラ千葉 成東マイカーセンター
5147,225,21000,5,0,1,0,1,薄茶,栃木県,（株）ホンダカーズ坂戸 オートガーデン佐野　越名店
5148,134.8,124000,6,0,1,1,1,銀Ｍ,福岡県,車の卸屋．ｃｏｍ
5149,309.1,24000,3,0,1,1,1,黒,三重県,三重トヨペット（株） 上野東インター店
5150,383.2,48,0,0,1,1,1,緑,東京都,ガリバー 先行登録店
5151,184.8,52000,7,0,1,0,1,白真珠,京都府,Ｂｌａｚｅ
5152,158.6,74000,10,0,1,0,1,茶,千葉県,トヨタカローラ千葉 成田マイカーセンター
5153,79.8,79000,11,0,1,0,1,白,茨城県,ヤングガンズ　つくば学園店
5154,291.4,11000,4,0,1,0,1,真珠Ｍ,沖縄県,沖縄トヨタ自動車株式会社 トヨタウン浦添店
5155,248.1,39000,5,0,1,1,1,黒,千葉県,トヨタカローラ千葉 成東マイカーセンター
5156,161,23000,10,0,0,1,1,銀Ｍ,東京都,ケーユー 本店
5157,119.8,80000,11,1,1,1,1,黒Ｍ,栃木県,ＣＲＵＥＺ 鹿沼店
5158,105,118000,11,0,1,1,1,黒Ｍ,埼玉県,ＡＵＴＯ　ＮＥＸＥＬ（オートネクセル）ＪＵ適正販売店
5159,128,98000,10,0,1,1,1,茶真珠,大阪府,ショウエイオート　（株）ショウエイコーポレーション
5160,188,65000,8,0,1,1,1,茶,徳島県,ケーズコレクション
5161,329.3,11000,3,0,1,1,1,黒,沖縄県,沖縄トヨタ自動車株式会社 トヨタウン美浜店
5162,187.1,59000,7,0,1,0,1,青,千葉県,トヨタカローラ千葉 船橋北口マイカーセンター
5163,309.8,29000,4,0,1,1,1,薄灰青,福岡県,（有）川口自動車商会
5164,178,67000,8,0,0,0,1,白真珠,秋田県,（株）ボデーショップ伊藤 中古車ビッグスタジアム昭和
5165,148.1,49000,11,0,1,0,1,真珠,福島県,ＢＣＮ いわき
5166,162,16000,9,0,1,0,1,赤Ｍ,埼玉県,チューブ 所沢店
5167,141,72000,10,0,1,1,1,黒,大阪府,自社ローン大阪　スリークロス羽曳野店
5168,74.8,72000,14,0,1,0,1,黒Ｍ,東京都,ＫＭサトウ自動車
5169,89.8,140000,11,0,1,0,1,黒Ｍ,三重県,ガリバー 河芸店／株式会社ＨＣＭモビリティ
5170,194.7,10000,9,0,1,0,1,白真珠,長野県,風間車輌販売
5171,324.1,22000,2,0,1,1,1,真珠Ｍ,千葉県,トヨタカローラ千葉 習志野マイカーセンター
5172,333.6,33000,3,0,1,1,1,緑,青森県,トヨタカローラ八戸 Ｕ－ＭＡＸむつ
5173,359.8,10,0,0,1,1,1,薄緑,奈良県,ＧＯＯＤＳＰＥＥＤ　ＣＡＲ　ＳＥＲＶＩＣＥ（グッドスピードカーサービス）
5174,144.8,47000,10,0,1,0,1,黒Ｍ,広島県,ＥＮＧＩＮＥ～車買取専門店～
5175,214,3000,7,0,1,0,1,青,東京都,ガリバー 先行登録店
5176,89.9,33000,14,0,1,0,1,銀Ｍ,埼玉県,ＢＬＡＳＴ岩槻 ミニバン専門店
5177,191.4,58000,7,0,1,0,1,茶黒II,佐賀県,カーショップトヨマス
5178,105.5,97000,10,0,1,0,1,茶真珠,広島県,映クラ ラビット福山引野店
5179,172.3,15000,8,0,0,0,0,銀Ｍ,埼玉県,Ｗｅｌｆａｒｅ　ｖｅｈｉｃｌｅ　Ｓｈｏｐ　福祉車両屋さん
5180,210.9,35000,8,0,1,1,1,赤茶,東京都,ツチヤ自動車 新小岩店
5181,193.6,56000,7,0,1,1,1,薄茶,福岡県,ＣＲＯＳＳ　ＦＡＤＥＲ
5182,208,51000,7,0,1,1,1,赤黒II,秋田県,ＮＥＸＵＳ－ＡＵＴＯ　ネクサスオート
5183,129.4,84000,11,0,1,1,1,赤,高知県,西内自動車販売株式会社
5184,57.8,170000,11,0,1,0,1,銀Ｍ,茨城県,（株）オリエントジャパン
5185,58.8,109000,14,0,0,0,1,銀Ｍ,千葉県,ＴＡＡＮ　ターン
5186,258.6,23000,4,0,1,0,1,薄茶,富山県,トヨタモビリティ富山 Ｓｅｕｌ高岡南・中古車Ｇａｒａｇｅ高岡
5187,128,76000,9,0,1,0,1,銀,新潟県,（株）太陽オート
5188,69.4,44000,13,1,1,0,1,銀Ｍ,神奈川県,ｍｕｔｓｕｍｉ　Ｃａｒ　Ｒｅｃｙｃｌｅ
5189,149.3,42000,9,0,1,0,1,黒Ｍ,新潟県,トヨタカローラ新潟 三条店
5190,148.7,48000,10,0,1,0,1,真珠白,新潟県,グローバルクレスト　イワモト自動車販売
5191,130,68000,11,0,0,0,1,白,福岡県,ＧＡＲＡＧＥ　ＴＲＵＳＴ
5192,77,147000,10,0,0,0,1,白真珠,北海道,オートリライフ札幌
5193,278.4,30000,3,0,1,1,1,真珠,愛媛県,トヨタカローラ愛媛（株） 三島・川之江店
5194,190,21000,7,0,1,0,1,真珠白,滋賀県,滋賀ダイハツ販売（株） ハッピー大津店
5195,208,61000,6,0,1,0,1,真珠白,北海道,（株）オートプラザ　カイセイ
5196,197.3,55000,8,0,1,1,1,真珠Ｍ,千葉県,トヨタカローラ千葉 成田マイカーセンター
5197,329,12000,1,0,1,1,1,真珠,福岡県,（株）安藤商会
5198,155.9,57000,10,0,1,0,1,白真珠,東京都,ガリバー 先行登録店
5199,323.2,13000,3,0,1,1,1,灰濃,沖縄県,沖縄トヨタ自動車株式会社 トヨタウン国場店
5200,150.7,62000,11,0,0,1,0,白真珠,宮城県,ケーユー 仙台若林店
5201,136.8,79000,10,0,1,0,1,青Ｍ,奈良県,ＧＯＯＤＳＰＥＥＤ　ＣＡＲ　ＳＥＲＶＩＣＥ（グッドスピードカーサービス）
5202,89.5,112000,10,0,1,0,1,白真珠,埼玉県,株式会社イルマオートセンター
5203,240.8,17000,6,0,0,0,1,黒Ｍ,宮城県,ケーユー 仙台泉店
5204,315.3,31000,3,0,1,1,1,黒,茨城県,茨城トヨタ自動車株式会社 水戸赤塚店
5205,163.2,80000,6,0,1,0,1,黒,神奈川県,アースモーター
5206,319.8,32000,4,0,1,1,1,黒,広島県,カーフレンズトーア ヒューネット八木
5207,251.3,52000,4,0,1,1,1,緑,千葉県,トヨタカローラ千葉 木更津マイカーセンター
5208,282.8,8000,4,0,1,0,1,薄茶,富山県,ネッツトヨタ富山 Ｕ－Ｃａｒステーション高岡
5209,183.8,62000,8,0,0,0,0,茶真珠,青森県,ケーユー 青森７号バイパス店
5210,91.9,40000,13,0,1,0,1,紫,千葉県,ツチヤ自動車 茂原店
5211,298.9,15000,4,0,1,1,1,黒,長崎県,長崎車輌センター ＴＡＸ長崎　ＴＡＸ　ＤＯＭＥ店
5212,318.2,12000,4,0,1,1,1,白真珠,香川県,ＡＵＴＯ　ＭＡＬＬ　ＪＡＰＡＮ　オートモールジャパン株式会社
5213,178.2,73000,5,0,1,0,1,黒Ｍ,徳島県,トヨタカローラ徳島 藍住・板野店
5214,233.9,48000,6,0,1,1,1,青,千葉県,ツチヤ自動車 千葉北店
5215,208.5,34000,8,0,1,1,1,銀,千葉県,トヨタカローラ千葉 成田マイカーセンター
5216,281.7,16000,3,0,1,0,1,真珠Ｍ,三重県,三重トヨペット（株） 四日市羽津店
5217,200.4,57000,5,0,1,0,1,真珠Ｍ,愛知県,ＮＴＰ名古屋トヨペット（株） オレンジタウン千音寺店
5218,141.6,57000,10,0,1,1,1,真珠Ｍ,茨城県,茨城トヨタ自動車株式会社 水戸赤塚店
5219,248.5,18000,5,0,1,1,1,赤Ｍ,山形県,山形トヨペット（株） 中古車ランド米沢
5220,93.7,37000,11,0,0,0,0,薄青Ｍ,神奈川県,ケーユー 湘南戸塚店
5221,156.1,84000,7,0,1,0,1,黒,千葉県,トヨタカローラ千葉 習志野マイカーセンター
5222,98,104000,9,0,1,0,1,黒,福岡県,サニーオートやよい坂販売
5223,290,18000,3,0,1,0,1,緑,沖縄県,沖縄トヨタ自動車株式会社 トヨタウンシーサイド店
5224,299.8,21000,3,0,1,1,1,緑,岐阜県,（株）横山モータース
5225,245.8,48000,4,0,1,0,1,薄茶,神奈川県,カーショップＷＩＬＬ 小田原店
5226,205.8,40000,6,0,1,0,1,白真珠,奈良県,ＤｒｉｖｅＳｔａｇｅ奈良　株式会社ドライブステージ
5227,139,33000,10,0,1,0,0,白真珠,香川県,ピットイン香川
5228,117.8,90000,10,0,1,0,1,白真珠,福島県,ネッツトヨタ福島（株） オンリー鎌田店
5229,360.8,8000,2,0,1,1,1,黒,青森県,トヨタカローラ八戸 Ｕ－ＭＡＸ　ＣＵＴＥ八戸
5230,46,135000,12,0,0,0,1,赤紫Ｍ,大分県,カーセブン大分東店
5231,151.8,24000,9,1,1,1,1,銀,北海道,オートグラフティ
5232,196.9,44000,8,0,1,0,1,黒,千葉県,ツチヤ自動車 東金店
5233,285.6,28000,4,0,1,0,1,白真珠,香川県,トヨタカローラ香川 国分寺店
5234,165.8,53000,11,0,1,1,1,真珠,山梨県,株式会社近藤モータース
5235,125,124000,9,0,1,1,1,白真珠,岡山県,ワンズカンパニー
5236,169,30000,8,1,1,0,1,茶,神奈川県,ウェルモビリティ　相模原店
5237,209.4,15000,6,0,1,0,1,赤紫,和歌山県,トヨタカローラ和歌山 新宮店
5238,205.8,39000,7,0,1,0,1,黒Ｍ,沖縄県,沖縄トヨタ自動車株式会社 トヨタウンシーサイド店
5239,149.8,49000,9,0,0,0,1,白,福岡県,グッドプライス糸島店
5240,174,35000,5,1,1,0,1,茶Ｍ,埼玉県,オートセンサー
5241,195,15000,7,0,0,0,0,黒Ｍ,東京都,ケーユー 本店
5242,156.4,81000,6,0,1,0,1,黒,北海道,函館トヨタ自動車（株） ニューロード店
5243,75.7,92000,13,0,1,0,1,黒,茨城県,ガクエン自動車興業（株） 本店
5244,322.7,33000,4,0,0,1,0,薄茶,宮城県,ケーユー 仙台若林店
5245,216.7,34000,7,0,1,1,1,銀Ｍ,大分県,トヨタカローラ大分 臼杵店
5246,215.5,49000,7,0,1,1,1,真珠,東京都,ガリバー 先行登録店
5247,284.5,58000,4,0,1,1,1,灰濃,茨城県,茨城トヨタ自動車株式会社 藤代店
5248,161.8,82000,7,1,1,1,1,黒Ｍ,兵庫県,兵庫トヨタ自動車（株） マイカーランド藤原台
5249,179,49000,9,0,1,1,1,黒Ｍ,長崎県,長崎車輌センター タックス長崎
5250,216.8,29000,6,0,1,0,1,真珠,石川県,株式会社　セベラルオート
5251,329.8,29000,3,0,1,1,1,白真珠,新潟県,ナカノオート
5252,283.3,21000,4,0,1,1,1,緑,千葉県,ＡＺ　ＦＡＣＴＯＲＹ
5253,248,34000,4,0,1,0,1,薄茶,鳥取県,ｆｒｅｅｓｔｙｌｅ－株式会社フリースタイル－
5254,74,45000,17,0,1,0,1,灰Ｍ,福岡県,ＲＯＺＵオート
5255,289.5,43000,4,0,1,1,1,薄茶,石川県,ＪＡ全農いしかわ ＪＡオートこまつ
5256,378,9,1,0,0,1,1,真珠Ｍ,福岡県,相浦自動車販売 ＴＡＸ柳川
5257,160.2,56000,11,0,0,1,1,真珠,東京都,ケーユー 東大和店
5258,294.6,35000,4,0,1,1,1,白真珠,山形県,山形トヨペット（株） 中古車ランド本社
5259,244,12000,5,0,1,1,1,黒Ｍ,岐阜県,Ｃａｒ　Ｆａｃｔｏｒｙ　羽島ｐｒｅｍｉｕｍ店
5260,299.9,19000,2,1,1,1,1,黒,岡山県,中島オートセンター
5261,205.7,74000,5,0,1,0,1,赤,長野県,ＮＴＰカーモスト 飯田インター店
5262,108,121000,10,0,1,0,1,白真珠,北海道,（有）良和自動車 三菱自動車サテライトショップ札幌東
5263,69.9,139000,11,1,1,1,1,黒Ｍ,福岡県,エイチ・アンド・エム　福岡　プリウス店
5264,288.2,20000,3,0,1,0,1,黒,愛媛県,愛媛トヨタ自動車 松山・久米窪田店
5265,183,39000,8,0,1,0,1,茶,佐賀県,株式会社上野商会
5266,298.8,34000,3,0,0,1,0,黒,埼玉県,ケーユー 久喜白岡店
5267,152.9,70000,10,0,0,1,1,青,大分県,新光石油 セルフ南大分ＳＳ
5268,150.6,59000,9,0,0,0,1,茶,岐阜県,カーボイス
5269,249.5,19000,5,0,1,1,1,青,大阪府,ガリバー 大阪府　先行登録店
5270,181.1,22000,10,0,0,0,1,白真珠,北海道,ケーユー 函館店
5271,201.9,18000,7,0,1,0,1,薄茶,埼玉県,チューブ 坂戸店
5272,289.8,18000,3,0,1,0,1,真珠,千葉県,ＢＵＤＤＩＣＡ（バディカ） １６号野田支社
5273,170.2,46000,9,0,1,1,1,白真珠,東京都,日産東京販売 ピーズステージ成城
5274,88,119000,10,0,0,0,1,茶,新潟県,ＢＵＬＫＨＥＡＤ　バルクヘッド
5275,73,23000,16,0,1,0,1,灰Ｍ,埼玉県,サライ自動車 ４０７店　ＪＵ適正販売店
5276,195,31000,7,0,0,0,0,黒Ｍ,東京都,ケーユー 本店
5277,237.4,44000,6,0,1,0,1,紺Ｍ,山形県,（株）カーサービス山形 本社・山形店
5278,174.5,20000,10,0,1,1,1,銀Ｍ,静岡県,落合自動車販売（株） 葵東店
5279,139,96000,5,1,1,0,1,銀,北海道,エコカーランド
5280,358.9,14000,2,0,1,1,1,緑灰II,大阪府,株式会社マエダ ＴＡＸ中環松原店
5281,322,12000,3,0,1,1,1,緑,東京都,ガリバー 先行登録店
5282,332.5,5000,2,1,1,1,1,青,北海道,オートグラフティ
5283,174.6,13000,10,0,1,0,1,銀Ｍ,長野県,マツダオートザム上田　（株）フジカーランド上田
5284,179.8,31000,11,0,1,1,1,真珠,山梨県,ガリバー 山梨県　先行登録店
5285,232.1,29000,6,0,0,1,1,茶真珠,広島県,スズキアリーナ庚午
5286,176.1,23000,11,0,1,1,1,真珠Ｍ,大阪府,大阪トヨペット（株） Ｕ－Ｃａｒランド箕面勝尾寺口店
5287,161,55000,9,0,1,0,1,青Ｍ,愛知県,株式会社Ｅ－ＷＯＲＫ
5288,121.1,78000,11,0,1,0,1,銀,千葉県,トヨタカローラ千葉 習志野マイカーセンター
5289,172.9,90000,6,0,1,1,1,真珠Ｍ,山口県,山口トヨペット 綾羅木マイカーセンター
5290,319.8,10,1,0,1,0,1,灰緑,埼玉県,届出済未使用車専門店　パッカーズ　所沢新座店
5291,171.8,35000,10,0,0,0,1,白真珠,青森県,ケーユー 青森７号バイパス店
5292,193,77000,6,0,1,1,1,II,千葉県,トヨタカローラ千葉 習志野マイカーセンター
5293,257.9,12000,4,0,1,0,1,真珠Ｍ,山梨県,山梨トヨペット Ｕ－Ｃａｒ和戸店
5294,171.4,35000,11,0,1,1,0,白真珠,埼玉県,ケーユー 久喜白岡店
5295,188,40000,8,0,1,0,1,黒,新潟県,新車館 長岡店
5296,226.2,27000,7,0,0,1,1,白真珠,千葉県,ＣＡＲＳＨＯＰウインズ 本店
5297,332.4,22000,4,0,1,1,1,真珠Ｍ,新潟県,トヨタカローラ新潟 カーロッツ新潟
5298,333.8,7000,4,0,1,1,1,真珠,大阪府,ガリバー 大阪府　先行登録店
5299,219,49000,4,1,1,1,1,白真珠,鹿児島県,浜田（博）自動車
5300,199.8,58000,8,0,1,0,1,真珠白,北海道,カーセブン十勝音更店　日免オートシステム
5301,224.1,42000,5,0,1,0,1,緑,千葉県,トヨタカローラ千葉 船橋北口マイカーセンター
5302,139.8,75000,9,0,1,0,1,青,高知県,カーガイド高知
5303,44.6,106000,18,0,1,0,1,灰Ｍ,静岡県,（株）ノア　オーシャン　オート
5304,252.1,17000,5,0,1,1,1,赤,千葉県,トヨタカローラ千葉 都町マイカーセンター
5305,253,40000,6,0,1,0,1,茶黒II,山形県,（株）ヴィヴィットコレクション
5306,235,54000,5,0,1,0,1,真珠,岩手県,日新スズキ販売（株） 花巻営業所
5307,172,51000,9,0,1,0,1,黒,山形県,カーチェック株式会社 本店
5308,84.8,101000,10,1,0,0,1,黒,大阪府,ケーズオート
5309,320.9,28000,2,0,1,1,1,黒,静岡県,ネッツトヨタ静浜（株） サンストリート浜北店
5310,225.9,36000,6,0,1,1,1,黒Ｍ,富山県,ロータス　松田自動車
5311,115.8,134000,8,0,0,1,1,白真珠,栃木県,Ｏｎｅ　Ｆｏｒ　Ａｌｌ　栃木店
5312,217.4,40000,5,0,1,0,1,薄茶,茨城県,茨城トヨタ自動車株式会社 神栖店
5313,149.6,60000,9,0,1,0,1,真珠Ｍ,大阪府,大阪トヨペット（株） Ｕ－Ｃａｒランド枚方中央店
5314,317.4,50000,4,0,1,1,1,黒,新潟県,トヨタカローラ新潟 Ｕ－Ｃａｒ新発田店
5315,223,28000,6,0,0,1,1,緑,兵庫県,株式会社セレクトワンズ
5316,143.4,37000,11,0,0,0,1,黄緑,福岡県,アウトブルートラスト株式会社
5317,249.5,31000,5,0,1,0,1,黒,奈良県,ガリバー 奈良県　先行登録店
5318,235,14000,8,0,1,1,1,真珠,徳島県,ケーズコレクション
5319,138.4,55000,10,1,1,0,1,黒,広島県,カーランドサファリ ＲＣＣ中古車展示場ＭＥＧＡ　西条店
5320,228.1,5000,6,0,1,0,1,銀,香川県,坂出自動車 福祉車両専門店
5321,199,67000,5,0,1,0,1,茶真珠,埼玉県,（株）ホンダカーズ坂戸 オートガーデン羽生
5322,104.9,41000,13,0,1,0,1,黒,千葉県,ツチヤ自動車 本社市川
5323,268.7,13000,5,0,1,1,1,真珠,東京都,ガリバー 先行登録店
5324,238.9,45000,5,0,1,1,1,青灰,静岡県,ネッツトヨタ静浜(株) 和田マイカーセンター
5325,212,44000,7,0,1,0,1,白真珠,兵庫県,（株）カーフレンドトップ
5326,151.5,45000,10,0,1,0,1,真珠Ｍ,千葉県,トヨタカローラ千葉 木更津マイカーセンター
5327,159.8,86000,8,0,1,0,1,白,石川県,株式会社　セベラルオート
5328,172.2,89000,8,0,1,1,1,真珠Ｍ,千葉県,トヨタカローラ千葉 茂原マイカーセンター
5329,188,73000,8,0,1,0,1,白真珠,鹿児島県,新園自動車 ＪＵ鹿児島カーパーク店
5330,339.4,25000,4,0,1,1,1,薄緑,群馬県,群馬トヨペット（株） 中之条バイパス店
5331,359.4,29000,3,0,1,1,1,緑,北海道,札幌トヨタ自動車（株） 宮の沢店
5332,143.8,67000,9,0,1,0,1,黒,山口県,バギー 岩国本社
5333,87.6,90000,10,1,1,0,0,銀,岡山県,ＫＳＴオート　～自社ローン取扱店～
5334,179.3,76000,8,0,1,1,1,濃紫,茨城県,茨城トヨタ自動車株式会社 藤代店
5335,225,44000,8,0,1,0,1,白真珠,山形県,サービスカーエムズ 本店
5336,299.8,48000,4,0,1,1,1,真珠,滋賀県,株式会社甲賀自動車工業所
5337,110,78000,11,1,1,0,1,黒Ｍ,福岡県,自社ローンＡｕｔｏ　Ｓｅｒｖｉｃｅ　ＫＳ
5338,193.6,24000,9,0,0,1,0,白真珠,千葉県,ケーユー 千葉ニュータウン店
5339,115.2,79000,10,1,1,0,1,黒Ｍ,沖縄県,沖縄トヨタ自動車株式会社 トヨタウンとよさき店
5340,173.9,32000,9,0,0,1,0,銀Ｍ,東京都,ケーユー 本店
5341,198.3,38000,8,0,1,0,1,紫,千葉県,ツチヤ自動車 千葉北店
5342,87.8,67000,14,0,1,0,1,薄青Ｍ,大阪府,ＢＵＬＬＪＥ　ブルジュ
5343,146,27000,11,0,1,0,1,真珠Ｍ,三重県,三重トヨペット（株） 津垂水本店
5344,130,62000,9,1,1,0,1,茶真珠,栃木県,ホンダカーズ栃木中央 Ｕ－Ｓｅｌｅｃｔ小山
5345,191,43000,8,1,1,1,1,紫,福岡県,平川モータース
5346,140,72000,10,0,1,0,1,銀青,宮城県,カーショップ・エフ
5347,98.8,119000,11,0,1,0,1,白真珠,宮城県,Ｍｏｇｅｅ名取店
5348,165.6,77000,11,0,1,1,1,青,東京都,ガリバー 先行登録店
5349,50,147000,14,0,1,0,1,金黒II,新潟県,３‐ｓｔｙｌｅ
5350,160.8,46000,9,0,1,0,1,白真珠,東京都,トヨタＳ＆Ｄ西東京 Ｕ－Ｃａｒ羽村店
5351,233,47000,5,0,0,1,1,白真珠,宮崎県,福井石油株式会社 浮田カーライフステーション
5352,117.7,128000,10,0,1,1,1,真珠,静岡県,ベストガレージ
5353,306.6,74000,3,0,1,1,1,真珠,三重県,ガリバー 三重県　先行登録店
5354,158.3,73000,10,0,1,0,1,黒Ｍ,山形県,（株）三和モータース 酒田店
5355,159.5,23000,10,0,0,0,0,黒Ｍ,神奈川県,ケーユー 湘南戸塚店
5356,198.8,66000,7,0,1,0,1,白真珠,広島県,カーフレンズトーア ヒューネット八木
5357,64.1,123000,13,0,0,0,1,赤紫,北海道,オートショップ時商
5358,89.8,132000,11,1,1,1,1,黒,京都府,Ｈｏｎｅｓｔ　ｃａｒ　ｓｈｏｐ　～正直な車屋さん～
5359,144.8,82000,9,0,0,1,1,銀Ｍ,大分県,新光石油 セルフ南大分ＳＳ
5360,315.4,29000,3,0,1,1,1,青,千葉県,トヨタカローラ千葉 都町マイカーセンター
5361,182,11000,9,0,1,0,1,銀,神奈川県,ウェルモビリティ　相模原店
5362,178.4,23000,10,0,0,0,1,白真珠,東京都,ａｐｏｌｌｏ　ｓｔａｔｉｏｎ　セルフ徳丸ＳＳ
5363,233.8,45000,7,0,1,1,1,白真珠,広島県,ルマンオート　東広島店
5364,65.2,99000,13,1,1,0,1,銀Ｍ,静岡県,オートアペックス
5365,229.7,53000,7,0,1,1,1,真珠,東京都,ガリバー 先行登録店
5366,317.1,7000,2,0,1,1,1,黒,愛媛県,トヨタカローラ愛媛（株） 宇和島店
5367,175,16000,9,0,1,0,1,銀Ｍ,栃木県,ＧＡＲＥＧＥ　Ｓｅｌｅｃｔ
5368,118.1,110000,9,0,1,0,1,桃,千葉県,トヨタカローラ千葉 茂原マイカーセンター
5369,147,97000,8,1,1,1,1,薄茶,福岡県,有限会社　ラビット柳川店
5370,210.6,29000,7,0,0,0,0,白真珠,東京都,ケーユー 本店
5371,182,43000,9,0,1,0,1,真珠,大阪府,ガリバー 大阪府　先行登録店
5372,198,18000,10,0,1,1,1,白真珠,宮崎県,カーズリース
5373,325.7,23000,4,1,1,1,1,真珠白,北海道,オートグラフティ
5374,329.8,6000,3,1,0,1,1,白真珠,大阪府,Ａ－Ｌｉｎｅ（エーライン）カスタムカー専門店
5375,170.5,39000,9,0,0,0,1,白真珠,千葉県,ケーユー 千葉店
5376,157,79000,11,0,1,0,1,銀,北海道,軽自動車．ｃｏｍ標茶店　Ｔｏｕｂｕ　Ｄａｉｈａｔｕ　Ｇｒｏｕｐ【ＪＵ適正販売店】
5377,178.1,92000,5,0,1,0,1,真珠Ｍ,新潟県,新潟トヨタ自動車 新津店
5378,165.1,35000,9,0,0,0,0,白真珠,千葉県,ケーユー 千葉店
5379,140.4,29000,11,0,0,0,0,銀Ｍ,埼玉県,ラビット 狭山入曽店　自動車販売部
5380,137,76000,10,0,1,0,1,白真珠,埼玉県,自社ローン埼玉　スリークロス埼玉東松山インター店
5381,101.8,60000,12,0,0,0,1,青,広島県,ネオスグループ オートショップネオス西風新都店
5382,198,32000,7,0,1,0,1,真珠,宮崎県,オートピア２１ 都城店
5383,133,97000,11,0,1,1,1,白真珠,愛知県,カーコレクションワンズ
5384,349,5000,2,0,0,1,1,真珠Ｍ,兵庫県,オートケイズ
5385,268,25000,5,0,1,1,1,薄茶,大阪府,ガリバー 大阪府　先行登録店
5386,143,42000,11,1,1,0,1,銀Ｍ,北海道,カーゾーンサッポロ 八軒店
5387,160.6,30000,11,0,0,0,1,白真珠,東京都,ケーユー 八王子店
5388,279.8,27000,5,0,1,1,1,薄茶,大阪府,ガリバー 大阪府　先行登録店
5389,168.8,50000,9,1,1,0,1,紫,北海道,オートグラフティ
5390,179.9,41000,10,0,0,0,0,白真珠,長野県,ケーユー 長野店
5391,247.3,32000,7,0,1,1,1,真珠Ｍ,沖縄県,沖縄トヨタ自動車株式会社 トヨタウン読谷店
5392,199,5000,9,0,1,0,1,青,神奈川県,ウェルモビリティ　相模原店
5393,269,19000,7,0,1,0,1,黒Ｍ,山形県,（株）ヴィヴィットコレクション
5394,164.8,63000,10,0,0,1,0,白真珠,富山県,ケーユー 富山インター店
5395,149.6,86000,11,0,0,1,1,真珠,宮城県,ストリートライフ 仙台泉店
5396,240.4,26000,7,0,1,0,1,赤,愛知県,ガリバー 名古屋茶屋　先行登録店
5397,161.5,28000,10,1,1,0,1,黒,広島県,カーランドサファリ ＲＣＣ中古車展示場ＭＥＧＡ　広島店
5398,249.5,28000,7,0,1,1,1,白真珠,山梨県,株式会社近藤モータース
5399,192.3,29000,9,0,1,0,1,銀,愛知県,ガリバー 名古屋茶屋　先行登録店
5400,189.1,14000,10,0,1,0,1,銀,香川県,坂出自動車 福祉車両専門店
5401,71.6,25000,15,1,0,0,1,薄茶,東京都,カーフレンド カスタム事業部
5402,85.8,14000,16,0,1,0,1,真珠白,兵庫県,おくるまネットワーク
5403,49.9,67000,20,1,0,0,1,銀Ｍ,石川県,Ｔ．ｉ．Ｍ　Ｃａｒｓ（ティムカーズ）
5404,118,102000,10,0,1,0,1,真珠,岡山県,カーセンターカワサキ
5405,91.8,82000,12,0,1,0,1,赤,大阪府,ＢＵＬＬＪＥ　ブルジュ
5406,210.2,46000,10,0,1,1,1,黒Ｍ,東京都,ガリバー 先行登録店
5407,179.8,10000,9,0,0,0,1,銀Ｍ,群馬県,福祉車両専門店　Ｌｏｏｋ　ｃａｒ　ｓｈｏｐ
5408,189.9,28000,9,0,1,0,1,茶Ｍ,山梨県,山梨トヨペット Ｕ－Ｃａｒ和戸店
5409,218.9,42000,7,0,1,0,1,黒Ｍ,新潟県,ヤマダ商店
5410,370.3,22000,3,0,1,1,1,黒,香川県,トヨタカローラ香川 善通寺インター店
5411,117,74000,11,0,0,0,1,白,広島県,（株）ガレージ・５５５
5412,233.5,11000,7,0,1,0,1,赤Ｍ,千葉県,（株）フジカーズジャパン 柏店　福祉車輌
5413,74.8,145000,10,0,0,0,1,黒Ｍ,茨城県,ＯＡＵ（オーエーユー）
5414,104.9,39000,18,0,1,0,1,濃青,神奈川県,ＴＨＩＲＴＹ　ＳＥＣＯＮＤ　ＭＯＴＯＲＳ
5415,219.9,64000,6,0,1,0,1,黒,大阪府,自社ローン大阪　ラビット堺泉北店
5416,115.8,45000,14,0,1,0,1,薄茶,愛知県,アウトドアカスタム専門店　センチュリオン
5417,180.9,55000,9,0,1,0,1,真珠白,千葉県,ツチヤ自動車 成田店
5418,199,37000,10,0,1,0,1,真珠,神奈川県,ウェルモビリティ　相模原店
5419,200,29000,9,1,1,1,1,黒,福岡県,自社ローン　カーライフ福岡店
5420,413.1,20,0,0,1,1,1,薄茶,香川県,有限会社　オートマックス
5421,192.2,40000,11,0,1,0,1,銀,愛知県,ガリバー 名古屋茶屋　先行登録店
5422,118,41000,13,0,1,0,1,灰,愛知県,ラビット　あま中央道店
5423,121,56000,15,0,1,0,1,薄茶,大阪府,スモーキーレイン　大阪店
5424,134.2,16000,15,0,1,0,1,薄茶,愛知県,アウトドアカスタム専門店　センチュリオン
5425,130.2,96000,14,0,1,0,1,灰,長崎県,グッカーズ８８
5426,163.8,53000,14,0,1,0,1,桃黒,大阪府,ＰａｐａＭａｍａ　ＣＡＲ’Ｓ ららぽーと堺店
5427,155,94000,11,1,1,1,1,真珠,千葉県,自社ローン　カーライフＴＯＫＹＯ店
5428,163.7,34000,11,0,0,0,0,黒,神奈川県,ケーユー 相模原西店
5429,98,88000,12,1,0,0,1,紫,広島県,（株）ガレージ・５５５
5430,138,65000,15,0,1,0,1,桃II,埼玉県,ＭＡＣＡＲＯＮ　ＣＯＤＥ／マカロンコーデ
5431,138,67000,16,0,1,0,1,橙II,埼玉県,ＭＡＣＡＲＯＮ　ＣＯＤＥ／マカロンコーデ
5432,138,16000,16,0,1,0,1,II白青,埼玉県,ＭＡＣＡＲＯＮ　ＣＯＤＥ／マカロンコーデ
5433,69.9,86000,17,0,0,0,1,青Ｍ,大阪府,ＨＡＩ（ヒロタオートインターナショナル）
5434,138,58000,18,0,1,0,1,薄薄茶,埼玉県,ＭＡＣＡＲＯＮ　ＣＯＤＥ／マカロンコーデ
5435,138,54000,18,0,1,0,1,白II,埼玉県,ＭＡＣＡＲＯＮ　ＣＯＤＥ／マカロンコーデ
5436,109.1,51000,19,0,1,0,1,薄茶,神奈川県,Ｊ－ＳＴＹＬＥ　ＪＡＰＡＮ
5437,212,75000,8,0,1,0,1,白真珠,埼玉県,スリークロス　川口店
5438,136.2,93000,14,0,1,0,1,灰,長崎県,グッカーズ８８
5439,237,91000,7,0,1,0,1,赤黒II,青森県,ネッツトヨタみちのく Ｕ－ＭＡＸ弘前
5440,38.8,130000,13,1,0,0,1,深銀Ｍ,広島県,ミスター中古車
5441,97.7,90000,13,0,0,0,1,薄青II,宮城県,Ｐａｓｔｅｌ　Ｃａｒｓ
5442,118.2,70000,13,0,1,0,1,緑薄茶,大阪府,ＬＵＰＵＳ　Ａｕｔｏ　ルプスオート
5443,131.7,58000,13,0,1,0,1,灰,神奈川県,Ｊ－ＳＴＹＬＥ　ＪＡＰＡＮ
5444,104.8,43000,17,0,1,0,1,茶黒,大阪府,ＬＵＰＵＳ　Ａｕｔｏ　ルプスオート
5445,88,71000,19,0,0,0,1,薄茶,静岡県,貫名自動車　【ＪＵ適正販売店】
5446,169,68000,9,0,1,1,1,茶真珠,愛知県,ＹＭＣＡＲＳ 豊橋本店
5447,143.8,50000,6,0,0,0,1,赤,千葉県,シェックトレーディング
5448,69.9,94000,10,0,1,0,1,黒Ｍ,群馬県,オートブレーン
5449,40,142000,14,0,0,0,0,紫,青森県,まる新オート
5450,259.9,38000,3,0,1,0,1,深灰,熊本県,ＧＣ北部　イマイ・カーサービス
5451,299.9,6,0,0,1,0,1,薄茶,熊本県,ＧＣ北部　イマイ・カーサービス
5452,329.9,5000,2,0,1,1,1,薄茶,熊本県,ＧＣ北部　イマイ・カーサービス
5453,309.9,16000,4,0,1,1,1,薄茶,熊本県,ＧＣ北部　イマイ・カーサービス
5454,38,118000,15,0,0,0,1,灰Ｍ,鹿児島県,ケイオート
5455,58,83000,14,0,0,0,1,緑,愛媛県,ウインズオート
5456,40.4,94000,16,0,1,0,1,銀,愛媛県,（有）宮内自動車販売
5457,24,990000,16,0,0,0,1,緑,沖縄県,幸喜解体
5458,145,23000,8,0,1,0,1,白,沖縄県,長浜モーター（有）
5459,99,60000,11,0,1,1,1,桃,沖縄県,ミネルバ
5460,108.2,92000,8,0,1,0,1,黒Ｍ,沖縄県,ナカダ自動車商会
5461,75,98000,9,1,0,0,1,黒,沖縄県,ハヤテオート
5462,266.6,14000,3,0,1,1,1,赤灰?,沖縄県,ユーポス奥武山店
5463,110,60000,11,0,1,0,1,青Ｍ,沖縄県,ＵＲＺＯ南上原店
5464,109.6,73000,10,0,1,0,1,黒Ｍ,沖縄県,株式会社ＣＡＲＸＩＳ
5465,129,78000,10,0,1,1,1,茶真珠,沖縄県,与那原自動車整備センター
5466,223.6,53000,3,0,1,0,1,白真珠,沖縄県,ナカダ自動車商会
5467,259.5,17000,3,0,0,0,1,薄緑,沖縄県,ユーポス奥武山店
5468,287.8,21000,4,0,1,1,1,白真珠,沖縄県,ユーポス奥武山店
5469,119.7,62000,11,0,1,0,1,赤Ｍ,沖縄県,ＵＲＺＯ南上原店
5470,260,33000,2,0,1,1,1,黒,沖縄県,豊橋自動車 南風原北インター店
5471,134.3,35000,10,0,0,0,1,銀Ｍ,沖縄県,ＴＯＰ　ＭＯＴＯＲ　ＯＫＩＮＡＷＡトップモーター沖縄
5472,98,73000,11,1,1,0,1,白真珠,沖縄県,城間自動車
5473,173.3,70000,8,0,1,1,1,紫Ｍ,沖縄県,ナカダ自動車商会
5474,295.1,26000,3,0,1,1,1,赤Ｍ,沖縄県,ナカダ自動車商会
5475,159,70000,7,0,1,0,1,赤,沖縄県,カーショップ　Ｈｉｒｏ
5476,174.1,35000,8,0,1,0,1,青Ｍ,沖縄県,ユーポス奥武山店
5477,185.5,36000,8,0,1,0,1,赤紫,沖縄県,ユーポス奥武山店
5478,129.7,64000,9,0,1,0,1,茶真珠,沖縄県,ＵＲＺＯ南上原店
5479,255,41000,2,0,1,1,1,白真珠,沖縄県,豊橋自動車 南風原北インター店
5480,204.5,55000,6,0,1,1,1,黒Ｍ,沖縄県,ユーポス美里店
5481,139.8,80000,9,0,1,1,1,青Ｍ,沖縄県,株式会社ＣＡＲＸＩＳ
5482,99,71000,10,1,1,0,1,銀Ｍ,沖縄県,喜納モータース 読谷支店
5483,178.3,55000,8,0,1,1,1,赤Ｍ,沖縄県,ユーポス美里店
5484,310.1,20000,3,0,1,1,1,薄緑,沖縄県,ＦＪオート
5485,166.5,55000,8,0,1,0,1,黄,沖縄県,ユーポス那覇新都心店
5486,260.3,21000,4,0,1,0,1,薄緑,沖縄県,ユーポス　豊見城店
5487,197.8,49000,8,0,1,1,1,銀Ｍ,沖縄県,ユーポス奥武山店
5488,149,78000,8,1,1,1,1,黒,沖縄県,有限会社三広自動車
5489,128.8,51000,10,1,1,1,1,緑Ｍ,沖縄県,ＰＥＡＣＨ　ＡＵＴＯ
5490,298,9000,2,0,1,1,1,白真珠,沖縄県,ＧＡＲＡＧＥ―沖縄　琉大前本店
5491,115,98000,10,0,1,0,1,茶真珠,沖縄県,古堅モータース
5492,179,54000,6,1,1,1,1,緑黒?,沖縄県,喜納モータース
5493,204.3,11000,8,0,1,0,1,青,沖縄県,ユーポス美里店
5494,169,56000,6,1,1,0,1,黒Ｍ,沖縄県,（有）幸洋自動車販売
5495,298,13,2,0,1,1,1,白真珠,沖縄県,与那原自動車整備センター
5496,169.9,52000,9,0,1,1,1,白真珠,沖縄県,ＵＲＺＯ南上原店
5497,83,51000,14,0,1,0,1,白真珠,神奈川県,株式会社オートキッズ
5498,97,98000,10,1,1,0,1,黒Ｍ,沖縄県,ＡＵＴＯＳＨＯＰ　ごぉごぉ’ず
5499,195,10000,8,0,0,0,0,白,埼玉県,清河合同会社
5500,260,15000,3,1,1,1,1,緑,沖縄県,伊禮石油
5501,176.1,63000,8,0,0,0,1,真珠茶,沖縄県,ユーポス美里店
5502,138,74000,10,1,1,1,1,茶真珠,沖縄県,ガレージムゲン
5503,97,110000,10,0,1,0,1,白,沖縄県,サンエムサービス
5504,246,43000,4,0,1,0,1,白,沖縄県,ＤＡＮＤＥＬＩＯＮ北谷店
5505,159.9,24000,10,0,1,0,1,黒Ｍ,沖縄県,ＵＲＺＯ南上原店
5506,159,68000,9,1,1,1,1,黒,沖縄県,ＳＰＥＣＩＡＬ　ＣＡＲ，Ｓ
5507,98.9,13000,11,1,1,0,0,青,埼玉県,バントラック館　カーウィングジャパン