index,車両本体価格(万円),走行距離(km),車歴,修復歴,保証,ハイブリッド,車検,都道府県
1,225.9,14000,2,0,0,1,1,千葉県
2,154.8,86000,3,0,0,1,1,新潟県
3,155.7,80000,3,0,0,1,1,新潟県
4,99.9,70000,8,0,1,0,1,愛知県
5,149.8,27000,7,0,1,0,1,愛知県
6,143.3,98000,3,0,0,1,1,千葉県
7,147.3,93000,3,0,0,1,1,千葉県
8,148.5,92000,3,0,0,1,1,千葉県
9,149,82000,3,0,0,1,1,栃木県
10,149.8,91000,3,0,0,1,1,千葉県
11,149.8,98000,3,0,0,1,1,千葉県
12,149.8,90000,3,0,0,1,1,千葉県
13,149.9,89000,3,0,0,1,1,千葉県
14,153.9,82000,3,0,0,1,1,栃木県
15,154.8,86000,3,0,0,1,1,千葉県
16,154.8,86000,3,0,0,1,1,埼玉県
17,154.8,86000,3,0,0,1,1,千葉県
18,159,80000,3,0,0,1,1,新潟県
19,159.6,82000,3,0,0,1,1,千葉県
20,159.8,85000,3,0,0,1,1,千葉県
21,159.8,86000,3,0,0,1,1,千葉県
22,159.9,81000,3,0,0,1,1,新潟県
23,162.3,89000,3,0,0,1,1,千葉県
24,164.8,78000,3,0,0,1,1,栃木県
25,169.8,74000,3,0,0,1,1,千葉県
26,174.8,67000,3,0,0,1,1,千葉県
27,174.8,65000,3,0,0,1,1,栃木県
28,99.8,89000,8,0,1,1,1,福島県
29,164.8,81000,3,0,0,1,1,新潟県
30,127.7,55000,7,0,1,0,1,愛知県
31,129.7,53000,8,0,1,1,1,愛知県
32,105.8,44000,9,0,1,0,1,宮城県
33,98.1,32000,9,0,1,0,1,大阪府
34,164.8,75000,3,0,0,1,1,栃木県
35,128.3,28000,8,0,1,0,1,大阪府
36,115.6,49000,8,0,1,0,1,福井県
37,99.9,64000,10,0,1,0,1,新潟県
38,98.6,59000,10,0,1,0,1,長崎県
39,164.8,76000,3,0,0,1,1,埼玉県
40,189.8,59000,4,0,0,1,0,岡山県
41,139.2,22000,7,0,1,0,1,宮崎県
42,104.9,54000,10,0,1,0,1,愛知県
43,134.3,41000,7,0,1,0,1,愛知県
44,91.3,59000,11,0,1,1,1,大阪府
45,235.9,29000,3,0,1,1,1,埼玉県
46,182.7,52000,5,0,1,1,1,山梨県
47,109.9,67000,10,0,1,1,1,大阪府
48,108.6,38000,9,0,1,0,1,大阪府
49,117.3,81000,8,0,1,1,1,宮城県
50,85.9,86000,6,0,0,0,0,千葉県
51,150.9,49000,7,0,1,0,1,愛知県
52,206.8,39000,7,0,1,0,1,秋田県
53,187,45000,5,0,1,1,1,愛知県
54,196.8,26000,3,0,0,0,1,千葉県
55,186.8,32000,4,0,0,0,0,千葉県
56,174.9,57000,3,0,0,0,0,岡山県
57,109,68000,9,0,1,0,1,三重県
58,125.8,60000,10,0,1,1,1,大阪府
59,136.9,35000,7,0,1,0,1,三重県
60,204,16000,3,0,0,0,0,千葉県
61,97.8,49000,9,1,1,1,0,神奈川県
62,114.9,42000,9,0,1,0,1,愛知県
63,96.4,47000,10,0,1,0,1,大阪府
64,135.9,68000,8,0,1,1,1,愛知県
65,89.6,87000,11,0,1,0,1,大分県
66,119.9,65000,8,0,0,1,0,千葉県
67,189.7,33000,4,0,0,0,0,栃木県
68,129.8,64000,8,0,1,0,1,兵庫県
69,224.8,30000,5,0,1,1,1,愛知県
70,139.9,51000,9,0,1,0,1,北海道
71,77.8,97000,10,0,1,0,0,宮城県
72,229.6,32000,3,0,0,1,1,千葉県
73,108,57000,11,0,1,1,1,大阪府
74,100,78000,10,0,1,0,1,愛知県
75,106.8,78000,10,0,1,0,1,富山県
76,108.9,15000,9,0,1,0,1,大阪府
77,181.9,49000,6,0,1,1,1,福島県
78,128.8,78000,6,0,1,0,1,沖縄県
79,214.7,9000,3,0,0,0,0,千葉県
80,151.9,41000,7,0,1,0,1,大阪府
81,184.8,41000,3,0,0,0,1,千葉県
82,91.4,100000,10,0,1,1,1,愛知県
83,94.6,50000,11,0,1,0,1,埼玉県
84,187.1,31000,5,0,1,1,1,大阪府
85,129.8,61000,9,0,1,0,1,福島県
86,249.8,38000,2,0,1,1,1,大阪府
87,129.9,85000,6,0,1,0,1,福岡県
88,198.9,15000,3,0,1,0,1,大阪府
89,112.7,19000,9,0,0,0,0,岡山県
90,122.4,64000,10,0,1,1,1,岡山県
91,268.8,22000,2,0,1,1,1,愛知県
92,103.9,97000,10,0,1,1,1,福岡県
93,222.8,18000,4,0,1,1,1,群馬県
94,95.7,81000,9,0,1,1,1,埼玉県
95,233.9,44000,4,0,0,1,0,岡山県
96,229.5,19000,3,0,0,1,1,岡山県
97,262.4,7000,1,0,0,1,0,千葉県
98,182.8,45000,7,0,1,1,1,兵庫県
99,103.1,79000,9,0,1,1,1,埼玉県
100,204.9,22000,3,0,0,0,0,千葉県
101,126.8,62000,9,0,1,0,1,岡山県
102,161.8,66000,8,0,1,1,1,広島県
103,233.8,32000,3,0,1,0,0,愛知県
104,136.8,82000,7,0,1,1,1,宮城県
105,150.2,36000,7,0,1,0,1,宮崎県
106,157.9,42000,7,0,1,0,1,愛知県
107,96.4,78000,10,0,1,0,1,奈良県
108,143.8,26000,8,0,1,0,1,千葉県
109,124.9,67000,9,0,1,0,1,和歌山県
110,114.8,64000,9,0,1,0,1,群馬県
111,205.8,39000,5,0,1,1,1,埼玉県
112,229.8,53000,4,0,0,1,0,岡山県
113,207.9,41000,5,0,1,1,1,宮城県
114,247.7,21000,3,0,1,1,1,栃木県
115,172.2,24000,7,0,1,0,1,香川県
116,113.9,50000,9,0,1,0,1,滋賀県
117,259.9,24000,3,0,1,1,1,愛知県
118,299.8,14000,3,0,1,1,1,埼玉県
119,149.8,66000,7,0,1,1,1,埼玉県
120,179.9,60000,6,0,1,1,1,大阪府
121,109.9,80000,10,0,1,1,1,千葉県
122,269.9,12000,1,0,1,1,1,神奈川県
123,137.7,71000,7,0,0,1,0,千葉県
124,159.8,58000,8,0,1,1,1,岡山県
125,119.6,75000,9,0,1,0,1,大分県
126,134.8,58000,8,0,0,0,1,千葉県
127,153.8,46000,8,0,1,0,1,東京都
128,214.8,68000,3,0,0,1,0,新潟県
129,239.8,3000,3,0,0,1,1,埼玉県
130,173.7,40000,7,0,1,1,1,茨城県
131,293.8,22000,3,0,1,1,1,愛知県
132,181.8,70000,5,0,1,1,1,宮城県
133,244.9,38000,3,0,1,1,1,大阪府
134,239.2,74000,4,0,1,1,1,宮城県
135,199.8,33000,4,0,1,0,1,熊本県
136,249.9,10,1,0,1,1,1,岐阜県
137,129.7,51000,10,0,1,0,1,愛知県
138,109.9,79000,9,0,1,1,1,埼玉県
139,299.8,5000,2,0,1,1,1,熊本県
140,219.8,4000,3,0,0,0,1,栃木県
141,183.8,48000,7,0,1,0,1,福島県
142,89.8,78000,10,0,1,0,1,神奈川県
143,157.8,52000,7,0,1,0,1,埼玉県
144,209.8,31000,4,0,1,1,1,大阪府
145,149.9,46000,7,0,1,0,1,愛媛県
146,220.3,50000,3,0,0,1,0,岡山県
147,140.9,43000,8,0,1,0,1,兵庫県
148,138.5,63000,6,0,1,0,1,埼玉県
149,117.8,71000,10,0,1,1,1,愛知県
150,79.9,77000,11,0,1,0,1,福井県
151,231.5,54000,3,0,1,1,1,大阪府
152,116.9,96000,8,0,0,1,0,岡山県
153,109.9,50000,10,0,1,0,1,香川県
154,253.8,21000,3,0,0,1,0,岡山県
155,159.8,64000,8,0,1,1,1,大阪府
156,165.8,37000,7,0,1,0,1,大阪府
157,249.8,7000,3,0,0,1,1,千葉県
158,109.9,83000,9,0,1,1,1,千葉県
159,180.4,37000,5,0,1,0,1,愛知県
160,139.8,53000,10,0,1,1,1,佐賀県
161,263.2,6000,3,0,1,1,1,兵庫県
162,128.8,77000,8,0,1,0,1,佐賀県
163,251.8,9000,2,0,1,0,1,三重県
164,129.4,19000,9,0,1,0,1,埼玉県
165,137.6,81000,8,0,1,1,1,愛知県
166,179.9,44000,7,0,1,0,1,茨城県
167,214.9,36000,4,0,1,1,1,栃木県
168,179.8,38000,7,0,1,0,1,愛媛県
169,109.2,50000,9,0,1,0,1,大阪府
170,105.8,65000,11,0,1,0,1,神奈川県
171,249.8,44000,3,0,1,1,1,佐賀県
172,259.9,8000,3,0,0,1,1,千葉県
173,297.8,21000,3,0,1,1,1,愛媛県
174,249.9,7000,3,0,1,0,1,愛媛県
175,247.8,15000,2,0,1,0,1,岐阜県
176,114.9,57000,10,0,1,1,1,大阪府
177,168.9,33000,5,0,1,0,1,栃木県
178,187.8,24000,7,0,1,0,1,福岡県
179,109.9,94000,8,0,1,0,1,千葉県
180,179.8,73000,5,0,1,1,1,佐賀県
181,206.8,36000,5,0,1,0,1,埼玉県
182,189.8,60000,4,0,1,0,1,熊本県
183,258.8,67000,3,0,1,1,1,石川県
184,239.8,6000,3,0,0,1,1,栃木県
185,129.9,52000,9,0,1,0,1,愛知県
186,189.8,41000,5,0,1,0,1,高知県
187,268.3,46000,3,0,1,1,1,三重県
188,295.9,18000,2,0,1,1,1,愛知県
189,189.6,52000,3,0,0,0,0,千葉県
190,259.9,6,0,0,1,1,1,熊本県
191,139.9,86000,7,0,1,1,1,三重県
192,82.8,78000,10,0,1,0,0,埼玉県
193,147.8,79000,8,0,1,1,1,山口県
194,259.8,16000,3,0,0,1,1,千葉県
195,168.6,52000,7,0,1,0,1,福岡県
196,290.8,14,1,0,1,1,1,群馬県
197,125.8,86000,8,0,1,0,1,沖縄県
198,146.9,55000,7,0,1,0,1,滋賀県
199,189.8,36000,6,0,1,0,1,静岡県
200,179.8,37000,7,0,1,0,1,滋賀県
201,208.6,41000,5,0,1,1,1,大阪府
202,249.8,37000,2,0,1,1,1,愛知県
203,154.9,66000,4,0,0,1,0,千葉県
204,201.8,21000,5,0,1,0,1,福岡県
205,233.6,36000,3,0,1,0,1,茨城県
206,159.6,49000,9,0,1,0,1,岩手県
207,241.9,18000,2,0,1,0,1,東京都
208,162.8,65000,8,0,1,1,1,宮城県
209,264.9,29000,2,0,1,1,1,愛知県
210,282.9,11000,3,0,1,1,1,千葉県
211,246.7,4000,2,0,1,0,1,静岡県
212,129.9,63000,8,0,1,0,1,兵庫県
213,226.8,44000,5,0,1,1,1,広島県
214,289.8,26000,3,0,1,1,1,北海道
215,247.8,13000,2,0,1,0,1,愛知県
216,233.8,35000,4,0,1,1,1,東京都
217,133.7,80000,6,0,1,0,1,福島県
218,209,30000,5,0,1,1,1,群馬県
219,185.8,23000,6,0,1,0,1,群馬県
220,114.8,41000,10,0,1,0,1,大阪府
221,261.2,32000,3,0,1,1,1,茨城県
222,197.9,50000,5,0,1,1,1,愛知県
223,169.3,33000,6,0,1,0,1,愛知県
224,138.8,36000,9,0,1,0,1,埼玉県
225,169.8,55000,6,0,1,0,1,新潟県
226,219.8,31000,7,0,1,1,0,大阪府
227,149.8,64000,8,0,1,0,1,大阪府
228,199.8,34000,5,0,1,0,1,愛知県
229,266.3,31000,4,0,1,1,1,茨城県
230,254.9,20,1,0,1,1,1,千葉県
231,107.5,89000,11,0,1,1,1,兵庫県
232,107.9,83000,9,0,1,0,1,滋賀県
233,199.9,58000,5,0,1,1,1,長野県
234,148.2,54000,6,0,1,1,1,大阪府
235,265.9,23000,3,0,1,1,1,東京都
236,155.8,76000,7,0,1,1,1,埼玉県
237,146.2,56000,8,0,1,0,1,大阪府
238,172.8,46000,8,0,1,0,1,宮城県
239,258.8,26000,3,0,1,0,1,愛知県
240,199.8,28000,5,0,1,0,1,福岡県
241,254.6,52000,3,0,1,1,1,京都府
242,124.9,87000,9,0,1,1,1,栃木県
243,237.4,12000,3,0,1,0,1,埼玉県
244,199.8,33000,5,0,1,0,1,高知県
245,99.5,65000,11,0,1,0,1,埼玉県
246,125.2,84000,6,0,1,0,1,愛知県
247,109.9,42000,11,0,1,0,1,東京都
248,244.9,21000,3,0,1,0,1,福岡県
249,248.9,10000,2,0,1,0,1,大阪府
250,170.8,31000,8,0,1,0,1,福岡県
251,156.8,39000,8,0,1,0,1,大阪府
252,159.8,22000,9,0,1,1,1,愛知県
253,172.8,29000,7,0,1,0,1,奈良県
254,169.3,54000,7,0,1,1,1,埼玉県
255,298.8,28000,3,0,1,1,0,福井県
256,179.8,44000,4,0,1,0,1,神奈川県
257,259.9,12,1,0,1,1,1,熊本県
258,251.9,20,1,0,1,1,1,福岡県
259,259.9,10,1,0,1,1,1,熊本県
260,236.5,14000,4,0,1,1,1,埼玉県
261,198.8,38000,6,0,1,1,1,愛知県
262,97.8,58000,10,0,1,0,1,埼玉県
263,116.8,116000,8,0,1,1,1,宮城県
264,218.5,46000,4,0,0,0,0,岡山県
265,242.9,13,1,0,1,1,1,石川県
266,198,47000,5,0,1,0,1,千葉県
267,218.8,21000,5,0,1,1,1,静岡県
268,264.8,25000,3,0,0,1,1,新潟県
269,293.1,20000,2,0,1,1,1,大阪府
270,92.2,118000,10,0,1,1,1,愛知県
271,99.9,98000,11,0,1,0,1,愛知県
272,259.9,8,1,0,1,1,1,三重県
273,259.9,8,1,0,1,1,1,和歌山県
274,273,31000,3,0,1,1,1,栃木県
275,155.8,47000,7,0,1,0,1,福島県
276,324.9,5,1,0,1,1,1,熊本県
277,298.5,15000,2,0,1,1,1,愛知県
278,169.6,44000,6,0,1,0,1,大阪府
279,144.6,72000,8,0,0,1,0,岡山県
280,113.6,71000,10,0,1,1,1,長崎県
281,306.8,14000,2,0,1,1,1,東京都
282,180.7,57000,7,0,1,1,1,宮城県
283,159.8,63000,9,0,1,1,1,岐阜県
284,93.9,98000,9,0,1,1,1,愛知県
285,279.9,29000,3,0,1,1,1,愛知県
286,263.8,19000,4,0,1,1,1,大阪府
287,205.9,60000,5,0,1,1,1,千葉県
288,129.6,92000,8,0,1,0,1,長崎県
289,109.7,95000,9,0,1,1,1,大阪府
290,119.9,51000,10,0,1,0,1,長野県
291,118.8,71000,10,0,1,1,1,島根県
292,280.3,20000,3,0,1,1,1,群馬県
293,268,23000,3,0,1,1,1,大阪府
294,164.9,35000,8,0,1,1,1,愛知県
295,109.1,39000,10,0,1,0,1,愛知県
296,324.9,41,1,0,1,1,1,熊本県
297,99.9,71000,10,0,1,0,1,千葉県
298,170,58000,8,0,1,1,1,愛知県
299,97.8,104000,11,0,1,1,1,岡山県
300,138.8,83000,8,0,1,1,1,愛知県
301,262.9,10,1,0,1,1,1,愛媛県
302,239.8,7,1,0,1,0,1,神奈川県
303,219.8,8000,5,0,1,1,1,宮城県
304,259.9,10000,3,0,1,1,1,福井県
305,266.8,7,1,0,1,1,1,群馬県
306,136.3,51000,10,0,1,1,1,和歌山県
307,195.8,21000,6,0,1,0,1,宮城県
308,299.9,9000,2,0,1,1,1,新潟県
309,139.8,49000,9,0,1,0,1,愛知県
310,269.8,21000,3,0,1,1,1,愛知県
311,339.9,10,1,0,1,1,1,京都府
312,247.8,23000,4,0,1,1,1,奈良県
313,143.9,36000,8,0,1,0,1,大阪府
314,84,123000,11,0,1,1,1,岐阜県
315,305.8,12000,2,0,1,1,1,福岡県
316,118.3,62000,11,0,1,0,1,大阪府
317,285.8,10000,3,0,1,1,1,愛知県
318,154.9,59000,7,0,1,0,1,愛知県
319,259.9,10,1,0,1,1,1,岡山県
320,149.9,26000,8,0,1,0,1,愛知県
321,234.8,18000,4,0,1,1,1,福島県
322,158.8,61000,8,0,1,0,1,群馬県
323,169.9,50000,7,0,1,0,1,茨城県
324,254.7,27000,4,0,0,1,0,千葉県
325,289.8,3000,3,0,1,1,1,愛知県
326,158.3,82000,4,0,1,1,1,埼玉県
327,244.7,25000,3,0,1,0,1,熊本県
328,198.1,15000,5,0,1,1,1,福岡県
329,172,28000,6,0,1,0,1,愛知県
330,295.8,24000,3,0,1,1,1,滋賀県
331,278.8,37000,3,0,1,1,1,愛知県
332,183.8,33000,7,0,1,0,1,和歌山県
333,202.8,30000,6,0,1,0,1,福岡県
334,174.8,42000,8,0,1,1,1,大阪府
335,214.8,46000,5,0,1,0,1,北海道
336,164.8,29000,7,0,1,0,1,大阪府
337,199.8,38000,5,0,1,0,1,熊本県
338,309.8,15000,2,0,1,1,1,佐賀県
339,145.8,22000,11,0,1,1,1,大阪府
340,300.4,11000,2,0,1,1,1,愛知県
341,119.9,82000,9,0,1,1,1,大阪府
342,179.8,53000,6,0,1,0,1,鹿児島県
343,104.9,75000,9,0,1,0,1,佐賀県
344,169.9,57000,4,0,0,1,0,千葉県
345,112.9,87000,8,0,1,0,1,長崎県
346,199.8,44000,6,0,1,0,1,大阪府
347,278.8,12000,3,0,1,0,1,東京都
348,207.8,60000,3,0,1,1,1,富山県
349,261.8,20000,2,0,1,1,1,愛知県
350,275.3,43000,3,0,1,1,1,大阪府
351,185.4,31000,5,0,1,0,1,岡山県
352,221.9,9000,3,0,1,0,1,大阪府
353,149.8,34000,9,0,1,0,1,埼玉県
354,284.9,24000,3,0,1,1,1,愛知県
355,189.8,27000,8,0,1,1,1,山口県
356,118.4,42000,10,0,0,0,1,神奈川県
357,269.9,46000,3,0,1,1,1,静岡県
358,229,6,1,0,1,0,1,香川県
359,74.9,94000,11,0,0,0,1,岡山県
360,313.8,27000,2,0,1,1,1,東京都
361,274.7,12000,3,0,1,1,1,佐賀県
362,259.9,7000,2,0,1,0,1,福岡県
363,222.6,30000,4,0,1,0,1,千葉県
364,172.9,69000,5,0,1,0,1,三重県
365,258.8,23000,4,0,1,1,1,広島県
366,277.8,41000,3,0,1,1,1,宮城県
367,139.8,68000,10,0,1,1,1,滋賀県
368,159.8,38000,8,0,1,0,1,富山県
369,218.3,33000,4,0,1,0,1,埼玉県
370,199.9,41000,6,0,1,1,1,神奈川県
371,239.8,52000,3,0,0,1,1,千葉県
372,167.9,50000,8,0,1,0,1,静岡県
373,187.8,48000,6,0,1,1,1,岡山県
374,124.9,48000,9,0,1,0,1,埼玉県
375,259.9,31000,3,0,1,1,1,宮城県
376,300.4,15000,2,0,1,1,1,愛知県
377,167.8,53000,8,0,1,1,1,千葉県
378,173.8,35000,8,0,1,0,1,三重県
379,262.9,7,1,0,1,1,1,三重県
380,152.8,70000,7,0,1,0,1,岡山県
381,257,16000,3,0,1,0,1,三重県
382,127.8,58000,9,0,1,0,1,愛知県
383,187.8,46000,7,0,1,0,1,愛知県
384,219.8,44000,5,0,1,1,1,愛知県
385,282.9,29000,3,0,1,1,1,三重県
386,176.6,54000,5,0,1,0,1,大阪府
387,208.3,29000,5,0,1,1,1,大阪府
388,151.8,67000,7,0,1,1,0,埼玉県
389,159.8,69000,7,0,1,0,1,滋賀県
390,193.9,57000,5,0,1,1,1,埼玉県
391,189.9,47000,7,0,1,0,1,岡山県
392,212.8,40000,4,0,1,0,1,富山県
393,274.8,20000,3,0,0,1,1,新潟県
394,173.8,60000,8,0,1,1,1,福島県
395,250.1,29000,3,0,1,1,1,大阪府
396,159.9,82000,8,0,1,1,1,長野県
397,169.9,42000,6,0,1,0,1,山形県
398,255.8,17000,3,0,1,1,1,愛知県
399,178.3,37000,5,0,1,0,1,愛知県
400,169.8,53000,7,0,1,0,1,熊本県
401,124.8,88000,10,0,1,1,1,愛知県
402,319.8,4000,1,0,1,1,1,宮城県
403,118.8,60000,9,0,1,0,1,大阪府
404,149.8,55000,10,0,1,1,1,群馬県
405,179.9,38000,5,0,1,0,1,奈良県
406,134.9,104000,7,0,1,1,1,福岡県
407,292.6,16000,2,0,1,1,1,神奈川県
408,147.5,64000,9,0,1,1,1,愛知県
409,239.8,14000,4,0,0,1,0,千葉県
410,134.8,51000,9,0,1,0,1,愛知県
411,119.8,63000,11,0,1,0,1,大阪府
412,299.8,8000,1,0,1,1,1,大阪府
413,119.9,57000,10,0,1,1,1,埼玉県
414,193.8,26000,6,0,1,0,1,奈良県
415,301.8,24000,3,0,1,1,1,愛知県
416,170.8,28000,8,0,1,0,1,千葉県
417,157.3,61000,7,0,1,0,1,高知県
418,262.4,48000,3,0,1,1,1,栃木県
419,116.4,22000,10,0,1,0,1,愛知県
420,305.9,10000,2,0,1,1,1,大阪府
421,198.8,50000,5,0,1,0,1,埼玉県
422,277.2,23000,3,0,1,1,1,宮崎県
423,187.8,40000,8,0,1,1,1,愛知県
424,138.4,54000,11,0,1,1,1,愛知県
425,275.9,9000,2,0,1,1,1,静岡県
426,137.8,64000,9,0,1,0,1,三重県
427,164.8,40000,8,0,1,0,1,埼玉県
428,226.5,29000,3,0,1,0,1,埼玉県
429,196.8,90000,4,0,0,1,0,千葉県
430,198.8,42000,6,0,1,0,1,熊本県
431,244.9,20,1,0,1,0,1,愛知県
432,149.9,69000,4,0,0,1,0,千葉県
433,139.9,59000,11,0,1,1,1,新潟県
434,189.8,32000,6,0,1,0,1,沖縄県
435,142.8,28000,7,1,1,0,0,神奈川県
436,159.8,45000,9,0,1,1,1,佐賀県
437,279.9,10000,4,0,1,1,1,鹿児島県
438,262.7,10,1,0,1,1,1,長崎県
439,287.7,31000,2,0,1,1,1,兵庫県
440,183,32000,7,0,1,1,1,長崎県
441,199.9,44000,5,0,1,0,1,岐阜県
442,119.8,89000,10,0,1,1,1,静岡県
443,270.7,27000,3,0,1,1,1,愛知県
444,296.8,15000,3,0,1,1,1,東京都
445,169.9,45000,9,0,1,1,1,宮城県
446,284.8,26000,4,0,1,1,1,富山県
447,185.2,48000,7,0,1,1,1,大阪府
448,284.4,17000,2,0,1,1,1,栃木県
449,260.9,43000,3,0,1,1,0,宮城県
450,221.8,43000,5,0,1,1,1,愛知県
451,251.4,25000,3,0,1,0,1,大阪府
452,286.8,42000,3,0,1,1,1,大阪府
453,152.3,88000,8,0,1,1,1,愛知県
454,173.8,40000,8,0,1,1,1,茨城県
455,279.6,21000,3,0,1,1,1,大分県
456,269.9,32000,3,0,1,1,1,奈良県
457,115.6,101000,8,0,0,1,0,栃木県
458,139.9,73000,9,0,1,1,1,愛知県
459,279.8,13000,2,0,1,1,1,愛知県
460,208.8,28000,5,0,1,0,1,愛知県
461,234.9,60000,4,0,1,1,1,愛知県
462,289.7,13000,3,0,1,1,1,茨城県
463,139.2,69000,8,0,1,0,1,栃木県
464,297.1,13000,2,0,1,1,1,埼玉県
465,272.8,10000,3,0,1,0,1,愛知県
466,185.8,31000,6,0,1,0,1,神奈川県
467,149.6,85000,8,0,1,1,1,大分県
468,199.2,55000,3,0,1,0,1,大阪府
469,271.9,41000,3,0,1,1,1,兵庫県
470,269.8,59000,3,0,1,1,1,東京都
471,319.9,3000,1,0,1,1,1,宮城県
472,289.9,35000,3,0,1,1,1,岡山県
473,114.9,50000,11,0,1,0,1,三重県
474,192.9,34000,7,0,1,0,1,愛知県
475,149.8,87000,7,0,1,0,1,北海道
476,250.8,27000,3,0,1,1,1,愛知県
477,272.9,22000,2,0,1,1,1,和歌山県
478,277.9,19000,3,0,1,0,1,千葉県
479,269.9,29000,3,0,1,1,1,群馬県
480,159.9,66000,8,0,1,1,1,熊本県
481,299.9,20000,3,0,1,1,1,千葉県
482,259.8,20000,3,0,0,1,0,栃木県
483,265.8,37000,3,0,1,1,1,神奈川県
484,192.9,49000,7,0,1,1,1,福岡県
485,159.8,60000,8,0,1,0,1,静岡県
486,285.8,31000,4,0,1,1,1,山口県
487,294.8,35000,3,0,1,1,1,愛知県
488,292.2,9000,3,0,1,1,1,三重県
489,203.8,54000,4,0,1,1,1,静岡県
490,254.4,13000,3,0,1,0,1,大阪府
491,144.8,52000,9,0,1,0,1,福岡県
492,237.9,17000,3,0,1,0,1,神奈川県
493,290.1,16000,3,0,1,1,1,福岡県
494,279.9,16000,3,0,1,1,1,岡山県
495,79.9,96000,10,0,1,0,1,千葉県
496,271.5,31000,3,0,1,1,1,栃木県
497,196.8,58000,7,0,1,1,1,大阪府
498,158,53000,8,0,1,1,1,静岡県
499,220.3,39000,5,0,1,1,1,愛知県
500,299.9,11000,1,0,1,1,1,宮城県
501,225.9,9000,4,0,1,1,1,奈良県
502,133.3,72000,9,0,1,1,1,大阪府
503,203.3,17000,5,0,1,0,1,大阪府
504,189.4,9000,6,0,1,0,1,茨城県
505,282.2,15000,4,0,1,1,1,茨城県
506,259.9,14000,4,0,1,1,1,岡山県
507,163.8,46000,8,0,1,0,1,兵庫県
508,110,94000,10,0,1,1,1,宮城県
509,242.6,27000,2,0,1,0,1,愛知県
510,173.9,68000,7,0,1,0,1,福島県
511,249.8,31000,3,0,1,0,1,富山県
512,89.8,100000,10,0,1,0,1,愛知県
513,137.8,49000,10,0,1,0,1,宮崎県
514,137.9,59000,9,0,1,0,1,愛知県
515,192.9,44000,5,0,1,0,1,熊本県
516,295.9,24000,2,0,1,1,1,栃木県
517,368,7,0,0,1,1,1,北海道
518,137.2,76000,7,0,1,0,1,大阪府
519,203.6,51000,5,0,1,1,1,熊本県
520,107.7,50000,11,0,0,0,1,神奈川県
521,308.9,21000,2,0,1,1,1,岐阜県
522,191.2,32000,7,0,1,1,1,京都府
523,196.2,14000,6,0,1,1,1,埼玉県
524,169.8,86000,6,0,1,1,1,沖縄県
525,278.7,9000,3,0,1,1,1,大阪府
526,299.8,14,1,0,1,1,1,群馬県
527,289.9,17000,3,0,1,1,1,宮城県
528,242.5,16000,2,0,1,0,1,愛知県
529,151.8,55000,8,0,1,0,1,埼玉県
530,159.2,86000,8,0,1,1,1,香川県
531,194.3,37000,5,0,1,0,1,島根県
532,265.8,19000,2,0,1,0,1,千葉県
533,276.5,10000,4,0,1,1,1,埼玉県
534,272.9,24000,2,0,1,1,1,三重県
535,163.8,38000,6,0,1,0,1,福岡県
536,318.1,15,1,0,1,1,1,滋賀県
537,158.9,75000,8,0,1,1,1,福岡県
538,164.9,62000,9,0,1,1,1,茨城県
539,188.8,25000,5,0,1,0,1,埼玉県
540,184.8,46000,7,0,1,0,1,大阪府
541,276.8,28000,3,0,1,1,1,愛知県
542,293.7,23000,3,0,1,1,1,大阪府
543,182.9,61000,7,0,1,1,1,沖縄県
544,178.8,59000,6,0,1,0,1,愛媛県
545,124.9,76000,9,0,1,0,1,鳥取県
546,286.8,23000,2,0,1,1,1,愛知県
547,159.6,68000,7,0,1,0,1,宮崎県
548,283.4,20000,2,0,1,1,1,栃木県
549,238.9,41000,4,0,0,1,0,千葉県
550,208,26000,5,0,1,0,1,愛知県
551,286.1,23000,3,0,1,1,1,栃木県
552,192.9,44000,7,0,1,1,1,沖縄県
553,294.8,25000,3,0,1,1,1,愛知県
554,266.5,19000,4,0,1,1,1,埼玉県
555,123.9,32000,10,0,1,0,1,滋賀県
556,251.6,6000,2,0,1,0,1,埼玉県
557,270.7,41000,3,0,1,1,1,大阪府
558,212.8,50000,4,0,1,1,1,福島県
559,154.6,40000,10,0,1,1,1,宮城県
560,230.8,30000,3,0,1,0,1,岐阜県
561,268.5,9000,4,0,1,1,1,埼玉県
562,255.5,56000,3,0,1,1,1,岡山県
563,285.4,16000,2,0,1,1,1,栃木県
564,276.9,16000,3,0,1,1,1,兵庫県
565,259.8,49000,3,0,1,1,1,島根県
566,254.8,16000,2,1,1,1,1,滋賀県
567,132.9,76000,10,0,1,1,1,宮城県
568,279.9,23000,4,0,1,1,1,福岡県
569,186.1,29000,6,0,1,0,1,大阪府
570,294,14000,3,0,1,1,1,栃木県
571,302.9,16000,3,0,1,1,1,千葉県
572,106.4,80000,10,0,1,0,1,愛知県
573,289.8,16000,3,0,1,1,1,新潟県
574,139.9,72000,10,0,1,1,1,神奈川県
575,126.9,25000,10,0,1,0,1,兵庫県
576,209.8,21000,6,0,1,1,1,福岡県
577,152.5,41000,10,0,1,0,1,北海道
578,260.5,50000,3,0,1,1,1,岡山県
579,288.8,34000,4,0,1,1,1,山口県
580,279.8,7,1,0,1,0,1,神奈川県
581,284.9,7000,2,0,1,1,1,茨城県
582,185.7,50000,6,0,1,0,1,大分県
583,165.8,26000,8,0,1,0,1,広島県
584,289.9,23000,4,0,1,1,1,兵庫県
585,193.8,51000,6,0,1,0,1,沖縄県
586,142.8,97000,4,0,1,0,1,北海道
587,157.8,46000,8,0,1,0,1,広島県
588,189.7,15000,6,0,1,1,1,埼玉県
589,322.3,400,1,0,1,1,1,愛知県
590,294.1,6000,3,0,1,1,1,大阪府
591,229.8,33000,4,0,1,1,1,埼玉県
592,172,54000,8,0,1,1,1,熊本県
593,239.9,8,1,0,1,1,1,愛知県
594,259.9,14000,3,0,1,1,1,長野県
595,194.9,55000,5,0,1,0,1,千葉県
596,323.6,50,1,0,1,1,1,滋賀県
597,199.9,65000,4,0,1,1,1,大阪府
598,148.3,38000,9,0,1,0,1,宮城県
599,258.7,7,1,0,1,1,1,岐阜県
600,184.8,45000,7,0,1,0,1,和歌山県
601,243,67000,3,0,1,1,0,千葉県
602,215.8,36000,6,0,1,0,1,沖縄県
603,72.9,66000,13,0,1,0,1,大阪府
604,99.9,98000,9,0,1,1,1,愛媛県
605,271.8,13000,4,0,0,1,1,新潟県
606,264.8,26000,4,0,1,1,1,鹿児島県
607,216.1,13000,5,0,1,1,1,千葉県
608,268.8,20000,3,0,1,0,1,愛知県
609,299.6,3000,3,0,1,1,1,愛知県
610,177.8,43000,8,0,1,0,1,栃木県
611,185.8,36000,7,0,1,0,1,熊本県
612,282.1,24000,3,0,1,1,1,三重県
613,110.4,43000,9,0,1,0,1,埼玉県
614,157.8,30000,9,0,1,1,1,奈良県
615,119.8,45000,9,0,0,0,0,神奈川県
616,174.7,42000,7,0,1,0,1,東京都
617,329.9,45,1,0,1,1,1,奈良県
618,104,86000,9,0,1,0,1,愛知県
619,292.9,21000,3,0,1,1,1,岐阜県
620,89.9,93000,11,0,1,0,1,愛知県
621,299.9,15000,2,0,1,1,1,宮崎県
622,312.6,42,2,0,1,1,1,滋賀県
623,86.8,90000,10,1,1,0,0,埼玉県
624,158.8,46000,10,0,1,1,1,宮城県
625,317.1,27000,1,0,1,1,1,千葉県
626,201.9,45000,5,0,1,1,1,群馬県
627,279.8,38000,3,0,1,1,1,大分県
628,279.9,40000,3,0,1,1,1,愛知県
629,175.7,12000,8,0,1,1,1,埼玉県
630,312,15000,2,0,1,1,1,岐阜県
631,249.8,22000,4,0,1,1,1,愛知県
632,168.8,56000,7,0,1,0,1,岡山県
633,302.9,24000,3,0,1,1,1,栃木県
634,279.2,15000,3,0,1,1,1,大阪府
635,270.8,13000,3,0,1,0,1,三重県
636,84.8,95000,10,0,1,0,0,埼玉県
637,179.8,31000,9,0,1,1,1,大阪府
638,298,39000,3,0,1,1,1,北海道
639,135,54000,10,0,1,0,1,千葉県
640,259.9,5,1,0,1,0,1,神奈川県
641,196.9,30000,5,0,1,0,1,大阪府
642,224.8,60000,4,0,1,0,1,埼玉県
643,87.2,59000,11,1,1,0,1,埼玉県
644,177.9,54000,8,0,1,0,1,静岡県
645,336,6000,1,0,1,1,1,大阪府
646,365.1,648,1,0,1,1,1,埼玉県
647,346.4,16000,2,0,1,1,1,愛知県
648,199.1,37000,3,0,1,0,1,兵庫県
649,260,9000,3,0,1,0,1,大阪府
650,289.5,13000,3,0,1,1,1,愛知県
651,270.7,20000,4,0,1,1,1,京都府
652,174.2,44000,5,0,1,0,1,埼玉県
653,130.3,102000,7,0,1,0,1,埼玉県
654,160.3,58000,7,0,1,0,1,埼玉県
655,154.3,84000,6,0,0,1,0,岡山県
656,122.6,50000,10,0,1,0,1,熊本県
657,292.9,22000,3,0,1,1,1,福岡県
658,214.8,38000,6,0,1,1,1,鹿児島県
659,175.4,69000,8,0,1,1,1,愛知県
660,269.8,49000,4,0,1,1,1,栃木県
661,299.9,7,1,0,1,1,1,愛媛県
662,209.8,22000,7,0,1,1,1,宮城県
663,177.9,43000,8,0,1,0,1,千葉県
664,286.6,27000,3,0,1,1,1,山口県
665,135.5,55000,11,0,1,1,1,大阪府
666,261.4,32000,2,0,1,1,1,栃木県
667,279.9,46000,4,0,1,1,1,宮城県
668,258.7,7,1,0,1,1,1,岐阜県
669,197.8,20000,8,0,1,1,1,岡山県
670,210.3,33000,5,0,1,1,1,福岡県
671,292.9,14000,3,0,1,1,1,滋賀県
672,288.7,21000,3,0,1,1,1,大阪府
673,319.9,10000,1,0,1,1,1,愛知県
674,299.9,33000,3,0,1,1,1,愛知県
675,177.9,66000,7,0,1,0,1,福岡県
676,170.8,50000,8,0,1,0,1,宮城県
677,278.8,19000,3,0,1,1,1,京都府
678,274.9,57000,3,0,1,1,1,愛知県
679,275,33000,4,0,1,1,1,岡山県
680,179.9,40000,7,0,1,0,1,岐阜県
681,169.8,34000,8,0,1,0,1,埼玉県
682,155.7,50000,9,0,1,1,1,福岡県
683,295.5,13000,2,0,1,1,1,広島県
684,223.5,18000,3,0,1,0,1,埼玉県
685,260.4,30000,3,0,1,0,1,愛知県
686,316.2,10000,3,0,1,1,1,福岡県
687,288.5,24000,4,0,1,1,1,埼玉県
688,199.2,38000,5,0,1,0,1,愛知県
689,176.5,33000,6,0,1,0,1,埼玉県
690,146.7,59000,10,0,1,1,1,岐阜県
691,193.8,57000,7,0,1,1,1,兵庫県
692,105.8,72000,11,0,1,0,1,愛知県
693,269.6,12000,2,0,1,0,1,大分県
694,135.2,95000,8,0,1,1,0,三重県
695,121.9,97000,7,0,1,1,1,愛知県
696,199.8,55000,6,0,1,1,1,群馬県
697,262.9,32000,3,0,1,0,1,熊本県
698,199,30000,6,0,1,0,1,福岡県
699,254.9,2000,4,0,1,0,1,埼玉県
700,292.9,23000,3,0,1,1,1,埼玉県
701,192.8,27000,7,0,1,1,1,大阪府
702,272.9,7,1,0,1,1,1,三重県
703,162.9,65000,8,0,1,0,1,千葉県
704,369.8,4,0,0,1,1,1,北海道
705,274.9,20,1,0,1,1,1,香川県
706,301.4,14000,3,0,1,1,1,千葉県
707,261.7,7,1,0,1,1,1,岐阜県
708,226.6,12000,4,0,1,0,1,山口県
709,278.8,49000,4,0,1,1,1,広島県
710,175.8,25000,9,0,1,0,1,愛知県
711,269.9,23000,4,0,1,1,1,兵庫県
712,163.5,63000,8,0,1,0,1,岩手県
713,309.9,8000,3,0,1,1,1,千葉県
714,144.9,52000,10,0,1,0,1,和歌山県
715,149.8,26000,9,0,1,0,1,富山県
716,107.9,89000,11,0,1,0,1,福岡県
717,156.7,72000,7,0,1,0,1,福岡県
718,196.8,68000,4,0,1,1,1,三重県
719,157.8,96000,4,0,1,0,1,北海道
720,288.8,48000,3,0,1,1,1,鹿児島県
721,292.8,29000,3,0,1,1,1,愛知県
722,312.9,11000,1,0,1,1,1,山口県
723,214.9,43000,5,0,1,0,1,茨城県
724,280.7,48000,3,0,1,1,1,大阪府
725,149.9,48000,9,0,1,0,1,広島県
726,289.8,35000,3,0,1,1,1,山口県
727,268.4,17000,2,0,1,0,1,大阪府
728,261.4,10000,3,0,1,0,1,大阪府
729,206.3,14000,5,0,1,0,1,千葉県
730,300,5,0,0,1,0,1,熊本県
731,302.9,13000,3,0,1,1,1,三重県
732,187.9,49000,5,0,1,0,1,三重県
733,158.8,78000,8,0,1,0,1,広島県
734,188.9,34000,7,0,1,0,1,大阪府
735,263.6,18000,2,0,1,0,1,大阪府
736,182.9,56000,7,0,1,1,1,大阪府
737,309.9,20,2,0,1,1,1,広島県
738,169.9,75000,8,0,1,1,1,岡山県
739,214.8,35000,6,0,1,1,1,奈良県
740,262.9,20000,3,0,1,0,1,長野県
741,142.9,81000,9,0,1,1,1,静岡県
742,309.8,22000,3,0,1,1,1,和歌山県
743,213.8,26000,5,0,1,0,1,福島県
744,196,56000,5,0,1,1,1,愛知県
745,178.5,41000,7,0,1,0,1,静岡県
746,123.4,42000,10,0,1,0,1,群馬県
747,92.9,112000,11,0,1,1,1,福岡県
748,239.9,8,1,0,1,1,1,愛知県
749,349.9,79,1,0,1,1,1,京都府
750,242.9,23000,4,0,1,0,1,愛知県
751,330.5,6,1,0,1,1,1,熊本県
752,205.4,36000,5,0,1,0,1,埼玉県
753,292.4,30000,3,0,1,1,1,茨城県
754,166.5,69000,8,0,0,1,1,千葉県
755,272.8,33000,3,0,1,1,1,石川県
756,159.9,64000,8,0,1,1,1,大阪府
757,154.8,38000,9,0,1,0,1,千葉県
758,184.8,49000,8,0,1,1,1,大阪府
759,175.8,69000,8,0,1,1,1,大分県
760,295.7,13000,2,0,1,1,1,埼玉県
761,263.8,10000,4,0,1,0,1,愛知県
762,166.2,57000,6,0,1,0,1,静岡県
763,239.8,27000,4,0,1,0,1,千葉県
764,269.9,13000,3,0,1,0,1,宮崎県
765,162.6,52000,8,0,1,0,1,福岡県
766,258.7,11,1,0,1,1,1,愛知県
767,258.7,9,1,0,1,1,1,愛知県
768,298,27000,4,0,1,1,1,北海道
769,296.8,25000,4,0,1,1,1,大阪府
770,288.7,16000,4,0,1,1,1,大阪府
771,119.8,90000,9,0,1,1,1,京都府
772,285.7,22000,3,0,1,1,1,大阪府
773,280.2,17000,3,0,1,0,1,宮崎県
774,284.8,46000,4,0,1,1,1,愛媛県
775,133.9,50000,9,0,1,0,1,滋賀県
776,259.9,5,1,0,0,0,1,神奈川県
777,143.9,65000,9,0,1,1,1,神奈川県
778,285.7,33000,3,0,1,1,1,大阪府
779,132.9,74000,10,0,1,1,1,愛知県
780,306.4,4000,2,0,1,1,1,大阪府
781,273.2,39000,4,0,1,0,1,岡山県
782,249.9,9,1,0,1,1,1,岐阜県
783,299.3,24000,3,0,1,1,1,茨城県
784,226.7,8000,5,0,1,1,1,大阪府
785,129.7,47000,10,0,1,0,1,大阪府
786,269.8,49000,3,0,1,1,1,埼玉県
787,130.8,26000,10,0,1,0,0,埼玉県
788,304.6,23000,2,0,1,1,1,長崎県
789,199.8,48000,6,0,1,0,1,熊本県
790,283.7,31000,3,0,1,1,1,大阪府
791,159.4,72000,7,0,1,1,1,埼玉県
792,253.1,7000,4,0,1,0,1,岡山県
793,189.2,60000,8,0,1,1,1,愛知県
794,137.2,47000,11,0,1,0,1,愛知県
795,182.2,45000,7,0,1,0,1,京都府
796,304.8,15000,3,0,1,1,1,宮城県
797,284.4,17000,2,0,1,1,1,栃木県
798,140.4,43000,9,0,1,0,1,愛知県
799,125.5,47000,11,0,1,1,1,大阪府
800,189.8,56000,6,0,1,0,1,栃木県
801,122.8,69000,10,0,1,0,1,兵庫県
802,127.8,61000,10,0,1,0,1,群馬県
803,299.9,18000,3,0,1,1,1,愛知県
804,319.9,12000,1,0,1,1,1,茨城県
805,139.2,34000,9,0,1,0,1,栃木県
806,129.7,62000,9,0,1,0,1,愛知県
807,264,54000,3,0,1,1,0,千葉県
808,274.9,4000,4,0,1,1,1,愛知県
809,143.9,59000,10,0,1,1,1,愛知県
810,202.9,30000,7,0,1,0,1,千葉県
811,189.8,48000,7,0,1,1,1,神奈川県
812,179.3,56000,8,0,1,1,1,大阪府
813,299.9,28000,3,0,1,1,1,宮城県
814,289.8,21000,4,0,1,1,1,佐賀県
815,291,16000,4,0,1,1,1,栃木県
816,168.6,72000,7,0,1,1,1,大阪府
817,97,109000,11,0,1,1,1,三重県
818,305.4,22000,3,0,1,1,1,福岡県
819,108.2,77000,11,0,1,0,1,栃木県
820,233.8,37000,5,0,1,1,1,広島県
821,274.9,2000,2,0,1,0,1,愛知県
822,189.8,24000,7,0,1,0,1,岡山県
823,305,17000,1,0,1,1,1,愛知県
824,114.9,94000,9,0,1,0,1,愛知県
825,299.4,15000,3,0,1,1,1,愛知県
826,168.8,64000,7,0,1,0,1,宮城県
827,302.9,16000,2,0,1,1,1,愛知県
828,169.8,45000,9,0,1,0,1,愛媛県
829,309.9,11000,1,0,1,1,1,三重県
830,264.8,60000,3,0,1,1,1,宮城県
831,197.9,9000,6,0,1,0,1,千葉県
832,133,85000,8,0,0,1,1,千葉県
833,299.9,28000,3,0,1,1,1,宮城県
834,199.9,50000,5,0,1,1,1,埼玉県
835,309.8,21000,2,0,1,1,1,愛知県
836,129.7,62000,9,0,1,0,1,大阪府
837,170.9,27000,9,0,1,1,1,愛知県
838,166.9,42000,10,0,1,1,1,千葉県
839,132.9,71000,9,0,1,0,1,滋賀県
840,290.8,38000,3,0,1,1,1,愛知県
841,201.8,51000,5,0,1,0,1,千葉県
842,183.8,66000,8,0,1,1,1,愛媛県
843,165.9,67000,7,0,1,0,1,大阪府
844,292.7,31000,3,0,1,1,1,大分県
845,321.5,13000,2,0,1,1,1,三重県
846,312.9,13000,3,0,1,1,1,長野県
847,284.6,27000,3,0,1,1,1,愛知県
848,173,55000,7,0,1,0,1,神奈川県
849,302.8,16000,3,0,1,1,1,福岡県
850,297.1,14000,3,0,1,1,1,茨城県
851,229.4,26000,5,0,1,1,1,広島県
852,295.8,36000,3,0,1,1,1,埼玉県
853,174.9,55000,8,0,1,0,1,福岡県
854,261.7,8,1,0,1,1,1,愛知県
855,309.9,12000,1,0,1,1,1,愛知県
856,304.2,12000,3,0,1,1,1,香川県
857,297.4,15000,4,0,1,1,1,北海道
858,149.8,73000,10,0,1,0,1,宮城県
859,126.2,54000,10,0,1,0,1,愛知県
860,293,26000,3,0,1,1,1,兵庫県
861,339.9,7000,1,0,1,1,1,愛知県
862,272.4,13000,2,0,1,0,1,大阪府
863,124.9,94000,8,0,1,0,1,千葉県
864,264.7,19000,3,0,1,0,0,愛媛県
865,312.9,11000,2,0,1,1,1,和歌山県
866,255,69000,4,0,1,1,1,千葉県
867,189.8,39000,8,0,1,0,1,大阪府
868,171.8,67000,7,0,1,1,1,鹿児島県
869,329.8,28000,3,0,1,1,1,北海道
870,129.9,53000,10,0,1,0,1,大阪府
871,299.8,26000,3,0,1,1,1,鹿児島県
872,169.6,60000,8,0,1,1,1,佐賀県
873,174.8,36000,7,0,1,0,1,愛知県
874,303.9,20000,3,0,1,1,1,千葉県
875,209.9,59000,7,0,1,1,1,香川県
876,309.9,8000,1,0,1,1,1,山形県
877,326.8,12000,1,0,1,1,1,和歌山県
878,246.8,15000,6,0,1,1,1,福島県
879,163.7,59000,8,0,1,1,1,群馬県
880,199.8,54000,7,0,1,1,1,大阪府
881,164,33000,7,0,1,0,1,千葉県
882,239.9,29000,4,0,1,1,1,千葉県
883,335.9,9,0,0,1,1,1,奈良県
884,155.8,39000,9,0,1,0,1,広島県
885,282.5,24000,3,0,1,1,1,栃木県
886,162.8,77000,8,0,1,0,1,愛知県
887,288.7,25000,3,0,1,1,1,大阪府
888,339.9,20,0,0,1,1,1,愛媛県
889,295.9,27000,3,0,1,1,1,福岡県
890,259.9,7,1,0,0,0,1,神奈川県
891,126.9,39000,10,0,1,0,1,滋賀県
892,299.8,11000,3,0,1,1,1,大阪府
893,182.7,80000,6,0,1,1,1,大分県
894,157.9,65000,8,0,1,0,1,広島県
895,296.3,21000,2,0,1,1,1,愛知県
896,339.9,10,1,0,1,1,1,京都府
897,219.8,49000,5,0,1,1,1,愛知県
898,188.4,60000,7,0,1,1,1,愛知県
899,173,58000,6,0,1,0,1,岡山県
900,99.8,105000,11,0,1,1,0,千葉県
901,209.7,22000,6,0,1,1,1,埼玉県
902,273.8,18000,3,0,1,0,1,新潟県
903,170,19000,9,0,1,1,1,千葉県
904,297.7,23000,3,0,1,1,1,福岡県
905,155.9,52000,10,0,1,1,1,愛知県
906,166,46000,8,0,1,1,1,愛知県
907,154.7,46000,9,0,1,1,1,愛知県
908,241.9,38000,4,0,1,0,1,埼玉県
909,205.8,16000,7,0,1,0,1,熊本県
910,174.9,65000,8,0,1,0,1,和歌山県
911,229.8,43000,5,0,1,1,1,千葉県
912,179,37000,6,0,1,0,1,群馬県
913,258.7,8,1,0,1,1,1,岐阜県
914,193.1,40000,5,0,1,0,1,福岡県
915,115.8,82000,10,0,1,0,1,岡山県
916,204.9,47000,5,0,1,0,1,三重県
917,199.9,13000,7,0,1,1,1,福井県
918,300.5,10000,3,0,1,1,1,愛知県
919,139.1,49000,10,0,1,0,1,愛知県
920,192.9,70000,4,0,1,1,1,奈良県
921,148.2,87000,8,0,1,1,1,佐賀県
922,329.9,9000,1,0,1,1,1,愛知県
923,209.8,58000,5,0,1,1,1,兵庫県
924,202.7,59000,5,0,1,1,1,熊本県
925,299.8,28000,3,0,1,1,1,愛知県
926,185.9,23000,8,0,1,0,1,神奈川県
927,282.9,8000,2,0,1,0,1,愛知県
928,153.8,50000,10,0,1,1,1,静岡県
929,139.8,59000,10,0,1,0,1,埼玉県
930,299.5,41000,3,0,1,1,1,茨城県
931,204.8,52000,7,0,1,1,1,奈良県
932,139.5,45000,9,0,1,0,1,愛知県
933,137.8,20000,10,0,1,0,1,千葉県
934,112.9,86000,10,0,1,0,1,岐阜県
935,319.9,6000,3,0,1,1,1,福岡県
936,296.2,10000,4,0,1,1,1,茨城県
937,194.8,35000,6,0,1,0,1,和歌山県
938,182.9,46000,7,0,1,0,1,岐阜県
939,307.5,11000,1,0,1,1,1,愛知県
940,253.3,8000,4,0,1,0,1,大阪府
941,289.9,33000,3,0,1,1,1,神奈川県
942,252.9,8000,3,0,1,0,1,埼玉県
943,304.2,12000,3,0,1,1,1,香川県
944,302.8,15000,3,0,1,1,1,岡山県
945,165.7,46000,10,0,1,0,1,岐阜県
946,197,55000,6,0,1,1,1,千葉県
947,238.9,43000,4,0,1,0,1,福井県
948,269.8,52000,4,0,1,1,1,福岡県
949,349.8,5,0,0,1,1,1,神奈川県
950,337.7,50,1,0,1,1,1,石川県
951,171,38000,7,0,1,0,1,愛知県
952,309.9,6000,3,0,1,1,1,岐阜県
953,283.7,22000,4,0,1,1,1,大阪府
954,208.3,2000,5,0,1,0,1,大阪府
955,289,40000,3,0,1,1,1,愛知県
956,112.8,73000,9,0,1,0,1,兵庫県
957,104.9,94000,10,0,1,0,1,宮崎県
958,167,28000,10,0,1,1,1,埼玉県
959,181.9,42000,7,0,1,0,1,京都府
960,323,10,1,0,1,1,1,熊本県
961,304.9,14000,3,0,1,1,1,千葉県
962,109.7,73000,9,0,1,0,1,大阪府
963,319.9,6000,1,0,1,1,1,福岡県
964,219.8,48000,5,0,1,1,1,鹿児島県
965,190.4,36000,7,0,1,1,1,愛知県
966,204.8,36000,6,0,1,0,1,愛知県
967,275.9,26000,3,0,1,1,1,三重県
968,176.6,62000,7,0,1,0,1,大阪府
969,114.7,110000,7,0,0,1,0,千葉県
970,116.3,60000,11,0,1,0,1,大阪府
971,169.9,40000,7,0,1,0,1,奈良県
972,162.8,45000,7,1,1,0,1,京都府
973,191.5,74000,5,0,1,1,1,埼玉県
974,119.9,99000,10,0,1,1,1,宮崎県
975,228.8,21000,5,0,1,1,1,大阪府
976,186.1,40000,7,0,1,1,1,福岡県
977,324.9,25000,3,0,1,1,1,富山県
978,140.7,44000,9,0,1,0,1,三重県
979,166.5,50000,9,0,1,1,1,愛知県
980,259.9,13000,4,0,1,0,1,茨城県
981,303.7,1000,3,0,1,1,1,和歌山県
982,291.1,25000,4,0,1,1,1,岡山県
983,278.7,42000,3,0,1,1,1,大阪府
984,206.8,45000,6,0,1,1,1,愛知県
985,298.7,7000,4,0,1,1,1,大阪府
986,312.8,10000,2,0,1,1,1,埼玉県
987,291.3,18000,3,0,1,1,1,大阪府
988,125.8,65000,10,0,1,0,1,兵庫県
989,229,42000,5,0,1,1,1,栃木県
990,309.8,48000,4,0,1,1,1,岩手県
991,179.8,68000,8,0,1,1,1,三重県
992,280.1,36000,3,0,1,1,1,栃木県
993,250.1,23000,3,0,1,1,1,大阪府
994,206.1,42000,4,0,1,0,1,大阪府
995,308.9,10000,3,0,1,1,1,大阪府
996,132.9,68000,9,0,1,0,1,茨城県
997,289.9,27000,4,0,1,1,1,宮崎県
998,132.1,59000,11,0,1,1,1,愛知県
999,319.9,10,1,0,1,1,1,広島県
1000,287.2,44000,3,0,1,1,1,香川県
1001,249.5,56000,3,0,1,1,1,岡山県
1002,185.2,54000,7,0,1,0,1,三重県
1003,339,6,1,0,1,1,1,愛知県
1004,276.7,27000,3,0,1,1,1,熊本県
1005,288.8,29000,4,0,1,1,1,埼玉県
1006,239.5,67000,4,0,1,1,1,長崎県
1007,132.8,48000,9,0,1,0,1,大阪府
1008,173.8,76000,6,0,1,0,1,沖縄県
1009,291.9,23000,3,0,1,1,1,山口県
1010,216.9,34000,7,0,1,1,1,山梨県
1011,230.3,37000,5,0,1,1,1,愛知県
1012,285.3,18000,3,0,1,1,1,大阪府
1013,166.3,50000,10,0,1,1,1,大阪府
1014,135.9,84000,10,0,1,1,1,三重県
1015,219.8,32000,5,0,1,0,1,長崎県
1016,304.9,21000,3,0,1,1,1,愛知県
1017,182.9,70000,7,0,1,1,1,岐阜県
1018,252,29000,2,0,1,0,1,茨城県
1019,203.7,21000,5,0,1,0,1,栃木県
1020,344,3,1,0,0,1,1,埼玉県
1021,169.9,60000,6,0,1,0,1,静岡県
1022,302.9,26000,3,0,1,1,1,大阪府
1023,209.8,36000,6,0,1,1,1,茨城県
1024,259.9,16000,4,0,1,0,1,千葉県
1025,277.8,53000,4,0,1,1,1,宮城県
1026,298.9,22000,2,0,1,1,1,東京都
1027,339,5,1,0,1,1,1,愛知県
1028,164.3,68000,7,0,1,0,1,愛知県
1029,126.9,109000,7,0,1,1,1,長崎県
1030,199.6,53000,8,0,1,1,1,大分県
1031,307.9,25000,3,0,1,1,1,埼玉県
1032,152.8,68000,10,0,1,1,1,埼玉県
1033,319.9,10,1,0,1,1,1,広島県
1034,319.9,10,1,0,1,1,1,広島県
1035,319.9,10,1,0,1,1,1,広島県
1036,219.8,47000,6,0,1,1,1,大阪府
1037,108,101000,10,0,1,1,1,愛知県
1038,269.8,15000,3,0,1,0,1,愛知県
1039,185.9,70000,7,0,1,1,1,鹿児島県
1040,119.9,48000,11,0,1,0,1,愛知県
1041,119.9,95000,11,0,1,1,1,愛知県
1042,258.7,45,1,0,1,1,1,愛知県
1043,273.9,40000,4,0,1,1,1,三重県
1044,280.1,13000,3,0,1,1,1,長野県
1045,309.8,8000,2,0,1,1,1,岡山県
1046,279.6,40000,3,0,1,1,1,栃木県
1047,159.4,72000,8,0,1,1,1,神奈川県
1048,173.3,33000,9,0,1,1,1,愛知県
1049,228,30000,4,1,1,0,1,兵庫県
1050,218.6,71000,4,0,1,0,1,栃木県
1051,284.8,35000,4,0,1,1,1,岡山県
1052,286.6,22000,3,0,1,1,1,埼玉県
1053,196.8,42000,7,0,1,0,1,山口県
1054,139.7,40000,10,0,1,0,1,愛知県
1055,218.8,57000,5,0,1,1,1,大阪府
1056,139.8,73000,9,0,1,0,1,千葉県
1057,201.8,20000,7,0,1,0,1,埼玉県
1058,305.9,15000,3,0,1,1,1,千葉県
1059,175.8,68000,8,0,1,1,1,岐阜県
1060,277.9,49000,3,0,1,1,1,愛知県
1061,319.8,6000,2,0,1,1,1,埼玉県
1062,235.7,2000,5,0,1,1,1,大阪府
1063,205.9,8000,7,0,1,0,1,兵庫県
1064,139.8,50000,10,0,1,0,1,東京都
1065,291.5,20000,3,0,1,1,1,岡山県
1066,208.9,40000,5,0,1,1,1,栃木県
1067,174.9,74000,7,0,1,1,1,滋賀県
1068,309.8,3000,1,0,1,1,1,大阪府
1069,296.3,39000,4,0,1,1,1,三重県
1070,163.8,40000,9,0,1,0,1,三重県
1071,234.9,34000,5,0,1,1,1,千葉県
1072,135.5,81000,8,0,1,0,1,愛知県
1073,228.7,32000,6,0,1,1,1,大阪府
1074,250.8,54000,3,0,1,0,1,岐阜県
1075,258.8,29000,4,0,1,0,1,静岡県
1076,294.4,35000,3,0,1,1,1,福岡県
1077,286.8,39000,4,0,1,1,1,愛知県
1078,103,96000,11,0,1,0,1,広島県
1079,128.1,72000,11,0,1,1,1,愛知県
1080,146.3,97000,8,0,1,1,1,長崎県
1081,309.9,7,1,0,1,1,1,滋賀県
1082,298.3,26000,2,0,1,1,1,岐阜県
1083,94.6,137000,7,0,1,0,1,愛知県
1084,277.8,21000,3,0,1,0,1,大阪府
1085,329.9,5,1,0,1,1,1,愛媛県
1086,194.6,28000,5,0,1,0,1,京都府
1087,197.8,34000,8,0,1,1,1,佐賀県
1088,317.2,12000,2,0,1,1,1,栃木県
1089,325.4,23000,2,0,1,1,1,北海道
1090,169.9,54000,8,0,1,0,1,大阪府
1091,310.7,6000,2,0,1,1,1,奈良県
1092,195.6,32000,7,0,1,1,1,京都府
1093,286.3,11000,3,0,1,0,1,埼玉県
1094,259.8,34000,3,0,1,0,1,宮城県
1095,199.9,25000,7,0,1,1,1,福岡県
1096,139.7,70000,10,0,1,1,1,愛知県
1097,135.8,74000,9,0,1,0,1,兵庫県
1098,297.8,29000,3,0,1,1,1,愛知県
1099,299.3,22000,2,0,1,1,1,大阪府
1100,334.9,11000,2,0,1,1,1,佐賀県
1101,303.8,29000,3,0,1,1,1,奈良県
1102,183.3,59000,5,0,1,0,1,大阪府
1103,198.8,56000,5,0,1,0,1,千葉県
1104,189.8,53000,8,0,1,1,1,兵庫県
1105,200,38000,7,0,1,1,1,福岡県
1106,133.7,61000,8,1,1,0,1,長崎県
1107,301.5,23000,3,0,1,1,1,熊本県
1108,107.9,93000,10,0,1,0,1,滋賀県
1109,127,62000,11,0,1,0,1,佐賀県
1110,246.3,45000,4,0,1,0,1,愛知県
1111,211.8,39000,5,0,1,0,1,愛知県
1112,149.8,34000,10,0,1,0,1,埼玉県
1113,329.9,16,1,0,1,1,1,福井県
1114,178.8,53000,8,0,1,0,1,三重県
1115,276.8,17000,3,0,1,0,1,東京都
1116,293.8,25000,4,0,1,1,1,愛知県
1117,322.1,10000,2,0,1,1,1,大阪府
1118,294.9,32000,4,0,1,1,1,群馬県
1119,180.8,51000,8,0,1,0,1,福岡県
1120,314.9,18000,2,0,1,1,1,兵庫県
1121,114.1,57000,11,0,1,0,1,愛知県
1122,312.8,12000,2,0,1,1,1,石川県
1123,179.9,68000,6,0,1,0,1,岡山県
1124,154.9,64000,8,0,1,0,1,愛知県
1125,328.7,35000,3,0,1,1,1,北海道
1126,169.5,30000,8,0,1,0,1,大阪府
1127,137.8,42000,10,0,1,0,1,大阪府
1128,312.6,15000,1,0,1,1,1,三重県
1129,209.9,44000,7,0,1,1,1,岡山県
1130,199.9,28000,5,0,1,0,1,兵庫県
1131,219.7,34000,5,0,1,1,1,愛知県
1132,278.8,28000,4,0,1,0,1,静岡県
1133,257.6,20,1,0,1,1,1,兵庫県
1134,139.7,30000,10,0,1,0,1,愛知県
1135,309.9,29000,2,0,1,1,1,福島県
1136,300,8,1,0,1,0,1,愛知県
1137,222.9,39000,5,0,1,0,1,宮城県
1138,179.9,43000,8,0,1,1,1,兵庫県
1139,218.9,35000,5,0,1,0,1,茨城県
1140,251,16000,4,0,1,1,1,愛知県
1141,328.8,5,1,0,1,1,1,長野県
1142,248.9,17000,4,0,1,1,1,神奈川県
1143,109,71000,10,0,1,0,1,愛知県
1144,204.5,54000,5,0,1,1,1,佐賀県
1145,324.8,3000,1,0,1,1,1,石川県
1146,322.1,9000,1,0,1,1,1,兵庫県
1147,146.8,35000,10,0,1,0,1,宮城県
1148,194,50000,4,0,1,0,1,愛知県
1149,272.8,17000,3,0,1,1,1,埼玉県
1150,313,21000,3,0,1,1,1,滋賀県
1151,265.2,26000,4,0,1,0,1,熊本県
1152,184.7,26000,7,0,1,0,1,大阪府
1153,169.2,85000,7,0,1,1,1,茨城県
1154,308.5,24000,3,0,1,1,1,埼玉県
1155,153.9,86000,8,0,1,1,1,兵庫県
1156,349.8,10,1,0,1,1,1,神奈川県
1157,349.8,9,1,0,1,1,1,神奈川県
1158,349.8,10,1,0,1,1,1,神奈川県
1159,307.9,27000,2,0,1,1,1,愛知県
1160,264.8,27000,3,0,1,0,1,愛知県
1161,197.8,51000,6,0,1,1,1,福岡県
1162,223.7,36000,5,0,1,0,1,愛知県
1163,307.9,12000,3,0,1,1,1,茨城県
1164,274.9,22000,4,0,1,0,1,愛知県
1165,288.9,43000,3,0,1,1,1,奈良県
1166,319.9,5,1,0,1,1,1,滋賀県
1167,309.9,22000,3,0,1,1,1,宮城県
1168,337.1,28000,2,0,1,1,1,福島県
1169,296.9,16000,3,0,1,1,1,兵庫県
1170,225.8,18000,6,0,1,1,1,長野県
1171,296.6,19000,3,0,1,1,1,滋賀県
1172,300.1,22000,3,0,1,1,1,宮崎県
1173,209.7,51000,5,0,1,1,1,大阪府
1174,312.9,7000,3,0,1,1,1,茨城県
1175,318.8,43000,4,0,1,1,1,石川県
1176,297.5,28000,3,0,1,1,0,栃木県
1177,203.2,39000,6,0,1,0,1,愛知県
1178,151.5,50000,9,0,1,0,1,宮城県
1179,277.9,36000,4,0,1,1,1,岡山県
1180,147.1,61000,9,0,1,1,1,愛知県
1181,189.9,27000,8,0,1,0,1,長野県
1182,192,65000,7,0,1,1,1,福井県
1183,267.5,9,1,0,1,1,1,京都府
1184,298.8,17000,4,0,1,1,1,愛知県
1185,194.8,32000,8,0,1,0,1,埼玉県
1186,346.9,172,1,0,1,1,1,奈良県
1187,269.8,57000,4,0,1,1,1,兵庫県
1188,301.8,11000,3,0,1,1,1,埼玉県
1189,374.9,11,1,0,1,1,1,千葉県
1190,135.8,106000,8,0,1,1,1,大阪府
1191,319.9,9000,1,0,1,1,1,愛知県
1192,217.9,42000,7,0,1,1,1,富山県
1193,104.9,24000,11,0,1,0,1,京都府
1194,322.9,14000,1,0,1,1,1,熊本県
1195,174.9,62000,7,0,1,0,1,長野県
1196,265.1,28000,3,0,1,0,1,広島県
1197,189.8,51000,6,0,1,0,1,千葉県
1198,282.9,16000,3,0,1,0,1,愛知県
1199,307.6,12000,2,0,1,1,0,北海道
1200,226.7,46000,5,0,1,1,1,大分県
1201,199.9,33000,7,0,1,0,1,茨城県
1202,264.9,35000,3,0,1,0,1,富山県
1203,132.1,77000,10,0,1,1,1,沖縄県
1204,324.9,21000,3,0,1,1,1,沖縄県
1205,277.9,36000,3,0,1,1,1,兵庫県
1206,178.5,61000,7,0,1,0,1,北海道
1207,187.8,44000,7,0,1,0,1,長崎県
1208,162.9,91000,7,0,1,1,1,山口県
1209,296.9,27000,2,0,1,1,1,福岡県
1210,307.9,12000,3,0,1,1,1,千葉県
1211,200.3,62000,5,0,1,1,1,愛知県
1212,344.9,6000,1,0,1,1,1,沖縄県
1213,186,53000,5,0,1,0,1,愛知県
1214,301.5,5000,3,0,1,1,1,群馬県
1215,139.9,47000,11,0,1,1,1,福井県
1216,183.8,51000,7,0,1,1,1,愛知県
1217,262.9,22000,3,0,1,0,1,愛知県
1218,279.8,26000,3,0,1,0,1,愛知県
1219,318.2,19000,2,0,1,1,1,愛知県
1220,172.1,62000,9,0,1,1,1,京都府
1221,146.6,21000,11,0,1,0,1,大阪府
1222,248.8,62000,3,0,1,0,1,千葉県
1223,183.8,36000,10,0,1,1,1,大分県
1224,298.8,8000,4,0,1,1,1,大阪府
1225,304.9,11,1,0,1,1,1,熊本県
1226,294.8,17000,3,0,1,1,1,岡山県
1227,229.9,24000,5,0,1,0,1,大阪府
1228,164.9,34000,11,0,1,0,1,北海道
1229,299.8,12000,4,0,1,1,1,埼玉県
1230,329.9,8000,1,0,1,1,1,宮城県
1231,129.9,67000,11,0,1,0,1,愛知県
1232,359.8,12,1,0,1,1,1,大阪府
1233,144.8,39000,10,0,1,0,1,神奈川県
1234,179.8,58000,7,0,1,0,1,熊本県
1235,355,10,1,0,1,1,1,熊本県
1236,292.9,39000,3,0,1,1,1,愛知県
1237,154.8,29000,9,0,1,0,1,大阪府
1238,272.9,12000,3,0,1,0,1,三重県
1239,295.1,16000,3,0,1,1,1,大阪府
1240,154.7,40000,9,0,1,0,1,大阪府
1241,151.8,37000,10,0,1,0,0,群馬県
1242,218.4,12000,6,0,1,1,1,大阪府
1243,139.9,88000,10,0,1,1,1,千葉県
1244,104.5,62000,11,0,1,0,1,北海道
1245,325.9,9000,2,0,1,1,1,滋賀県
1246,289.8,13000,2,0,1,0,1,愛知県
1247,296.6,21000,3,0,1,1,1,大阪府
1248,344.8,53,1,0,1,1,1,埼玉県
1249,323.9,6,1,0,1,1,1,三重県
1250,153.8,58000,11,0,1,1,1,新潟県
1251,209.9,24000,6,0,1,0,1,和歌山県
1252,317.2,24000,2,0,1,1,1,千葉県
1253,166.1,61000,8,0,1,0,1,大阪府
1254,162.8,46000,9,0,1,0,1,広島県
1255,185.9,22000,8,0,1,0,1,山口県
1256,134.8,49000,10,0,1,0,1,岡山県
1257,85.5,98000,11,0,1,0,1,埼玉県
1258,172.1,36000,9,0,1,1,1,愛知県
1259,278.8,10000,4,0,1,0,1,愛知県
1260,307.6,14000,2,0,1,1,1,長崎県
1261,299.9,19000,4,0,1,1,1,長野県
1262,162.4,45000,9,0,1,1,1,三重県
1263,312.9,21000,3,0,1,1,1,長野県
1264,239.1,48000,4,0,1,0,1,新潟県
1265,314.8,29000,2,0,1,1,1,群馬県
1266,125.9,61000,10,0,1,0,1,大阪府
1267,200.4,19000,5,0,1,0,1,奈良県
1268,280.4,45000,4,0,1,1,1,愛知県
1269,353.7,3000,2,0,1,1,1,北海道
1270,309.9,18000,2,0,1,1,1,兵庫県
1271,273.7,67000,4,0,1,1,1,大分県
1272,218.8,19000,5,0,1,0,1,神奈川県
1273,331.2,34000,3,0,1,1,1,岩手県
1274,219.8,11000,8,0,1,0,1,北海道
1275,334.9,4000,1,0,1,1,1,宮城県
1276,124.9,94000,11,0,1,1,1,愛知県
1277,284.9,20000,3,0,1,0,1,長野県
1278,322.9,5,1,0,1,1,1,京都府
1279,299.9,18000,3,0,1,1,1,岐阜県
1280,317,16000,2,0,1,1,1,埼玉県
1281,312.9,23000,3,0,1,1,1,岐阜県
1282,277.9,26000,3,0,1,0,1,愛知県
1283,297.6,32000,4,0,1,1,1,茨城県
1284,134.8,88000,11,0,1,1,1,神奈川県
1285,297.1,18000,3,0,1,1,1,茨城県
1286,314.6,9000,3,0,1,1,1,埼玉県
1287,186.8,65000,7,0,1,0,1,大阪府
1288,162.9,53000,9,0,1,0,1,岐阜県
1289,214.8,41000,6,0,1,1,1,大阪府
1290,245.8,24000,5,0,1,1,1,埼玉県
1291,319.9,8000,1,0,1,1,1,大阪府
1292,319.8,17000,1,0,1,1,1,神奈川県
1293,324.9,22000,3,0,1,1,1,福岡県
1294,312.9,13000,3,0,1,1,1,千葉県
1295,189,73000,6,0,1,1,1,愛知県
1296,309.9,22000,3,0,1,1,1,宮城県
1297,217.4,26000,6,0,1,1,1,岐阜県
1298,219.8,26000,8,0,1,1,1,鹿児島県
1299,323.9,6,1,0,1,1,1,奈良県
1300,152.9,39000,10,0,1,0,1,茨城県
1301,134.9,71000,9,0,1,0,1,愛知県
1302,207.8,51000,7,0,1,1,1,福岡県
1303,179.9,29000,7,0,1,0,1,神奈川県
1304,373.9,11,1,0,1,1,1,千葉県
1305,147.8,107000,4,0,1,0,1,北海道
1306,199.9,72000,6,0,1,1,1,長崎県
1307,349.9,2000,1,0,1,1,1,愛媛県
1308,219.9,12000,5,0,1,0,1,福岡県
1309,206.8,31000,6,0,1,0,1,沖縄県
1310,179.4,85000,6,0,1,1,1,長崎県
1311,304.8,6000,4,0,1,1,1,愛知県
1312,314.9,26000,3,0,1,1,1,千葉県
1313,149.6,68000,11,0,1,1,1,滋賀県
1314,285.7,44000,3,0,1,1,1,大阪府
1315,185.9,27000,8,0,1,0,1,滋賀県
1316,302.4,25000,3,0,1,1,1,福島県
1317,362.9,80,1,0,1,1,1,愛知県
1318,309.9,21000,3,0,1,1,1,静岡県
1319,142.9,58000,11,0,1,0,1,岐阜県
1320,197.4,44000,6,0,1,0,0,大阪府
1321,224.9,14000,6,0,1,0,1,茨城県
1322,145.3,42000,11,0,1,1,1,愛知県
1323,112.9,91000,10,0,1,0,1,三重県
1324,144.3,83000,9,0,1,1,1,埼玉県
1325,308.8,12000,3,0,1,1,1,埼玉県
1326,279.2,19000,3,0,1,0,0,和歌山県
1327,207.4,39000,6,0,1,0,1,栃木県
1328,334.9,10000,3,0,1,1,1,沖縄県
1329,166.2,89000,6,0,1,1,1,愛知県
1330,229.8,27000,5,0,1,1,1,三重県
1331,304.5,9000,3,0,1,1,1,埼玉県
1332,308.8,18000,3,0,1,1,1,茨城県
1333,162.8,45000,9,0,1,0,1,宮城県
1334,224.8,50000,6,0,1,1,1,鹿児島県
1335,319.8,17000,2,0,1,1,1,埼玉県
1336,181.2,68000,8,0,1,1,1,熊本県
1337,145,93000,8,0,1,0,1,北海道
1338,148,80000,8,0,1,0,1,福岡県
1339,389.9,15,1,0,1,1,1,茨城県
1340,283.9,47000,3,0,1,1,1,静岡県
1341,212.9,17000,7,0,1,0,1,福岡県
1342,144.8,66000,10,0,1,0,1,兵庫県
1343,325.3,13000,2,0,1,1,1,広島県
1344,319.9,5,1,0,1,1,1,京都府
1345,172,84000,7,0,1,1,1,奈良県
1346,326.8,10000,1,0,1,1,1,埼玉県
1347,367.9,20,0,0,1,1,1,愛知県
1348,296.9,25000,4,0,1,1,1,広島県
1349,206.5,36000,7,0,1,0,1,徳島県
1350,209.9,11000,6,0,1,0,1,宮城県
1351,302.9,29000,4,0,1,1,1,静岡県
1352,319.9,64,1,0,1,1,1,京都府
1353,166.8,56000,10,0,1,1,1,埼玉県
1354,297.9,31000,3,0,1,1,1,埼玉県
1355,212.8,65000,7,0,1,1,1,茨城県
1356,269,51000,3,0,1,1,1,広島県
1357,165.3,74000,7,0,1,1,1,大阪府
1358,389.9,15,1,0,1,1,1,千葉県
1359,274.2,30000,3,0,1,0,1,大阪府
1360,155.6,79000,9,0,1,1,1,大阪府
1361,122.9,107000,10,0,1,1,1,山口県
1362,119.7,84000,10,0,1,0,1,千葉県
1363,299.9,29000,3,0,1,1,1,大阪府
1364,290.2,19000,3,0,1,1,1,大阪府
1365,299.2,6000,3,0,1,1,1,埼玉県
1366,314.9,15000,3,0,1,1,1,宮城県
1367,316.8,10000,3,0,1,1,1,沖縄県
1368,334.9,30,2,0,1,1,1,福岡県
1369,299.8,41000,2,0,1,1,1,新潟県
1370,276.7,69000,3,0,1,1,1,岐阜県
1371,315.9,37000,3,0,1,1,1,千葉県
1372,329.9,12,1,0,1,1,1,奈良県
1373,131.9,95000,8,0,1,0,1,愛知県
1374,307.5,21000,3,0,1,1,1,埼玉県
1375,247.8,19000,5,0,1,1,1,愛知県
1376,158.8,75000,9,0,1,1,1,福島県
1377,326.6,6,1,0,1,1,1,大阪府
1378,326.6,6,1,0,1,1,1,大阪府
1379,167.5,65000,7,0,1,0,1,北海道
1380,168.7,71000,6,0,0,1,0,千葉県
1381,346.8,16000,2,0,1,1,1,石川県
1382,344,8000,2,0,1,1,1,埼玉県
1383,184.9,51000,9,0,1,1,1,長崎県
1384,326.9,5,1,0,1,1,1,大阪府
1385,83.6,50000,12,0,1,0,1,埼玉県
1386,174.6,22000,9,0,1,1,1,京都府
1387,184.8,20000,7,0,1,0,1,埼玉県
1388,305.9,35000,2,0,1,1,1,静岡県
1389,329.9,7000,2,0,1,1,1,兵庫県
1390,184.9,32000,9,0,1,1,1,愛知県
1391,311.7,26000,3,0,1,1,1,愛知県
1392,327.4,6,1,0,1,1,1,大阪府
1393,272.9,24000,4,0,1,0,1,埼玉県
1394,129.9,53000,10,0,1,0,1,京都府
1395,325.1,7000,3,0,1,1,1,埼玉県
1396,165.8,16000,10,0,1,0,1,埼玉県
1397,180,57000,9,0,1,1,1,三重県
1398,289.9,6000,3,0,1,0,1,大阪府
1399,275.7,60000,4,0,1,1,1,茨城県
1400,299.9,5,1,0,1,0,1,滋賀県
1401,274.2,7000,4,0,1,0,1,愛知県
1402,155.8,67000,11,0,1,1,1,茨城県
1403,329.9,9,1,0,1,1,1,大阪府
1404,179.9,34000,8,0,1,0,1,埼玉県
1405,217.1,31000,7,0,1,1,1,兵庫県
1406,337.3,22000,2,0,1,1,1,千葉県
1407,233.7,27000,6,0,1,1,1,愛知県
1408,189.9,49000,7,0,1,1,1,岐阜県
1409,319.8,13000,1,0,1,1,1,東京都
1410,205,38000,7,0,1,1,1,三重県
1411,199.8,22000,7,0,1,0,1,東京都
1412,199.9,41000,7,0,1,1,1,愛知県
1413,199.9,71000,7,0,1,1,1,千葉県
1414,295.6,44000,4,0,1,1,1,和歌山県
1415,142.9,35000,10,0,1,0,1,宮城県
1416,332.9,10000,3,0,1,1,1,群馬県
1417,322.6,17000,2,0,1,1,1,千葉県
1418,220.4,7000,5,0,1,0,1,埼玉県
1419,325.5,23000,2,0,1,1,1,愛知県
1420,162.9,30000,9,0,1,0,1,千葉県
1421,270.9,16000,2,0,1,0,1,埼玉県
1422,159.8,62000,9,0,1,1,1,大阪府
1423,194.8,30000,7,0,1,0,1,神奈川県
1424,105.8,110000,10,0,1,0,1,愛知県
1425,184.6,15000,7,0,1,0,1,大阪府
1426,312.7,22000,3,0,1,1,1,愛知県
1427,274.8,35000,4,0,1,0,1,愛知県
1428,243.9,50000,3,0,1,1,1,奈良県
1429,221.8,28000,6,0,1,1,1,福岡県
1430,285.9,10000,4,0,1,0,1,和歌山県
1431,319,10000,2,0,1,1,1,愛知県
1432,330.5,11000,1,0,1,1,1,埼玉県
1433,289.9,17000,3,0,1,0,1,兵庫県
1434,309.9,35000,3,0,1,1,1,福岡県
1435,184.9,76000,6,0,1,1,1,愛知県
1436,264.9,40000,3,0,1,0,1,新潟県
1437,173,57000,8,0,1,1,1,静岡県
1438,206.4,36000,5,0,1,0,1,埼玉県
1439,222.8,10000,6,0,1,0,1,埼玉県
1440,362.9,210,0,0,1,1,1,愛知県
1441,312.6,16000,2,0,1,1,1,京都府
1442,115.9,98000,11,0,1,1,1,愛知県
1443,213.8,24000,7,0,1,0,1,滋賀県
1444,242.9,31000,5,0,1,1,1,愛知県
1445,131.2,67000,9,0,1,0,1,埼玉県
1446,336,6,0,0,1,1,1,愛知県
1447,336,4,1,0,1,1,1,愛知県
1448,363.1,10,0,0,1,1,1,福岡県
1449,287.7,33000,4,0,1,1,1,兵庫県
1450,246.7,22000,5,0,1,1,1,鹿児島県
1451,334.9,5000,1,0,1,1,1,福岡県
1452,317,10000,2,0,1,1,1,埼玉県
1453,359.6,7,1,0,1,1,1,大阪府
1454,222.4,60000,6,0,1,1,0,茨城県
1455,329.8,10000,1,0,1,1,1,新潟県
1456,228.9,17000,7,0,1,1,0,福岡県
1457,349.8,5,1,0,1,1,1,熊本県
1458,307.9,17000,4,0,1,1,1,静岡県
1459,85.3,112000,10,0,1,0,1,愛知県
1460,274.2,34000,3,0,1,0,1,大阪府
1461,317.9,17000,3,0,1,1,1,大阪府
1462,264.7,37000,3,0,1,0,1,兵庫県
1463,322.9,28000,3,0,1,1,1,熊本県
1464,122.4,104000,6,0,1,1,1,神奈川県
1465,288.4,16000,3,0,1,0,1,熊本県
1466,145.3,44000,9,0,1,0,1,愛知県
1467,210.4,31000,6,0,1,0,1,愛知県
1468,184.8,14000,8,0,1,0,1,愛知県
1469,297.7,33000,4,0,1,1,1,新潟県
1470,229.9,8000,5,0,1,0,1,埼玉県
1471,274.2,37000,3,0,1,0,1,三重県
1472,284.3,14000,2,0,1,0,1,埼玉県
1473,309.1,25000,3,0,1,1,1,愛知県
1474,312,19000,4,0,1,1,1,長野県
1475,217.1,26000,7,0,1,1,1,愛知県
1476,309.8,10000,3,0,1,0,1,神奈川県
1477,133.8,12000,10,0,1,0,1,奈良県
1478,184.9,51000,7,0,1,0,1,愛知県
1479,157.9,71000,10,0,1,1,1,滋賀県
1480,310.5,37000,4,0,1,1,0,福井県
1481,322.9,20000,2,0,1,1,1,山口県
1482,167.9,68000,11,0,1,1,1,愛知県
1483,359.6,22,1,0,1,1,1,大阪府
1484,139.9,51000,9,0,1,0,1,大阪府
1485,244.9,32000,5,0,1,1,1,愛知県
1486,188.8,14000,7,0,1,0,1,愛知県
1487,172,39000,9,0,1,0,1,佐賀県
1488,299.9,6,1,0,1,0,1,大阪府
1489,173.8,44000,8,0,1,0,1,埼玉県
1490,359.9,30,1,0,1,1,1,大阪府
1491,177.1,33000,8,0,1,0,1,愛知県
1492,169.8,51000,9,0,1,0,1,北海道
1493,269.9,14000,4,0,1,1,1,埼玉県
1494,299.9,34,1,0,1,0,1,大阪府
1495,391.9,9,1,0,1,1,1,大阪府
1496,334.8,8000,1,0,1,1,1,新潟県
1497,216.3,46000,5,0,1,0,1,福岡県
1498,342.6,33000,3,0,1,1,1,山形県
1499,280.3,34000,4,0,1,0,1,千葉県
1500,294.9,12000,1,0,1,0,1,愛知県
1501,199.8,50000,8,0,1,0,1,青森県
1502,202.9,41000,8,0,1,0,1,静岡県
1503,172.9,75000,8,0,1,1,1,京都府
1504,339.8,16000,3,0,1,1,1,北海道
1505,224.8,24000,5,0,1,0,1,埼玉県
1506,177.9,76000,7,0,1,1,1,滋賀県
1507,285.7,51000,4,0,1,1,1,大阪府
1508,149.8,27000,10,0,1,0,1,広島県
1509,99.8,90000,9,0,1,0,1,埼玉県
1510,272.9,35000,4,0,1,0,1,岐阜県
1511,264.1,36000,4,0,1,1,1,埼玉県
1512,224,17000,5,0,1,0,1,愛知県
1513,314.9,560,1,0,1,0,1,愛知県
1514,187.2,42000,8,0,1,1,1,静岡県
1515,155.2,76000,9,0,1,1,1,栃木県
1516,359.9,43,1,0,1,1,1,大阪府
1517,168.3,37000,10,0,1,1,1,北海道
1518,182.4,66000,6,0,1,0,0,群馬県
1519,342.9,3000,1,0,1,1,1,愛知県
1520,396.9,15,1,0,1,1,1,千葉県
1521,347.4,5000,2,0,1,1,1,福井県
1522,233.8,51000,6,0,1,1,1,沖縄県
1523,162,28000,9,0,1,0,1,大阪府
1524,116.6,91000,9,0,1,0,1,香川県
1525,159.9,51000,10,0,1,0,1,大阪府
1526,211.8,59000,8,0,1,0,1,岩手県
1527,219.8,26000,6,0,1,0,1,長野県
1528,97.5,107000,10,0,1,0,1,栃木県
1529,319.9,11000,1,0,1,1,1,石川県
1530,295,30000,4,0,1,1,1,滋賀県
1531,142.9,106000,7,0,1,0,1,千葉県
1532,186.4,72000,7,0,1,1,1,茨城県
1533,208.8,51000,5,0,1,0,1,埼玉県
1534,183.8,20000,9,0,1,0,1,埼玉県
1535,165.8,58000,9,0,1,0,1,奈良県
1536,291.1,7000,3,0,1,0,1,埼玉県
1537,159.7,13000,10,0,1,0,1,愛知県
1538,249.9,24000,5,0,1,1,1,宮崎県
1539,159.9,30000,9,0,1,0,1,大阪府
1540,232.9,27000,5,0,1,0,1,滋賀県
1541,137.9,42000,10,0,1,0,1,兵庫県
1542,207.3,79000,5,0,1,1,1,茨城県
1543,302.9,23000,3,0,1,1,1,神奈川県
1544,342.8,6000,1,0,1,1,1,埼玉県
1545,169.9,57000,9,0,1,0,1,愛媛県
1546,175.9,60000,9,0,1,1,1,和歌山県
1547,179.4,45000,8,0,1,0,1,兵庫県
1548,209.8,53000,7,0,1,1,1,栃木県
1549,184.5,15000,8,0,0,0,1,千葉県
1550,264.7,35000,3,0,1,0,1,愛知県
1551,123,63000,11,0,1,0,1,大阪府
1552,162.7,26000,7,1,1,0,1,愛知県
1553,279.8,74000,4,0,1,1,1,鹿児島県
1554,213.9,43000,6,0,1,1,1,愛知県
1555,274.7,11000,3,0,1,0,1,京都府
1556,329.9,13000,3,0,1,1,1,長野県
1557,313.8,32000,3,0,1,1,1,茨城県
1558,289.3,14000,3,0,1,0,0,岡山県
1559,169.8,56000,9,0,1,1,1,茨城県
1560,234.9,31000,7,0,1,1,1,愛媛県
1561,188,40000,8,0,1,0,0,愛知県
1562,205.8,55000,7,0,1,1,1,埼玉県
1563,339.9,7,1,0,1,1,1,奈良県
1564,144.9,66000,11,0,1,0,1,長野県
1565,348.8,25000,3,0,1,1,1,青森県
1566,339.9,8,1,0,1,1,1,兵庫県
1567,129.9,70000,9,0,1,0,1,愛知県
1568,191.7,72000,7,0,1,1,1,石川県
1569,261.8,62000,3,0,1,1,1,埼玉県
1570,293.7,37000,3,0,1,1,1,埼玉県
1571,164.9,60000,10,0,1,1,1,大阪府
1572,222.9,25000,5,0,1,0,1,大阪府
1573,347.9,12000,3,0,1,1,1,鹿児島県
1574,344.9,22000,3,0,1,1,1,新潟県
1575,182.6,52000,8,0,1,0,1,京都府
1576,199.8,38000,8,0,1,1,1,千葉県
1577,339.9,6,1,0,1,1,1,奈良県
1578,339.9,6,1,0,1,1,1,奈良県
1579,237.9,27000,5,0,1,0,1,千葉県
1580,309.9,6,1,0,1,0,1,大阪府
1581,182.9,44000,8,0,1,0,1,大阪府
1582,211.4,50000,5,0,1,0,1,広島県
1583,309.8,32000,4,0,1,1,1,福岡県
1584,149.7,64000,10,0,1,1,1,愛知県
1585,372.6,810,1,0,1,1,1,滋賀県
1586,267.9,30000,4,0,1,0,1,群馬県
1587,245.3,27000,5,0,1,1,1,愛知県
1588,395.9,25,1,0,1,1,1,千葉県
1589,116.8,96000,9,0,1,0,1,福岡県
1590,262.5,11000,4,0,1,0,1,兵庫県
1591,212.9,23000,8,0,1,0,1,岐阜県
1592,149.9,59000,10,0,1,1,1,埼玉県
1593,326.9,19000,2,0,1,1,1,福岡県
1594,326.9,14000,1,0,1,1,1,福島県
1595,171.7,70000,9,0,1,0,1,宮城県
1596,212,31000,5,0,1,0,1,埼玉県
1597,326.2,25000,3,0,1,1,1,兵庫県
1598,207.6,73000,5,0,1,0,1,熊本県
1599,332.5,9000,3,0,1,1,1,埼玉県
1600,132.8,119000,7,0,1,0,0,愛知県
1601,79.9,87000,13,0,1,0,1,北海道
1602,207.9,13000,7,0,1,0,1,和歌山県
1603,255.9,19000,5,0,1,1,1,栃木県
1604,359,9,0,0,1,1,1,愛知県
1605,390.9,9,0,0,1,1,1,大阪府
1606,167.9,30000,10,0,1,0,1,愛知県
1607,187.9,28000,10,0,1,1,1,神奈川県
1608,225.8,34000,6,0,1,1,1,愛知県
1609,141.5,103000,7,0,1,0,1,佐賀県
1610,309.9,8,1,0,1,0,1,奈良県
1611,309.9,19,1,0,1,0,1,奈良県
1612,253.5,10000,6,0,1,1,1,埼玉県
1613,149.8,13000,10,0,1,0,1,大阪府
1614,223.7,70000,6,0,1,1,1,大分県
1615,317.7,21000,3,0,1,1,1,香川県
1616,135.4,56000,10,0,1,0,1,埼玉県
1617,395.9,10,1,0,1,1,1,千葉県
1618,169.8,34000,9,0,1,0,1,愛知県
1619,156.6,48000,9,0,1,0,1,愛知県
1620,218.1,52000,7,0,1,1,1,茨城県
1621,359.9,40,1,0,1,1,1,茨城県
1622,203.8,36000,7,0,1,0,1,三重県
1623,116.1,75000,10,0,1,0,1,愛知県
1624,331.7,6000,3,0,1,1,1,大阪府
1625,363.6,10,0,0,1,1,1,兵庫県
1626,225,24000,6,0,1,0,1,愛知県
1627,349.9,20000,2,0,1,1,1,埼玉県
1628,206.8,34000,6,0,1,0,1,愛知県
1629,189.6,44000,7,0,1,0,1,大阪府
1630,179.4,73000,5,0,1,0,1,愛知県
1631,149.9,54000,9,0,1,0,1,兵庫県
1632,169.8,12000,10,0,1,1,1,千葉県
1633,349.9,7000,1,0,1,1,1,静岡県
1634,169.9,26000,9,0,1,0,1,香川県
1635,332.5,9000,1,0,1,1,1,岡山県
1636,164.8,57000,11,0,1,1,1,大阪府
1637,202.9,47000,9,0,1,1,1,岐阜県
1638,185.4,80000,8,0,1,1,1,広島県
1639,197.8,39000,8,0,1,0,1,京都府
1640,326.9,5,1,0,1,1,1,大阪府
1641,242.9,45000,6,0,1,1,1,佐賀県
1642,204.9,28000,10,0,1,1,1,長崎県
1643,340.9,20,1,0,1,1,1,福岡県
1644,139.9,34000,9,1,1,0,1,大阪府
1645,148,77000,10,0,1,0,1,滋賀県
1646,313.9,6,0,0,1,1,1,熊本県
1647,323.7,12000,3,0,1,1,1,茨城県
1648,329.8,11000,3,0,1,1,1,兵庫県
1649,224.8,34000,7,0,1,1,1,宮城県
1650,202.8,7000,8,0,1,0,1,埼玉県
1651,230.8,24000,7,0,1,1,1,沖縄県
1652,197.8,24000,7,0,1,0,0,千葉県
1653,182.8,77000,8,0,1,1,1,和歌山県
1654,149.9,50000,10,0,1,0,1,兵庫県
1655,256.9,22000,6,0,1,0,1,北海道
1656,179.5,27000,11,0,1,1,1,神奈川県
1657,179.9,12000,9,0,1,0,1,千葉県
1658,159.9,86000,10,0,1,0,1,北海道
1659,287.5,9000,4,0,1,0,1,大阪府
1660,227.9,17000,7,0,1,0,1,茨城県
1661,234.9,7000,7,0,1,0,1,静岡県
1662,189.8,26000,9,0,1,0,1,島根県
1663,240.6,31000,6,0,1,0,1,北海道
1664,159.8,43000,9,0,1,0,1,千葉県
1665,213.8,40000,7,0,1,1,1,愛知県
1666,212.9,12000,8,0,1,0,1,山梨県
1667,189.9,47000,9,0,1,1,1,鳥取県
1668,198.9,38000,9,0,1,0,1,北海道
1669,244.9,40000,7,0,1,1,1,大阪府
1670,199.9,22000,11,0,1,1,1,栃木県
1671,219.8,66000,5,0,1,0,1,千葉県
1672,171.2,31000,10,0,1,0,1,岡山県
1673,132.7,89000,11,0,1,0,1,愛知県
1674,254.8,29000,5,0,1,1,1,埼玉県
1675,206.2,75000,5,0,1,0,1,広島県
1676,147.4,103000,9,0,1,1,1,宮崎県
1677,197.8,21000,10,0,1,1,1,神奈川県
1678,201.8,33000,9,0,1,1,1,埼玉県
1679,227,38000,8,0,1,1,1,兵庫県
1680,197.7,45000,9,0,1,1,1,埼玉県
1681,231.9,18000,7,0,1,1,1,茨城県
1682,232.7,46000,7,0,1,1,1,愛媛県
1683,165.7,99000,6,0,1,0,1,岐阜県
1684,157.6,20000,11,0,1,0,1,埼玉県
1685,156.9,33000,11,0,1,0,1,埼玉県
1686,103.4,105000,10,0,1,0,1,埼玉県
1687,148.2,45000,11,0,1,0,1,埼玉県
1688,182.8,53000,9,0,1,1,1,京都府
1689,198,78000,7,0,1,1,1,福岡県
1690,237.3,23000,6,0,1,0,1,高知県
1691,179.9,53000,10,0,1,1,1,兵庫県
1692,186.7,27000,10,0,1,0,1,和歌山県
1693,186.9,14000,9,0,1,0,1,千葉県
1694,179.6,17000,10,0,1,0,1,栃木県
1695,177.8,45000,9,0,1,0,1,兵庫県
1696,236.2,58000,7,0,1,0,1,岩手県
1697,242.8,25000,8,0,1,1,1,長崎県
1698,165,66000,11,0,1,1,1,愛知県
1699,440.1,8000,2,0,1,1,1,北海道
1700,175.6,19000,10,0,1,0,1,和歌山県
1701,189.5,54000,10,0,1,0,1,岩手県
1702,160.4,124000,8,0,1,0,1,栃木県
1703,185.9,97000,10,0,1,0,1,京都府
1704,187.1,99000,10,0,1,0,1,滋賀県
1705,153.9,33000,5,0,1,0,1,群馬県
1706,239.5,15000,2,0,1,1,1,神奈川県
1707,138.1,48000,7,0,1,0,1,愛知県
1708,148.6,52000,8,0,1,1,1,群馬県
1709,127.6,72000,5,0,1,0,1,鹿児島県
1710,269.5,18000,2,0,1,1,1,神奈川県
1711,147.9,47000,7,0,1,0,1,広島県
1712,96.9,78000,9,0,1,0,1,新潟県
1713,234.5,16000,3,0,1,0,1,神奈川県
1714,100.8,71000,9,0,1,0,1,埼玉県
1715,259.5,6000,2,0,1,1,1,神奈川県
1716,224.6,12000,3,0,1,0,1,神奈川県
1717,109.8,94000,7,0,1,0,1,岩手県
1718,130.1,77000,8,0,1,1,1,愛知県
1719,154.6,51000,6,0,1,0,1,鹿児島県
1720,76.4,140000,9,0,1,1,1,岐阜県
1721,195.6,32000,5,0,1,1,1,神奈川県
1722,128.8,23000,5,1,1,0,1,愛知県
1723,118.2,80000,9,0,1,1,1,愛知県
1724,74.1,144000,9,0,1,1,1,岐阜県
1725,265.7,38000,3,0,1,1,1,大阪府
1726,232.2,12000,3,0,1,0,1,茨城県
1727,97,34000,8,1,1,0,1,愛知県
1728,275,17000,2,0,1,1,1,神奈川県
1729,290.5,8000,2,0,1,1,1,福岡県
1730,230.4,29000,4,0,1,0,1,福岡県
1731,161.8,25000,6,0,1,0,1,奈良県
1732,253.2,40000,3,0,1,1,1,神奈川県
1733,274.9,5000,3,0,1,1,1,神奈川県
1734,263,25000,2,0,1,1,1,神奈川県
1735,243.5,4000,3,0,1,0,1,神奈川県
1736,189.5,21000,4,0,1,0,1,神奈川県
1737,109.2,49000,10,0,1,0,1,福岡県
1738,229.5,41000,3,0,1,1,1,神奈川県
1739,105,70000,11,0,1,1,1,愛知県
1740,168.6,46000,7,0,1,1,1,神奈川県
1741,199.3,46000,4,0,1,1,1,福岡県
1742,228.2,8000,3,0,1,0,1,神奈川県
1743,257.8,16000,2,0,1,1,1,神奈川県
1744,176.2,40000,5,0,1,0,1,埼玉県
1745,295.4,10000,2,0,1,1,1,神奈川県
1746,241.3,22000,4,0,1,0,1,福岡県
1747,264.5,9000,3,0,1,1,1,神奈川県
1748,92.1,58000,10,1,1,0,1,愛知県
1749,46.4,111000,14,0,1,0,1,愛知県
1750,248.5,24000,3,0,1,1,1,神奈川県
1751,234.5,49000,2,0,1,1,1,神奈川県
1752,244.5,24000,3,0,1,1,1,神奈川県
1753,243.5,14000,4,0,1,0,1,福岡県
1754,244,14000,4,0,1,0,1,福岡県
1755,105.8,72000,10,0,1,0,1,福岡県
1756,95.1,85000,9,0,1,0,1,福岡県
1757,129.9,42000,7,1,1,0,1,愛知県
1758,121,81000,8,0,1,0,1,愛知県
1759,126.9,36000,7,1,1,0,1,愛知県
1760,294.3,10000,2,0,1,1,1,神奈川県
1761,75.9,52000,11,1,1,0,1,栃木県
1762,236.5,15000,2,0,1,0,1,神奈川県
1763,242,39000,3,0,1,0,1,福岡県
1764,100.1,53000,11,0,1,0,1,愛知県
1765,188.8,36000,6,0,1,0,1,静岡県
1766,272.7,15000,3,0,1,1,1,神奈川県
1767,295,11000,2,0,1,1,1,神奈川県
1768,244.2,7000,2,0,1,0,1,神奈川県
1769,284.7,6000,3,0,1,1,1,神奈川県
1770,129.2,41000,9,1,1,1,1,北海道
1771,164.2,73000,6,0,1,1,1,神奈川県
1772,333.8,16000,3,0,1,1,1,兵庫県
1773,284.4,14000,3,0,1,1,1,神奈川県
1774,282.7,27000,3,0,1,1,1,栃木県
1775,164.8,20000,7,0,1,0,1,神奈川県
1776,244.5,33000,3,0,1,1,1,神奈川県
1777,279.5,4000,3,0,1,1,1,神奈川県
1778,264.6,55000,3,0,1,1,1,福岡県
1779,176.6,55000,7,0,1,1,1,群馬県
1780,111.6,70000,9,0,1,0,1,愛知県
1781,184.8,27000,5,0,1,0,0,神奈川県
1782,268.7,19000,3,0,1,1,1,神奈川県
1783,227.2,81000,4,0,1,1,1,福岡県
1784,269.4,8000,2,0,1,1,1,神奈川県
1785,209.9,9000,4,0,1,0,1,和歌山県
1786,141.1,55000,7,1,1,1,1,愛知県
1787,205,17000,4,0,1,0,1,神奈川県
1788,254.5,49000,3,0,1,1,1,神奈川県
1789,273.4,32000,4,0,1,1,1,神奈川県
1790,128.1,69000,9,0,1,0,1,福岡県
1791,174.1,40000,7,0,1,0,1,福岡県
1792,289.1,13000,3,0,1,1,1,福岡県
1793,273.7,25000,3,0,1,1,1,神奈川県
1794,158.1,38000,5,0,1,0,1,愛知県
1795,155.7,55000,8,0,1,1,1,福岡県
1796,243.3,17000,3,0,1,1,1,神奈川県
1797,120.1,55000,7,1,1,0,1,愛知県
1798,172.2,55000,5,0,1,0,1,愛知県
1799,254.5,23000,3,0,1,1,1,神奈川県
1800,98.4,92000,10,0,1,0,1,広島県
1801,176.7,52000,6,0,1,0,1,福岡県
1802,232.8,81000,3,0,1,1,1,福岡県
1803,174.8,43000,6,0,1,0,1,東京都
1804,254.2,23000,3,0,1,1,1,神奈川県
1805,242.4,43000,3,0,1,1,1,福岡県
1806,256.5,1000,3,0,1,0,1,神奈川県
1807,124.6,42000,9,0,1,0,1,神奈川県
1808,273.9,22000,3,0,1,1,1,神奈川県
1809,288.7,11000,3,0,1,1,1,神奈川県
1810,242.7,15000,4,0,1,0,1,福岡県
1811,173,65000,7,0,1,1,1,愛知県
1812,279.2,7000,3,0,1,1,1,神奈川県
1813,252.8,4000,3,0,1,0,1,神奈川県
1814,274.9,29000,3,0,1,1,1,神奈川県
1815,281.8,9000,3,0,1,1,1,神奈川県
1816,263.5,37000,4,0,1,1,1,神奈川県
1817,264.5,36000,4,0,1,1,1,神奈川県
1818,182.7,29000,5,1,1,1,1,福岡県
1819,198.7,14000,5,0,1,0,1,岐阜県
1820,278.7,21000,3,0,1,1,1,神奈川県
1821,274.5,21000,3,0,1,1,1,神奈川県
1822,134.6,16000,9,0,1,0,1,神奈川県
1823,234.5,42000,3,0,1,0,1,神奈川県
1824,175.1,33000,7,0,1,0,1,愛知県
1825,289.2,31000,3,0,1,1,1,神奈川県
1826,242.6,39000,3,0,1,0,1,埼玉県
1827,167.1,45000,5,1,1,1,1,神奈川県
1828,141.1,82000,7,0,1,1,1,福岡県
1829,109.6,54000,11,0,0,0,1,大阪府
1830,310.9,7000,2,0,1,1,1,兵庫県
1831,263.7,11000,3,0,1,1,1,神奈川県
1832,184.9,47000,6,0,1,1,1,石川県
1833,238.8,39000,3,0,1,0,1,神奈川県
1834,249.5,22000,3,0,1,0,1,神奈川県
1835,289.5,8000,2,0,1,1,1,神奈川県
1836,153,22000,5,1,1,0,1,兵庫県
1837,198.1,33000,5,0,1,0,1,神奈川県
1838,215.7,33000,5,0,1,1,1,福岡県
1839,284.4,17000,4,0,1,1,1,神奈川県
1840,57.2,105000,14,0,1,0,1,愛知県
1841,273.4,46000,4,0,1,1,1,福岡県
1842,274.2,12000,3,0,1,1,1,神奈川県
1843,97.2,76000,10,0,1,0,1,愛知県
1844,273.5,34000,4,0,1,1,1,神奈川県
1845,274.5,38000,3,0,1,1,1,神奈川県
1846,278.2,27000,3,0,1,1,1,神奈川県
1847,279.5,30000,3,0,1,1,1,神奈川県
1848,124.9,69000,10,0,1,1,1,静岡県
1849,216.8,24000,4,0,1,0,1,東京都
1850,283.2,10000,3,0,1,1,1,神奈川県
1851,259.5,18000,3,0,1,0,1,神奈川県
1852,262.9,25000,3,0,1,0,1,福岡県
1853,196.3,33000,5,0,1,0,1,岐阜県
1854,158.4,38000,8,0,1,0,1,愛知県
1855,208.6,40000,5,0,1,1,1,大阪府
1856,67.9,88000,13,0,1,0,1,栃木県
1857,291.5,28000,2,0,1,1,1,神奈川県
1858,178.1,14000,7,0,1,0,1,神奈川県
1859,149.3,64000,8,0,1,0,1,福岡県
1860,257.4,9000,3,0,1,0,1,福岡県
1861,284.6,15000,3,0,1,1,1,神奈川県
1862,284.8,36000,3,0,1,1,1,神奈川県
1863,171.4,37000,8,0,1,1,1,福岡県
1864,265.5,47000,4,0,1,1,1,岡山県
1865,120.1,54000,10,0,1,0,1,愛知県
1866,287.3,32000,3,0,1,1,1,大阪府
1867,138.5,64000,11,0,1,1,1,埼玉県
1868,69.9,58000,14,0,1,0,1,大阪府
1869,138.2,84000,7,0,1,0,1,愛知県
1870,163.6,43000,7,0,1,0,1,福岡県
1871,163.2,61000,7,1,1,1,1,福岡県
1872,288.5,23000,3,0,1,1,1,群馬県
1873,263.8,17000,2,0,1,0,1,神奈川県
1874,180.6,36000,7,0,1,0,1,福岡県
1875,176.9,36000,7,0,1,1,1,群馬県
1876,297.9,23000,2,0,1,1,1,福岡県
1877,295.3,18000,2,0,1,1,1,神奈川県
1878,240,38000,4,0,1,0,1,群馬県
1879,204.6,25000,5,0,1,0,1,神奈川県
1880,278,46000,3,0,1,1,1,福岡県
1881,247.6,35000,4,0,1,0,1,福岡県
1882,140.6,62000,10,0,1,1,1,福岡県
1883,276.5,43000,4,0,1,1,1,福岡県
1884,126.2,141000,7,0,1,0,1,岩手県
1885,208.1,25000,5,0,1,0,1,神奈川県
1886,168.8,82000,8,0,1,1,1,岩手県
1887,293,16000,3,0,1,1,1,福岡県
1888,72.9,55000,15,0,1,0,1,福岡県
1889,106.9,85000,10,0,1,0,1,愛知県
1890,288.2,13000,3,0,1,1,1,神奈川県
1891,244.5,19000,4,0,1,0,1,群馬県
1892,259.5,10000,3,0,1,0,1,神奈川県
1893,64.8,24000,15,0,1,0,1,千葉県
1894,284.5,16000,3,0,1,1,1,神奈川県
1895,82.1,80000,10,1,1,0,1,大阪府
1896,163.6,39000,9,0,1,1,1,大阪府
1897,144.9,45000,7,1,1,0,1,愛知県
1898,200.5,30000,4,1,1,1,1,福岡県
1899,274.3,39000,4,0,1,1,1,神奈川県
1900,282.8,49000,3,0,1,1,1,福岡県
1901,204.6,25000,5,0,1,1,1,神奈川県
1902,226.5,78000,4,0,1,1,1,神奈川県
1903,262.4,27000,3,0,1,0,1,福岡県
1904,187.1,25000,8,0,1,1,1,神奈川県
1905,282,36000,3,0,1,1,1,福岡県
1906,296.2,24000,3,0,1,1,1,福岡県
1907,294.5,16000,2,0,1,1,1,神奈川県
1908,265.8,25000,3,0,1,0,1,福岡県
1909,296.3,24000,3,0,1,1,1,埼玉県
1910,278.4,24000,4,0,1,1,1,神奈川県
1911,105.9,87000,10,0,1,0,1,福岡県
1912,263.9,42000,4,0,1,1,1,静岡県
1913,179.6,57000,6,0,1,0,1,神奈川県
1914,284.8,14000,3,0,1,1,1,神奈川県
1915,295.6,28000,2,0,1,1,1,群馬県
1916,258.4,37000,3,0,1,0,1,福岡県
1917,171.6,29000,6,1,1,0,1,大阪府
1918,175.9,52000,8,0,1,1,1,福岡県
1919,286.5,22000,4,0,1,1,1,埼玉県
1920,302.1,19000,4,0,1,1,1,茨城県
1921,264.5,53000,4,0,1,1,1,神奈川県
1922,214.5,35000,7,0,1,1,1,神奈川県
1923,159.5,46000,9,0,1,1,1,埼玉県
1924,186.1,33000,6,0,1,0,1,愛知県
1925,195.6,35000,5,0,1,0,1,広島県
1926,169.8,68000,6,0,1,0,1,埼玉県
1927,195.4,51000,4,0,1,0,1,愛知県
1928,150.9,85000,8,0,1,1,1,岡山県
1929,294.8,17000,4,0,1,1,1,静岡県
1930,289.5,15000,3,0,1,1,1,神奈川県
1931,130.1,76000,9,0,1,0,1,愛知県
1932,311.3,13000,3,0,1,1,1,福岡県
1933,121.7,54000,9,1,1,0,1,愛知県
1934,261.3,31000,3,0,1,0,1,神奈川県
1935,226.7,27000,4,0,1,0,1,埼玉県
1936,171.6,20000,5,1,1,0,1,愛知県
1937,309.6,32000,3,0,1,1,1,鹿児島県
1938,307.2,15000,3,0,1,1,1,茨城県
1939,265.6,27000,4,0,1,0,1,福岡県
1940,164.2,80000,5,0,1,0,1,福岡県
1941,278.8,30000,4,0,1,1,1,三重県
1942,184.8,37000,6,0,1,0,1,神奈川県
1943,221.2,50000,5,0,1,1,1,埼玉県
1944,62.9,99000,13,0,1,0,1,大阪府
1945,269.6,40000,3,0,1,0,1,神奈川県
1946,54.9,101000,17,0,1,0,1,広島県
1947,267.9,55000,4,0,1,1,1,埼玉県
1948,299,6000,1,0,1,0,1,茨城県
1949,188.8,48000,8,0,1,1,1,岩手県
1950,273.7,48000,4,0,1,1,1,神奈川県
1951,314.5,9000,2,0,1,1,1,福岡県
1952,151.1,33000,9,0,1,0,1,愛知県
1953,319.5,7000,3,0,1,1,1,福岡県
1954,111.7,37000,10,1,1,0,1,愛知県
1955,187.1,38000,5,1,1,1,1,愛知県
1956,85.2,122000,10,0,1,0,1,広島県
1957,288.8,40000,3,0,1,1,1,神奈川県
1958,285.7,39000,3,0,1,1,1,神奈川県
1959,185.7,77000,7,0,1,1,1,群馬県
1960,262.4,39000,3,0,1,0,1,福岡県
1961,145.3,75000,7,1,1,0,1,岡山県
1962,325.5,7000,2,0,1,1,1,福岡県
1963,140,38000,9,0,1,0,1,福岡県
1964,139.8,56000,9,0,1,0,1,神奈川県
1965,223.1,79000,4,0,1,0,1,愛知県
1966,125.7,76000,9,0,1,0,1,福岡県
1967,286,45000,4,0,1,1,1,福岡県
1968,266.8,13000,2,0,1,0,1,栃木県
1969,217.2,7000,7,0,1,1,1,茨城県
1970,308.2,19000,3,0,1,1,1,埼玉県
1971,175.2,79000,5,0,1,0,1,愛知県
1972,330.7,7000,1,0,1,1,1,福岡県
1973,260.7,35000,3,1,1,1,1,大阪府
1974,306,38000,3,0,1,1,1,埼玉県
1975,165.9,25000,9,0,1,0,1,兵庫県
1976,268.7,36000,4,0,1,0,1,神奈川県
1977,297.8,7000,4,0,1,1,1,三重県
1978,241.8,12000,3,1,1,0,1,愛知県
1979,59.2,112000,13,0,1,0,1,埼玉県
1980,209.8,19000,6,0,1,0,1,埼玉県
1981,189.6,47000,6,0,1,0,1,大阪府
1982,144.6,48000,11,0,1,0,1,神奈川県
1983,127.4,43000,11,1,1,1,1,埼玉県
1984,203.6,16000,7,0,1,0,1,群馬県
1985,176,91000,4,0,1,0,1,福岡県
1986,57.4,99000,16,0,1,0,1,岐阜県
1987,214.1,34000,6,0,1,0,1,神奈川県
1988,248.2,22000,5,0,1,1,1,群馬県
1989,199.2,54000,5,0,1,0,1,静岡県
1990,207.7,21000,8,0,1,1,1,群馬県
1991,147.8,103000,4,1,1,0,1,北海道
1992,265,9000,3,1,1,0,1,福岡県
1993,175.3,48000,7,1,1,1,1,大阪府
1994,234.5,45000,6,0,1,1,1,神奈川県
1995,116.3,78000,10,1,1,0,1,愛知県
1996,91.2,110000,9,1,1,0,1,栃木県
1997,400.1,5,1,0,1,1,1,大阪府
1998,243.9,24000,6,0,1,0,1,石川県
1999,160.4,136000,9,0,1,1,1,福島県
2000,149,87000,3,0,0,1,1,新潟県
2001,163.4,90000,3,0,1,1,1,千葉県
2002,169,89000,3,0,1,1,1,千葉県
2003,172,90000,3,0,1,1,1,千葉県
2004,175,80000,3,0,1,1,1,千葉県
2005,177,74000,3,0,1,1,1,千葉県
2006,175,85000,3,0,1,1,1,千葉県
2007,148.6,81000,3,0,0,1,1,千葉県
2008,171.3,89000,3,0,1,1,1,千葉県
2009,183.8,88000,3,0,1,1,1,栃木県
2010,145.3,35000,4,0,0,1,1,埼玉県
2011,164.8,28000,4,0,1,1,0,神奈川県
2012,112.1,38000,8,0,1,0,1,茨城県
2013,77,38000,11,0,1,0,1,東京都
2014,172,92000,3,0,1,1,1,千葉県
2015,85.7,50000,9,0,1,0,1,茨城県
2016,177.3,79000,3,0,1,1,1,栃木県
2017,55.2,65000,12,0,0,0,1,大阪府
2018,104.8,55000,7,1,1,1,0,群馬県
2019,179.5,95000,3,0,1,1,1,岩手県
2020,148.5,54000,4,0,1,1,1,千葉県
2021,172,95000,3,0,1,1,1,千葉県
2022,89.9,82000,10,0,1,0,1,鹿児島県
2023,176.1,70000,3,0,0,1,1,新潟県
2024,92.3,78000,8,0,1,0,1,茨城県
2025,149.9,70000,3,1,0,1,1,神奈川県
2026,189.6,15000,1,0,1,0,1,佐賀県
2027,179.9,81000,3,0,1,1,1,千葉県
2028,148.8,70000,8,0,1,1,1,愛知県
2029,181.9,81000,3,0,1,1,1,千葉県
2030,181.4,89000,3,0,1,1,1,千葉県
2031,185,21000,3,1,1,1,1,千葉県
2032,177,94000,3,0,1,1,1,千葉県
2033,177,99000,3,0,1,1,1,千葉県
2034,182.2,84000,3,0,1,1,1,茨城県
2035,175.3,98000,3,0,1,1,1,栃木県
2036,149.2,82000,3,1,1,1,1,茨城県
2037,279.9,9000,3,0,1,1,1,静岡県
2038,176.6,47000,7,0,1,0,1,島根県
2039,129.6,94000,4,0,0,1,1,千葉県
2040,74.8,93000,9,0,1,0,1,茨城県
2041,182.2,87000,3,0,1,1,1,茨城県
2042,187.2,78000,3,0,1,1,1,茨城県
2043,184.2,86000,3,0,1,1,1,茨城県
2044,232.1,39000,2,0,1,1,1,千葉県
2045,119.9,34000,8,0,1,0,1,福井県
2046,163.8,58000,5,0,1,1,1,群馬県
2047,109.8,29000,7,1,1,0,0,東京都
2048,142.5,41000,7,0,1,0,1,和歌山県
2049,124,78000,8,0,1,0,1,兵庫県
2050,154.8,44000,5,0,1,0,1,埼玉県
2051,137,67000,4,0,1,0,1,埼玉県
2052,139,79000,8,0,1,0,1,長野県
2053,174.4,90000,3,0,1,1,1,千葉県
2054,187.2,88000,3,0,1,1,1,茨城県
2055,145.8,31000,9,0,1,0,1,広島県
2056,129.7,76000,4,0,1,0,1,千葉県
2057,189.8,43000,4,0,0,1,0,岡山県
2058,92.5,94000,7,0,1,0,1,栃木県
2059,99,80000,11,0,1,1,1,千葉県
2060,119.7,32000,10,0,1,0,1,千葉県
2061,79.8,86000,11,0,1,0,1,愛知県
2062,268.9,9000,2,0,0,1,1,千葉県
2063,139.8,15000,7,0,0,0,1,埼玉県
2064,174.4,91000,3,0,1,1,1,千葉県
2065,89,75000,11,0,1,0,1,熊本県
2066,75,45000,13,0,1,0,1,東京都
2067,109.8,21000,9,0,1,0,1,兵庫県
2068,88,115000,9,0,1,1,1,大阪府
2069,99.1,88000,10,0,1,1,1,栃木県
2070,223.9,56000,3,0,1,1,1,茨城県
2071,129.9,72000,8,0,1,1,1,千葉県
2072,129.8,37000,8,0,1,0,1,愛知県
2073,129,38000,8,0,1,1,0,千葉県
2074,193.8,27000,3,0,0,0,0,千葉県
2075,89.6,93000,10,0,1,1,1,栃木県
2076,114.1,61000,7,0,1,0,1,熊本県
2077,211.5,58000,3,0,1,1,1,千葉県
2078,173.8,34000,7,0,1,0,1,佐賀県
2079,260.8,10000,3,0,1,1,1,愛知県
2080,183.6,82000,3,0,1,1,1,千葉県
2081,100,90000,10,0,1,1,1,千葉県
2082,108,72000,10,0,1,1,0,千葉県
2083,128.8,58000,8,0,1,0,0,宮城県
2084,185.4,26000,4,1,1,1,1,大分県
2085,119.4,36000,9,0,1,0,1,千葉県
2086,209.8,24000,3,0,1,0,1,埼玉県
2087,109.8,44000,11,0,1,0,1,熊本県
2088,149.9,52000,8,0,1,1,1,福井県
2089,74.8,108000,11,0,1,1,1,大阪府
2090,167.3,96000,3,0,1,0,1,千葉県
2091,92.9,60000,9,0,0,0,0,千葉県
2092,109.8,97000,10,0,1,1,1,宮城県
2093,124.8,93000,8,0,1,1,1,福岡県
2094,242.8,38000,2,0,1,1,1,千葉県
2095,153,65000,8,0,1,1,1,熊本県
2096,264.6,24000,3,0,1,1,1,愛知県
2097,187.1,43000,5,0,1,1,1,福岡県
2098,159.9,85000,3,1,0,1,1,神奈川県
2099,99,58000,11,0,1,0,1,広島県
2100,201.8,40000,4,0,1,0,1,埼玉県
2101,155.9,36000,7,0,1,0,1,茨城県
2102,137.4,61000,7,0,0,0,1,千葉県
2103,78.8,103000,11,0,1,1,1,大阪府
2104,99.9,100000,8,0,1,0,1,千葉県
2105,102.5,82000,10,0,1,1,1,千葉県
2106,219.8,54000,3,0,1,1,1,兵庫県
2107,164.5,42000,7,0,1,1,1,千葉県
2108,168.9,32000,5,0,1,0,1,栃木県
2109,249.4,10,1,0,1,1,1,愛知県
2110,129.8,57000,10,0,1,1,0,千葉県
2111,169.8,55000,8,0,1,1,1,大阪府
2112,91.1,64000,11,0,1,0,1,福島県
2113,185.9,55000,7,0,1,1,1,茨城県
2114,245.2,24000,3,0,0,1,0,千葉県
2115,103.3,76000,10,0,1,0,1,熊本県
2116,147.1,59000,7,0,1,0,1,茨城県
2117,254,28000,3,0,1,1,1,千葉県
2118,242.9,10,1,0,1,1,1,福井県
2119,104.9,69000,11,0,1,0,1,千葉県
2120,234.1,13000,3,0,1,0,1,兵庫県
2121,120.4,78000,7,0,1,0,1,群馬県
2122,148.7,42000,7,0,1,0,1,静岡県
2123,164.8,68000,8,0,1,1,1,沖縄県
2124,262.6,10000,4,0,1,1,1,愛知県
2125,123.8,53000,10,0,1,1,1,岡山県
2126,157.3,32000,7,0,1,0,1,大分県
2127,136.4,57000,10,0,1,1,1,沖縄県
2128,239,14000,3,0,1,0,1,三重県
2129,285.8,20000,3,0,1,1,1,千葉県
2130,163.3,88000,3,1,1,1,1,茨城県
2131,263.8,38000,3,0,1,1,1,茨城県
2132,132.5,39000,6,1,1,0,1,千葉県
2133,219,21000,3,0,1,0,1,埼玉県
2134,162.1,7000,6,0,0,0,1,千葉県
2135,79.8,84000,10,0,1,0,1,千葉県
2136,106.9,46000,9,1,1,0,1,埼玉県
2137,110.5,117000,8,0,1,0,1,宮城県
2138,54,115000,11,0,1,0,1,北海道
2139,146,43000,7,0,1,0,1,新潟県
2140,144.9,82000,6,0,1,0,1,大分県
2141,273.8,44000,3,0,1,1,1,東京都
2142,239.8,25000,4,0,0,1,0,千葉県
2143,218.5,28000,4,0,1,0,1,兵庫県
2144,199.8,29000,5,0,1,0,1,群馬県
2145,219.8,22000,3,0,1,0,1,千葉県
2146,175.8,49000,7,0,1,1,1,愛知県
2147,154.8,60000,8,0,1,0,1,沖縄県
2148,100.3,58000,10,1,1,1,1,千葉県
2149,143.8,66000,8,0,1,0,1,栃木県
2150,65,71000,13,0,1,0,1,北海道
2151,258,7000,2,1,1,1,1,北海道
2152,158.6,89000,3,1,1,1,1,千葉県
2153,125.3,9000,7,1,0,0,0,埼玉県
2154,138.8,59000,9,0,1,1,1,大阪府
2155,175.1,41000,6,0,1,0,1,群馬県
2156,152.9,53000,8,0,1,0,1,千葉県
2157,259.5,9000,2,0,1,1,1,埼玉県
2158,239.8,39000,3,0,1,1,1,和歌山県
2159,329.5,1000,2,0,1,1,1,北海道
2160,167.8,63000,7,0,1,0,1,岡山県
2161,178.8,39000,7,0,1,0,1,新潟県
2162,222.5,27000,3,0,1,0,1,茨城県
2163,132.9,37000,10,0,1,0,1,茨城県
2164,74.5,54000,11,0,1,0,1,埼玉県
2165,294.8,8000,1,0,1,1,1,奈良県
2166,264.9,12000,3,0,1,0,1,東京都
2167,125,52000,10,0,1,1,1,兵庫県
2168,119.8,40000,11,0,1,0,1,福岡県
2169,259.8,17000,3,0,1,1,1,千葉県
2170,292.7,10000,1,0,1,1,1,兵庫県
2171,99.7,63000,11,0,1,0,1,埼玉県
2172,84.8,77000,11,1,1,1,1,兵庫県
2173,276.5,10000,2,0,1,1,1,兵庫県
2174,175.8,38000,8,0,1,0,1,三重県
2175,149.8,61000,8,0,1,0,1,山形県
2176,110.8,34000,10,1,1,1,0,埼玉県
2177,87.4,85000,10,0,1,0,1,岡山県
2178,259.8,37000,3,0,0,1,1,千葉県
2179,86.8,82000,9,1,0,1,1,奈良県
2180,118,56000,11,0,1,0,0,大分県
2181,164.2,78000,6,0,1,1,1,香川県
2182,162.8,40000,8,0,1,1,1,山形県
2183,101.7,87000,11,0,1,1,1,神奈川県
2184,58.2,81000,13,0,1,0,1,愛知県
2185,138.1,33000,5,1,0,1,0,埼玉県
2186,261.6,3000,2,0,1,1,1,茨城県
2187,149.9,83000,6,0,1,1,1,宮城県
2188,173.8,77000,6,0,1,1,1,愛知県
2189,124.4,41000,10,0,1,0,1,山口県
2190,227.2,21000,4,0,1,0,1,滋賀県
2191,189.9,50000,7,0,1,1,1,福岡県
2192,83.8,98000,10,0,1,1,0,埼玉県
2193,274.9,33000,3,0,1,1,1,宮崎県
2194,159.8,35000,8,0,1,0,1,山口県
2195,169.2,89000,3,1,1,1,1,茨城県
2196,159,48000,7,0,1,0,1,熊本県
2197,269.8,13000,3,0,1,1,1,福岡県
2198,288.8,18000,2,0,1,1,1,秋田県
2199,279.9,32000,4,0,1,1,1,神奈川県
2200,167.2,90000,3,1,1,1,1,茨城県
2201,154.8,34000,8,0,0,1,1,千葉県
2202,105,85000,9,0,1,0,1,大阪府
2203,298.8,8000,1,0,1,1,1,奈良県
2204,137.8,73000,6,0,1,1,0,宮城県
2205,280.3,13000,2,0,1,1,1,千葉県
2206,285.9,1000,2,0,0,1,1,神奈川県
2207,115.7,44000,10,0,1,0,1,千葉県
2208,168.1,50000,6,0,1,0,1,大分県
2209,176,62000,6,0,0,1,1,千葉県
2210,149.9,78000,8,0,1,1,0,兵庫県
2211,179.4,89000,3,1,1,1,1,千葉県
2212,163.5,65000,4,0,1,1,1,埼玉県
2213,170.9,21000,7,0,1,1,1,神奈川県
2214,119.6,70000,10,0,1,1,1,熊本県
2215,269.8,29000,4,0,1,1,1,兵庫県
2216,107.4,66000,10,1,1,1,1,千葉県
2217,155.8,7000,11,0,1,1,1,大阪府
2218,139,63000,7,0,1,0,1,大阪府
2219,80.8,90000,11,0,1,0,0,宮城県
2220,227.5,31000,3,0,1,0,1,熊本県
2221,271.7,17000,3,0,1,1,1,茨城県
2222,269.8,49000,3,0,1,1,1,三重県
2223,248.1,40000,4,0,1,1,1,群馬県
2224,140.4,67000,8,0,1,0,1,大分県
2225,109.4,62000,10,0,1,0,1,千葉県
2226,254.5,11000,3,0,1,1,1,茨城県
2227,125.8,85000,11,0,1,1,1,宮城県
2228,139.8,21000,7,1,0,1,1,埼玉県
2229,149.1,38000,7,0,1,0,1,愛知県
2230,126.8,106000,6,0,1,1,1,愛知県
2231,180,32000,6,0,0,0,1,京都府
2232,191.9,55000,4,0,1,1,1,茨城県
2233,227.8,39000,4,0,1,1,1,岡山県
2234,109.4,79000,11,0,1,1,1,千葉県
2235,273.8,43000,3,0,1,1,1,千葉県
2236,92.5,74000,11,0,1,0,1,岐阜県
2237,229.9,17000,4,0,1,0,1,三重県
2238,130.8,56000,6,1,1,0,1,千葉県
2239,139.8,92000,7,0,1,0,1,岩手県
2240,129.8,91000,7,0,1,1,1,福岡県
2241,179.2,33000,7,0,1,0,1,大阪府
2242,199.8,50000,5,0,1,0,1,山形県
2243,134.8,40000,9,0,1,0,1,広島県
2244,249.8,26000,3,0,1,0,1,宮城県
2245,264.8,3000,2,1,1,1,1,佐賀県
2246,150.2,32000,10,0,1,1,1,栃木県
2247,124.5,61000,10,0,1,1,1,東京都
2248,132.8,75000,9,0,1,1,1,広島県
2249,273.6,17000,2,0,1,1,1,三重県
2250,189.9,24000,6,0,1,0,1,埼玉県
2251,72.8,94000,10,0,1,0,0,埼玉県
2252,134.9,95000,8,0,1,1,1,福岡県
2253,129.7,50000,9,0,1,0,1,埼玉県
2254,82.8,68000,10,1,1,0,0,埼玉県
2255,272.9,27000,3,0,1,1,1,愛知県
2256,199.8,45000,5,0,1,0,1,福井県
2257,116,60000,8,1,1,0,1,千葉県
2258,257.4,40000,3,0,1,1,1,福岡県
2259,274.9,4000,1,0,1,1,1,石川県
2260,159.9,35000,8,0,1,0,1,福井県
2261,169.5,10000,6,1,1,1,1,愛知県
2262,158.9,58000,6,0,1,0,1,茨城県
2263,245,19000,4,0,1,1,1,東京都
2264,169.9,40000,7,0,1,0,1,千葉県
2265,319.3,15,1,0,1,1,1,熊本県
2266,319.3,9,1,0,1,1,1,熊本県
2267,131.8,75000,8,0,1,0,1,富山県
2268,278.8,12000,4,0,1,1,1,熊本県
2269,332.9,4000,1,0,1,1,1,岡山県
2270,249.9,12000,4,0,1,0,1,群馬県
2271,177.2,79000,3,1,1,1,1,茨城県
2272,189.4,57000,4,1,1,1,1,千葉県
2273,258,40000,3,0,1,1,1,埼玉県
2274,113,46000,10,0,1,0,1,東京都
2275,98.4,78000,10,0,1,0,1,埼玉県
2276,106.5,53000,10,1,1,1,1,千葉県
2277,107.8,80000,10,0,1,0,1,富山県
2278,124.5,97000,7,0,1,1,1,千葉県
2279,295.8,14000,1,0,1,1,1,大阪府
2280,204.8,41000,6,0,1,1,1,愛媛県
2281,80,106000,9,0,1,0,1,大阪府
2282,246.5,2000,3,0,1,0,1,静岡県
2283,115.3,91000,8,0,1,0,1,千葉県
2284,169.8,73000,8,0,1,1,1,沖縄県
2285,174.3,45000,7,0,1,0,1,愛知県
2286,84.6,99000,10,0,1,0,1,新潟県
2287,182.8,46000,7,0,1,0,1,神奈川県
2288,254.8,59000,3,0,1,1,1,群馬県
2289,306.9,23000,2,0,1,1,1,埼玉県
2290,115,65000,9,0,1,0,1,埼玉県
2291,119.8,82000,10,0,1,0,1,北海道
2292,150,36000,8,1,1,0,1,北海道
2293,108.6,75000,10,0,1,0,1,愛知県
2294,105,28000,9,1,1,0,1,大阪府
2295,274.6,12000,2,0,1,0,1,鹿児島県
2296,269.9,10,1,0,1,1,1,香川県
2297,138,88000,6,0,1,1,1,熊本県
2298,194.9,46000,6,0,1,0,1,愛知県
2299,298.4,20000,2,0,1,1,1,愛知県
2300,230.2,40000,5,0,1,1,1,静岡県
2301,259.5,23000,4,0,1,0,1,栃木県
2302,100,36000,9,1,1,0,1,大阪府
2303,151.8,54000,6,0,1,0,1,大阪府
2304,120.2,84000,9,0,1,1,1,福岡県
2305,198.8,40000,6,0,1,0,1,福井県
2306,173.6,50000,4,1,1,0,1,千葉県
2307,269.8,36000,3,0,1,1,1,栃木県
2308,189.8,39000,4,0,0,0,1,愛知県
2309,155.7,46000,9,0,1,1,1,大阪府
2310,159.5,74000,7,0,1,1,1,埼玉県
2311,203.5,16000,2,1,1,0,1,埼玉県
2312,55.7,177000,11,0,1,1,1,熊本県
2313,104.9,89000,11,0,1,1,1,愛知県
2314,259,15000,4,0,1,0,1,沖縄県
2315,296.5,17000,2,0,1,1,1,青森県
2316,278.7,7000,3,0,1,1,1,静岡県
2317,154.5,74000,4,0,1,1,1,茨城県
2318,263.6,37000,3,0,1,1,1,群馬県
2319,179.9,53000,8,0,1,1,1,大阪府
2320,150,65000,8,0,1,0,1,三重県
2321,269.9,20000,2,0,1,0,1,山口県
2322,169.3,45000,7,0,1,0,1,群馬県
2323,304.8,17000,2,0,1,1,1,愛知県
2324,322.9,3000,1,0,1,1,1,山梨県
2325,142.9,31000,11,0,1,1,1,千葉県
2326,299.9,25000,2,0,1,1,1,山形県
2327,91.4,65000,11,0,0,0,0,千葉県
2328,369.8,169,0,0,1,1,1,北海道
2329,274.8,25000,3,0,1,1,1,滋賀県
2330,330,3,0,0,1,1,1,千葉県
2331,190.8,21000,7,0,1,1,1,福島県
2332,218.8,30000,4,1,1,1,1,埼玉県
2333,294.8,28000,3,0,1,1,1,奈良県
2334,119.4,99000,8,0,1,1,1,埼玉県
2335,84.8,116000,11,0,1,0,1,北海道
2336,258,32000,4,0,1,1,0,千葉県
2337,199.8,8000,6,0,1,0,1,千葉県
2338,118,83000,10,0,1,0,1,群馬県
2339,298,15000,2,0,1,1,1,北海道
2340,154.8,53000,10,0,1,1,1,福島県
2341,199.9,39000,5,0,1,1,1,大阪府
2342,178.8,26000,9,0,1,1,1,広島県
2343,129.7,39000,9,0,1,0,1,埼玉県
2344,176.9,59000,7,0,1,0,1,広島県
2345,179.8,42000,8,0,1,1,1,山口県
2346,289.8,51000,3,0,1,1,1,沖縄県
2347,111.5,91000,9,0,1,1,1,千葉県
2348,180,58000,7,0,1,1,1,福島県
2349,259.6,29000,3,0,1,1,1,愛知県
2350,129.3,93000,7,0,1,1,1,千葉県
2351,172.7,49000,6,0,1,0,1,埼玉県
2352,234.4,29000,3,0,1,0,1,宮崎県
2353,174.9,62000,5,0,1,0,1,愛知県
2354,122,33000,11,0,1,0,1,千葉県
2355,149,40000,9,0,1,1,1,埼玉県
2356,122.8,35000,10,0,1,0,1,千葉県
2357,184.2,36000,7,0,1,0,1,大阪府
2358,97.8,93000,10,0,1,1,0,神奈川県
2359,250.8,22000,4,0,1,0,1,大分県
2360,282.9,26000,3,0,1,1,1,福岡県
2361,90,112000,11,0,1,1,1,大阪府
2362,100.3,68000,9,1,1,0,1,千葉県
2363,49.2,54000,11,1,0,0,1,大阪府
2364,252.3,13000,3,0,1,0,1,埼玉県
2365,96.8,65000,10,0,1,0,1,埼玉県
2366,292.2,15000,3,0,1,1,1,茨城県
2367,276.3,6000,2,0,1,1,1,茨城県
2368,138.7,48000,10,0,1,1,1,東京都
2369,169.3,44000,6,0,1,0,1,群馬県
2370,165,41000,8,0,1,0,1,熊本県
2371,157.8,78000,8,0,1,1,1,岐阜県
2372,302.6,18000,3,0,1,1,1,宮城県
2373,256.6,11000,3,0,1,0,1,愛知県
2374,160.8,42000,7,0,1,0,1,愛知県
2375,185.6,25000,5,0,1,0,1,熊本県
2376,259.8,35000,4,0,1,1,1,福岡県
2377,159.9,87000,8,0,1,1,1,静岡県
2378,115.8,61000,8,1,1,0,0,神奈川県
2379,125.4,70000,10,0,1,1,1,群馬県
2380,335.8,50,1,0,1,1,1,大阪府
2381,297.9,16000,2,0,1,1,1,愛知県
2382,280.2,158,1,0,1,1,1,石川県
2383,295.7,8000,1,0,1,1,1,兵庫県
2384,213.8,24000,5,0,1,0,1,広島県
2385,259.6,51000,3,0,1,1,1,大分県
2386,335.9,6,1,0,1,1,1,大分県
2387,169.8,68000,8,0,1,1,1,埼玉県
2388,289.9,36000,3,0,1,1,1,北海道
2389,218.8,49000,3,0,1,0,1,福岡県
2390,242.6,19000,2,0,1,0,1,愛知県
2391,179.8,52000,6,0,1,0,1,鹿児島県
2392,90.3,94000,10,0,1,0,1,千葉県
2393,294.8,20000,3,0,1,1,1,千葉県
2394,302.7,12000,1,0,1,1,1,愛知県
2395,208.8,30000,7,0,1,0,1,北海道
2396,299.8,15000,2,0,1,1,1,北海道
2397,69.9,28000,11,0,1,0,1,埼玉県
2398,288.8,20000,2,0,1,1,1,秋田県
2399,132.6,61000,10,0,0,1,1,神奈川県
2400,148.4,49000,10,0,1,1,1,鹿児島県
2401,133.8,78000,9,0,1,1,1,山形県
2402,219.8,57000,4,0,0,1,1,東京都
2403,339.8,11,1,0,1,1,1,大分県
2404,268.9,3000,2,0,1,0,1,徳島県
2405,279.1,31000,4,0,1,1,1,滋賀県
2406,219.9,39000,5,0,1,1,1,岐阜県
2407,132.8,85000,7,0,1,1,0,茨城県
2408,134.8,53000,11,0,1,1,1,群馬県
2409,208.3,18000,5,0,1,1,1,愛知県
2410,182.9,47000,7,0,1,1,1,茨城県
2411,118,51000,10,0,1,0,1,大分県
2412,124.3,36000,10,0,0,0,0,神奈川県
2413,209.8,47000,5,0,1,1,1,福岡県
2414,154.8,25000,9,0,1,0,1,神奈川県
2415,195.1,37000,6,0,1,1,1,福岡県
2416,230.8,32000,4,0,1,1,1,大分県
2417,115.8,91000,10,0,1,1,1,千葉県
2418,117.6,24000,10,0,1,0,1,東京都
2419,193,30000,5,0,1,0,1,滋賀県
2420,139,46000,9,0,1,0,1,三重県
2421,323.8,1000,2,0,1,1,1,佐賀県
2422,165.7,66000,7,0,1,1,1,岐阜県
2423,236.9,6000,1,0,0,0,0,岡山県
2424,295.8,24000,1,0,1,1,1,沖縄県
2425,319.7,8000,1,0,1,1,1,岐阜県
2426,274.9,15000,2,0,1,1,1,愛知県
2427,278,23000,2,0,1,1,1,京都府
2428,286.9,34000,2,0,1,1,1,宮崎県
2429,264.4,26000,3,0,1,0,1,群馬県
2430,293.9,48000,3,0,1,1,1,熊本県
2431,295.1,37000,3,0,1,1,1,山梨県
2432,309.9,9000,3,0,1,1,1,千葉県
2433,287.7,41000,4,0,1,1,1,福岡県
2434,293.9,32000,4,0,1,1,1,千葉県
2435,204.9,68000,5,0,1,1,1,愛知県
2436,177.6,45000,6,0,1,0,1,群馬県
2437,199.2,47000,6,0,1,0,1,埼玉県
2438,149.9,87000,7,0,1,1,1,宮城県
2439,172.9,63000,7,0,1,0,1,栃木県
2440,209.8,27000,7,0,1,1,1,大阪府
2441,117.7,33000,8,0,1,0,1,埼玉県
2442,133.5,78000,8,1,1,1,1,茨城県
2443,168.8,31000,8,0,1,0,1,大阪府
2444,169,47000,8,0,1,0,1,愛知県
2445,107,99000,9,0,1,0,1,兵庫県
2446,137.8,55000,9,0,1,0,1,栃木県
2447,146.7,30000,9,0,1,0,1,奈良県
2448,179.9,55000,9,0,1,1,1,三重県
2449,185.4,18000,9,0,1,1,1,埼玉県
2450,91.1,115000,10,0,0,1,1,新潟県
2451,159.5,63000,10,0,1,1,1,佐賀県
2452,198.2,65000,10,0,1,0,1,北海道
2453,305.4,17000,1,0,1,1,1,埼玉県
2454,299.8,15000,3,0,1,1,1,愛知県
2455,169.8,49000,8,0,1,0,1,滋賀県
2456,249.9,14,1,0,1,1,1,愛知県
2457,123.5,64000,9,0,1,0,1,熊本県
2458,279.9,11000,2,0,1,0,1,岐阜県
2459,116.1,87000,10,0,1,1,1,栃木県
2460,138,80000,8,0,1,1,1,千葉県
2461,255.9,39000,4,0,1,1,1,愛知県
2462,249.8,38000,4,0,1,0,1,熊本県
2463,282.9,36000,3,0,1,1,1,三重県
2464,235.6,13000,1,0,1,0,1,岐阜県
2465,132.3,57000,10,0,1,0,1,千葉県
2466,142.4,34000,9,0,1,0,1,愛知県
2467,347.6,10,1,0,1,1,1,愛知県
2468,200.1,43000,5,0,1,1,1,愛知県
2469,365.9,13,0,0,1,1,1,鳥取県
2470,302.9,15,1,0,1,0,1,山口県
2471,305.4,10000,1,0,1,1,1,愛知県
2472,306.9,11000,1,0,1,1,1,愛知県
2473,308.1,11000,1,0,1,1,1,和歌山県
2474,329.7,9000,1,0,1,1,1,愛知県
2475,349.9,7000,1,0,1,1,1,千葉県
2476,241.8,9000,2,0,1,0,1,栃木県
2477,272.2,40000,2,0,1,1,1,大阪府
2478,288.3,4000,2,0,1,1,1,大分県
2479,309.7,10000,2,0,1,1,1,愛知県
2480,239.8,22000,3,0,1,1,1,島根県
2481,270,21000,3,0,1,1,1,東京都
2482,286.3,19000,3,0,1,1,1,兵庫県
2483,288.2,41000,3,0,1,1,1,大阪府
2484,299.8,11000,3,0,1,1,1,鹿児島県
2485,309.9,29000,3,0,1,1,1,岡山県
2486,293.3,29000,4,0,1,1,1,大阪府
2487,293.8,14000,4,0,1,1,1,岡山県
2488,208.8,29000,5,0,1,0,1,千葉県
2489,209.9,41000,5,0,1,0,1,愛知県
2490,201.8,39000,6,0,1,1,1,岩手県
2491,219.2,32000,6,0,1,1,1,香川県
2492,111.9,107000,7,0,0,1,1,千葉県
2493,189.8,38000,7,0,1,0,1,千葉県
2494,197.3,22000,7,0,1,0,1,香川県
2495,209.8,36000,7,0,1,1,1,愛知県
2496,219.8,41000,7,0,1,1,1,沖縄県
2497,119.2,84000,8,0,1,0,1,香川県
2498,129.2,56000,8,0,1,0,1,愛知県
2499,154.8,58000,8,0,1,0,1,佐賀県
2500,109.9,81000,9,0,1,0,1,愛知県
2501,111.6,95000,9,0,0,1,0,岡山県
2502,112.9,65000,9,0,1,0,1,大阪府
2503,120.1,71000,9,0,1,0,1,奈良県
2504,133.8,85000,9,0,1,0,1,栃木県
2505,164.8,69000,9,0,1,0,1,北海道
2506,169.9,58000,9,0,1,1,1,熊本県
2507,172.9,70000,9,0,1,1,1,千葉県
2508,189.5,44000,9,0,1,0,1,北海道
2509,79.8,85000,10,0,1,0,1,愛知県
2510,113,110000,10,0,1,1,1,福岡県
2511,129.5,29000,10,0,1,1,1,東京都
2512,134.1,51000,10,0,1,0,1,香川県
2513,68.3,71000,11,0,0,0,1,大阪府
2514,133,41000,11,0,0,0,1,京都府
2515,147.9,42000,11,0,1,0,1,熊本県
2516,65.9,65000,12,0,1,0,1,大阪府
2517,309.8,11000,2,0,1,1,1,新潟県
2518,287.9,2000,2,0,1,0,1,東京都
2519,187.9,61000,6,0,1,1,1,愛知県
2520,235.9,15000,3,1,1,1,1,埼玉県
2521,159.8,57000,8,0,1,0,1,熊本県
2522,249.9,31000,3,0,1,0,1,熊本県
2523,159.9,59000,5,1,1,1,1,大阪府
2524,182.8,67000,5,0,1,0,1,新潟県
2525,237.8,21000,5,0,1,1,1,埼玉県
2526,181.8,22000,6,0,1,0,1,東京都
2527,151.8,38000,7,1,1,1,1,茨城県
2528,141.6,42000,9,0,1,0,1,愛知県
2529,346.8,7,0,0,1,1,1,滋賀県
2530,266.6,20000,2,1,1,1,1,福井県
2531,214.8,65000,6,0,1,0,1,宮城県
2532,133.4,73000,7,0,1,1,1,大分県
2533,150.3,38000,7,0,1,0,1,愛知県
2534,119.2,39000,8,0,1,0,1,埼玉県
2535,137.7,40000,8,0,1,0,1,岐阜県
2536,163.2,46000,8,0,1,0,1,北海道
2537,178.1,42000,8,0,1,0,1,宮城県
2538,113.4,97000,9,0,1,1,1,埼玉県
2539,114.6,72000,10,0,1,0,1,群馬県
2540,79,50000,12,0,0,0,1,千葉県
2541,149.9,66000,8,0,1,0,1,徳島県
2542,117.4,98000,9,0,1,1,1,千葉県
2543,129.7,48000,11,0,1,1,1,大阪府
2544,296.4,15000,2,0,1,1,1,群馬県
2545,134.4,60000,10,0,1,0,1,宮城県
2546,289.9,9000,4,0,1,1,1,岐阜県
2547,159.5,83000,6,0,1,0,1,愛知県
2548,206.8,38000,7,0,1,1,1,大阪府
2549,187.9,21000,7,0,1,1,1,熊本県
2550,307,13000,2,0,1,1,1,北海道
2551,119.9,100000,9,0,1,1,1,広島県
2552,289.7,23000,4,0,1,1,1,群馬県
2553,305.8,11000,2,0,1,1,1,茨城県
2554,309,16000,2,0,1,1,1,愛知県
2555,319.6,35000,3,0,1,1,1,岩手県
2556,152.4,57000,9,0,1,1,1,大阪府
2557,182.1,44000,7,0,1,1,1,栃木県
2558,138.7,44000,10,0,1,1,1,大阪府
2559,176.9,14000,7,1,1,1,1,徳島県
2560,269.9,11000,3,0,1,0,1,石川県
2561,259.6,13000,3,0,1,0,1,大阪府
2562,99.1,110000,11,0,1,1,1,宮崎県
2563,179.9,71000,8,0,1,1,1,静岡県
2564,254.6,4000,2,0,1,0,1,大阪府
2565,177.4,76000,5,0,1,1,1,大分県
2566,171.5,41000,7,0,1,0,1,愛知県
2567,119.9,35000,10,0,1,0,1,埼玉県
2568,291.8,23000,3,0,1,1,1,京都府
2569,159.9,80000,7,0,1,1,1,奈良県
2570,201,18000,5,0,1,0,1,熊本県
2571,135.9,64000,10,0,1,1,1,静岡県
2572,308.8,5000,3,0,1,1,1,大阪府
2573,210.8,49000,6,0,1,1,1,茨城県
2574,199.9,35000,5,0,1,0,1,石川県
2575,305.5,10000,2,0,1,1,1,石川県
2576,287.9,26000,4,0,1,1,1,愛知県
2577,285.8,27000,4,0,1,1,1,熊本県
2578,258.7,13,1,0,1,1,1,愛知県
2579,209.8,32000,5,0,1,0,1,愛媛県
2580,313.3,8000,1,0,1,1,1,静岡県
2581,219.9,40000,5,0,1,0,1,愛知県
2582,130.6,103000,7,0,1,1,1,福岡県
2583,319.8,9,1,0,1,1,1,愛媛県
2584,289.5,40000,2,0,1,1,1,岐阜県
2585,156.8,71000,9,0,1,1,1,宮城県
2586,282.9,42000,4,0,1,1,1,山梨県
2587,170.4,53000,7,0,1,0,1,熊本県
2588,155.7,74000,8,0,1,1,1,熊本県
2589,143.7,85000,7,0,1,1,1,栃木県
2590,258.7,8,1,0,1,1,1,愛知県
2591,85.6,104000,10,0,1,0,1,千葉県
2592,309.9,10000,1,0,1,1,1,三重県
2593,322.8,842,1,0,1,1,1,滋賀県
2594,179.9,50000,8,0,1,0,1,愛媛県
2595,151.2,87000,7,0,1,1,1,茨城県
2596,176.6,48000,6,0,1,0,1,愛知県
2597,177.2,49000,8,0,1,1,1,愛知県
2598,219,25000,5,0,1,1,1,千葉県
2599,309.9,11000,1,0,1,1,1,三重県
2600,155.7,57000,7,0,1,0,1,宮城県
2601,308.2,10000,3,0,1,1,1,群馬県
2602,257.3,26000,3,0,1,0,1,埼玉県
2603,199.9,24000,5,0,1,0,1,大分県
2604,167.8,65000,7,0,1,0,1,沖縄県
2605,157,63000,9,0,1,0,1,福井県
2606,269.8,28000,3,0,0,1,1,大分県
2607,108.1,101000,9,0,1,0,1,宮崎県
2608,264.8,52000,4,0,1,1,1,三重県
2609,142.9,71000,10,0,1,1,1,愛知県
2610,119.2,99000,7,0,1,0,1,千葉県
2611,189.8,51000,7,0,1,1,1,鳥取県
2612,285.3,38000,4,0,1,1,1,大分県
2613,314.9,14000,1,0,1,1,1,愛知県
2614,148.1,77000,5,1,1,1,1,茨城県
2615,249.8,39000,3,0,1,0,1,山形県
2616,164.6,88000,5,0,1,1,1,愛知県
2617,222.2,37000,5,0,1,1,1,三重県
2618,279.8,8,2,0,1,0,1,神奈川県
2619,133.8,69000,11,0,1,1,1,滋賀県
2620,271.6,18000,2,0,1,0,1,大分県
2621,125.8,33000,11,0,1,0,1,大阪府
2622,268.2,47000,4,0,1,1,1,滋賀県
2623,195.9,13000,6,0,1,0,1,徳島県
2624,292.9,21000,3,0,1,1,1,三重県
2625,213.8,36000,5,0,1,0,1,鹿児島県
2626,148.8,80000,9,0,1,1,1,富山県
2627,328,18000,3,0,1,1,1,山形県
2628,95.3,97000,9,0,1,0,1,千葉県
2629,188.4,22000,7,0,1,1,1,大分県
2630,309.9,11000,1,0,1,1,1,愛知県
2631,298.5,12000,2,0,1,1,1,大分県
2632,310,8000,2,0,1,1,1,富山県
2633,229.8,31000,5,0,1,0,1,京都府
2634,131,34000,10,0,1,0,1,兵庫県
2635,174.9,66000,7,0,1,0,1,大阪府
2636,118,100000,8,0,1,0,1,岐阜県
2637,177.8,49000,7,0,1,0,1,奈良県
2638,315.9,5000,1,0,1,1,1,栃木県
2639,124.9,35000,10,0,1,0,1,大阪府
2640,218.9,36000,7,0,1,1,1,福岡県
2641,181.6,28000,6,0,1,0,1,福岡県
2642,322.8,31000,4,0,1,1,1,北海道
2643,259.8,61000,3,0,1,1,1,栃木県
2644,188.1,65000,5,0,1,1,1,愛知県
2645,311.9,15000,1,0,1,1,1,東京都
2646,112,57000,10,1,1,1,1,千葉県
2647,175.9,43000,8,0,1,0,1,徳島県
2648,118.6,27000,11,0,0,0,1,神奈川県
2649,264.1,9000,3,0,1,0,0,石川県
2650,245.9,21000,4,1,1,1,1,徳島県
2651,95.5,97000,10,0,1,0,1,千葉県
2652,189.8,50000,7,0,1,0,1,佐賀県
2653,275,68000,2,0,1,1,1,沖縄県
2654,229.5,45000,5,0,1,1,1,兵庫県
2655,299.9,10000,1,0,1,1,1,宮城県
2656,289.8,32000,4,0,1,1,1,愛知県
2657,314.9,19000,3,0,1,1,1,福井県
2658,233.8,33000,4,0,1,0,1,沖縄県
2659,192.6,44000,6,0,1,0,1,大阪府
2660,312.4,11000,1,0,1,1,1,静岡県
2661,214.8,46000,5,0,1,1,0,鳥取県
2662,283,14000,2,0,1,1,1,大分県
2663,146.7,46000,10,0,1,1,1,宮城県
2664,207.8,29000,6,0,1,0,1,東京都
2665,280.8,34000,4,0,1,1,1,三重県
2666,129,70000,10,0,1,0,1,大阪府
2667,312.6,9000,1,0,1,1,1,京都府
2668,321.8,11000,1,0,1,1,1,兵庫県
2669,309.9,26000,2,0,1,1,1,福岡県
2670,305.9,6,1,0,1,1,1,大分県
2671,172.9,56000,7,0,1,0,1,三重県
2672,278.7,39000,4,0,1,1,1,大分県
2673,273.8,33000,4,0,1,1,1,神奈川県
2674,126.6,63000,10,0,1,0,1,栃木県
2675,206.9,27000,5,0,1,1,1,神奈川県
2676,279.7,9000,3,1,1,1,1,兵庫県
2677,129.6,100000,5,1,1,1,1,福岡県
2678,264.9,24000,3,0,1,1,1,福岡県
2679,279.2,29000,4,0,1,1,1,大分県
2680,286.6,5000,1,0,1,0,1,千葉県
2681,306.7,19000,1,0,1,1,1,愛知県
2682,179.9,38000,8,0,1,0,1,群馬県
2683,215.3,42000,5,0,1,1,1,東京都
2684,163.5,36000,7,0,1,0,1,愛知県
2685,211.6,14000,7,0,1,1,1,沖縄県
2686,148.7,75000,7,0,1,0,1,群馬県
2687,219.5,12000,2,0,1,0,1,群馬県
2688,257.6,2000,2,0,1,1,1,千葉県
2689,312.6,12000,2,0,1,1,1,神奈川県
2690,276.8,12000,3,0,1,0,1,大阪府
2691,284.6,11000,3,0,1,0,1,山口県
2692,316.6,11000,3,0,1,1,1,茨城県
2693,217.8,43000,6,0,1,1,1,静岡県
2694,143.8,60000,7,0,1,0,1,埼玉県
2695,218.3,56000,7,0,1,1,1,山口県
2696,146.4,37000,9,0,1,0,1,福岡県
2697,156.8,43000,9,0,1,1,1,埼玉県
2698,267.6,10,1,0,1,1,1,広島県
2699,119.4,72000,10,0,1,0,1,神奈川県
2700,271.3,41000,4,0,1,1,1,福岡県
2701,313.8,7000,1,0,1,1,1,大分県
2702,329.9,10000,1,0,1,1,1,群馬県
2703,176.4,32000,7,0,1,0,1,大阪府
2704,162.4,12000,8,1,1,1,1,千葉県
2705,131.3,87000,8,0,1,0,1,宮崎県
2706,317.6,21000,1,0,1,1,1,佐賀県
2707,137.9,71000,10,0,1,0,1,愛知県
2708,251.6,40000,3,0,1,0,1,兵庫県
2709,239.8,54000,3,0,1,0,1,兵庫県
2710,184.1,67000,6,0,1,1,0,神奈川県
2711,249.8,39000,2,0,1,1,1,広島県
2712,292.8,47000,2,0,1,1,1,千葉県
2713,317.7,20000,2,0,1,1,1,大阪府
2714,230.8,21000,3,0,1,0,1,千葉県
2715,292.8,13000,3,0,1,1,1,千葉県
2716,301.4,38000,3,0,1,0,1,福島県
2717,306.6,34000,3,0,1,1,1,徳島県
2718,104.3,106000,7,0,1,0,1,愛知県
2719,172.1,67000,7,0,1,1,1,埼玉県
2720,203,68000,7,0,1,1,1,千葉県
2721,206.6,42000,7,0,1,1,1,千葉県
2722,240.6,25000,7,0,1,1,1,徳島県
2723,148,80000,8,0,1,1,1,愛知県
2724,153.8,60000,8,0,1,0,1,茨城県
2725,182.9,73000,9,0,1,1,1,兵庫県
2726,144.8,17000,10,0,1,0,1,東京都
2727,149.8,52000,10,0,1,0,1,北海道
2728,309,41000,2,0,1,1,1,愛媛県
2729,301.6,18000,3,0,1,1,1,広島県
2730,199.9,38000,7,0,1,1,1,福岡県
2731,218.7,33000,6,0,1,0,1,兵庫県
2732,129.8,23000,10,0,1,0,1,千葉県
2733,169.7,30000,8,0,1,0,1,埼玉県
2734,299.8,20000,3,0,1,1,1,兵庫県
2735,139.8,76000,10,0,1,1,1,東京都
2736,128.8,58000,10,0,1,0,1,三重県
2737,280.6,35000,3,0,1,1,1,愛知県
2738,134.1,27000,11,0,0,1,1,神奈川県
2739,229.9,38000,5,0,1,1,1,新潟県
2740,242.7,58000,3,0,1,1,1,兵庫県
2741,215.9,25000,6,0,1,0,1,長野県
2742,260.5,12000,3,0,1,1,1,岡山県
2743,206.6,99000,5,0,1,1,1,熊本県
2744,233.9,20000,5,0,1,1,1,愛知県
2745,150.4,46000,7,0,1,0,1,愛知県
2746,152.6,71000,7,0,1,0,1,熊本県
2747,160.5,40000,7,0,1,0,1,栃木県
2748,177.5,29000,7,0,1,0,1,北海道
2749,190.1,11000,7,0,1,0,1,愛知県
2750,153.4,71000,8,0,1,1,1,熊本県
2751,140,54000,9,0,1,1,1,愛知県
2752,112.1,55000,10,0,1,0,1,愛知県
2753,289.9,28000,4,0,1,1,1,埼玉県
2754,147,60000,10,0,1,1,1,兵庫県
2755,289.8,50000,4,0,1,1,1,岩手県
2756,177.9,63000,9,0,1,1,1,福岡県
2757,289.8,43000,4,0,1,1,1,沖縄県
2758,219.8,45000,5,0,1,0,1,茨城県
2759,311.8,22000,2,0,1,1,1,石川県
2760,288.9,38000,3,0,1,1,1,広島県
2761,163,59000,7,0,1,0,1,奈良県
2762,181.8,82000,7,0,1,0,1,山形県
2763,148.3,56000,9,0,1,1,1,大阪府
2764,179.9,39000,9,0,1,0,1,神奈川県
2765,187.9,51000,5,0,1,0,1,佐賀県
2766,172.3,42000,7,0,1,0,1,愛知県
2767,270.6,52000,3,0,1,1,1,大分県
2768,114.8,50000,9,1,1,0,1,大阪府
2769,319.9,60,1,0,1,1,1,広島県
2770,125.7,98000,10,0,1,0,1,北海道
2771,324.9,11000,2,0,1,1,1,愛知県
2772,184,69000,7,0,1,1,1,大分県
2773,228.7,37000,6,0,1,1,1,山形県
2774,254.6,25000,2,0,1,0,1,東京都
2775,192.8,47000,7,0,1,0,1,沖縄県
2776,188.2,4000,8,0,1,0,1,大阪府
2777,329.9,3000,1,0,1,1,1,千葉県
2778,287.6,18000,1,0,1,1,1,佐賀県
2779,307.9,9,1,0,1,1,1,岐阜県
2780,189.8,47000,8,0,1,0,1,沖縄県
2781,319.8,17,1,0,1,1,1,愛媛県
2782,159.8,19000,10,0,1,0,1,福井県
2783,199.8,27000,7,0,1,0,1,東京都
2784,136.5,87000,11,0,1,1,1,滋賀県
2785,210,39000,5,0,1,0,1,千葉県
2786,194.8,30000,7,0,1,0,1,新潟県
2787,128.2,81000,9,0,1,1,1,愛知県
2788,146,70000,4,1,1,1,1,茨城県
2789,177.8,53000,7,0,1,0,1,大阪府
2790,170.2,13000,8,0,1,0,1,茨城県
2791,307.9,7,1,0,1,1,1,岐阜県
2792,254.7,24000,4,0,1,0,1,和歌山県
2793,123,67000,11,0,1,0,1,熊本県
2794,91.9,101000,9,0,1,0,1,群馬県
2795,324.9,10000,2,0,1,1,1,栃木県
2796,277.8,14000,3,0,1,0,1,愛知県
2797,188,25000,6,0,1,0,1,千葉県
2798,299.8,16000,4,0,1,1,1,岡山県
2799,292.7,18000,3,0,1,1,1,岡山県
2800,272.6,14000,3,0,1,1,1,千葉県
2801,214.9,51000,7,0,1,1,1,長野県
2802,278,9000,1,0,1,0,1,愛知県
2803,228,21000,5,0,1,0,0,熊本県
2804,253.8,7000,4,0,0,1,0,千葉県
2805,279.8,32000,4,0,1,1,1,岡山県
2806,312.7,25000,2,0,1,1,1,大阪府
2807,327.6,9000,1,0,1,1,1,東京都
2808,194.9,78000,5,0,1,1,1,三重県
2809,185.9,64000,8,0,1,0,1,熊本県
2810,236.7,27000,5,0,1,1,1,滋賀県
2811,276.6,20000,3,0,1,1,1,愛媛県
2812,199.7,27000,6,0,1,0,1,大阪府
2813,314.4,3000,1,0,1,1,1,神奈川県
2814,105,76000,10,0,1,0,1,茨城県
2815,335.9,7,1,0,1,1,1,大分県
2816,165.7,62000,8,0,1,0,1,埼玉県
2817,196.9,28000,7,0,1,1,1,宮崎県
2818,316.6,7000,3,0,1,1,1,徳島県
2819,193.2,68000,8,0,1,1,1,宮城県
2820,189.8,27000,8,0,1,0,1,茨城県
2821,346.9,5,0,0,1,1,1,兵庫県
2822,242.8,34000,4,0,1,1,1,大阪府
2823,254.6,13000,3,0,1,0,1,石川県
2824,289.8,29000,4,0,1,1,1,京都府
2825,86.2,94000,11,0,1,0,1,栃木県
2826,326.5,1000,1,0,1,1,1,群馬県
2827,309.8,47000,3,0,1,1,1,福島県
2828,147,97000,8,0,1,1,1,岡山県
2829,182.4,36000,7,0,1,1,1,愛知県
2830,264.7,16000,3,0,1,0,0,大分県
2831,178.6,51000,7,0,1,1,1,大阪府
2832,169.9,87000,5,0,1,0,1,北海道
2833,339.9,7000,1,0,1,1,1,岐阜県
2834,355,4,0,0,1,1,1,千葉県
2835,299.9,931,2,0,1,1,1,群馬県
2836,315,6000,2,0,1,1,1,鳥取県
2837,186.2,46000,7,0,1,0,1,福井県
2838,149.8,34000,9,0,1,0,1,新潟県
2839,177.7,23000,7,0,1,0,1,愛知県
2840,229.9,38000,7,0,1,1,1,静岡県
2841,143.8,60000,11,0,1,1,1,大阪府
2842,356.4,9,0,0,1,1,1,大阪府
2843,198.8,28000,7,0,1,0,1,熊本県
2844,273.8,12000,4,0,1,0,1,愛知県
2845,123.8,91000,11,0,1,1,1,富山県
2846,189.9,32000,7,0,1,0,1,徳島県
2847,169.9,27000,9,0,1,0,1,香川県
2848,301.7,32000,4,0,1,1,1,大分県
2849,169.7,75000,7,0,1,1,1,大阪府
2850,304.4,10000,3,0,1,1,1,熊本県
2851,121.8,122000,8,0,1,0,1,埼玉県
2852,153.3,56000,11,0,1,1,1,埼玉県
2853,153.2,85000,5,0,1,0,1,大分県
2854,232.9,26000,5,0,1,1,1,宮城県
2855,161.8,60000,11,0,1,1,1,岐阜県
2856,208.8,60000,5,0,1,1,1,富山県
2857,306.8,19000,3,0,1,1,1,三重県
2858,325,11000,3,0,0,1,1,北海道
2859,218.1,34000,7,0,1,1,1,神奈川県
2860,311.6,6000,3,0,1,1,1,新潟県
2861,186.7,56000,6,0,1,0,1,千葉県
2862,269.4,38000,3,0,1,1,1,群馬県
2863,109.9,90000,9,0,1,0,1,沖縄県
2864,288.6,31000,4,0,1,1,1,大分県
2865,94.9,122000,9,0,1,0,1,石川県
2866,155.9,35000,9,0,1,0,1,徳島県
2867,289.8,60000,4,0,1,1,1,北海道
2868,150.5,85000,9,0,1,0,1,北海道
2869,166,58000,5,1,1,1,1,千葉県
2870,218.6,20000,5,0,1,1,1,神奈川県
2871,329.8,4000,4,0,1,1,1,北海道
2872,189.7,52000,7,0,1,0,1,宮崎県
2873,280.9,44000,3,0,1,1,1,群馬県
2874,198,40000,8,0,1,1,1,宮崎県
2875,302.6,33000,3,0,1,1,1,長野県
2876,233.8,11000,6,0,1,1,1,三重県
2877,182.2,32000,7,0,1,0,1,愛知県
2878,297.8,31000,3,0,1,1,1,埼玉県
2879,154.4,87000,7,0,1,1,1,千葉県
2880,202.7,24000,6,0,1,0,1,埼玉県
2881,281.7,17000,3,0,1,0,1,福岡県
2882,196.5,55000,7,0,1,1,1,三重県
2883,123.4,75000,10,0,1,0,1,千葉県
2884,183.3,58000,8,0,1,1,1,宮城県
2885,360.2,21,1,0,1,1,1,大阪府
2886,192,57000,8,0,1,1,1,滋賀県
2887,136.4,72000,9,1,1,1,1,大分県
2888,132.2,67000,11,0,1,1,1,東京都
2889,372.9,10,0,0,1,1,1,三重県
2890,124.9,90000,9,0,1,0,1,千葉県
2891,306.5,21000,3,0,1,1,1,福岡県
2892,301.7,18000,3,0,1,1,1,山口県
2893,321.6,4000,1,0,1,1,1,静岡県
2894,199.8,42000,7,0,1,0,1,愛知県
2895,105.7,60000,11,1,1,0,1,京都府
2896,239.8,17000,7,0,1,0,1,北海道
2897,300.7,33000,3,0,1,1,1,群馬県
2898,327.9,9000,1,0,1,1,1,福岡県
2899,274.6,26000,3,0,1,0,1,岡山県
2900,252.6,54000,4,0,1,1,1,茨城県
2901,329.2,7,1,0,1,1,1,愛媛県
2902,146.9,69000,9,0,1,0,1,広島県
2903,164.8,52000,9,0,1,0,1,沖縄県
2904,298,8,0,0,1,0,1,愛知県
2905,292.7,10000,4,0,1,1,1,神奈川県
2906,289.8,25000,4,0,1,1,1,兵庫県
2907,298,6,1,0,1,0,1,愛知県
2908,298,10,1,0,1,0,1,愛知県
2909,133,75000,10,0,1,0,1,埼玉県
2910,270.5,20000,4,0,1,0,1,愛知県
2911,204.8,28000,7,0,1,0,1,茨城県
2912,134.8,74000,9,0,1,0,1,佐賀県
2913,307.5,34000,3,0,1,1,1,長野県
2914,199.8,39000,7,0,1,1,1,沖縄県
2915,349.9,17,1,0,1,1,1,鳥取県
2916,349.9,19,1,0,1,1,1,鳥取県
2917,298,17000,3,0,1,1,1,愛知県
2918,297.2,25000,4,0,1,1,1,香川県
2919,143.3,72000,9,0,1,1,1,滋賀県
2920,178,47000,8,0,1,0,1,熊本県
2921,309.9,21000,4,0,1,1,1,岐阜県
2922,304.9,14000,3,0,1,1,1,群馬県
2923,229.7,31000,7,0,1,1,1,大阪府
2924,129.8,86000,7,0,1,0,1,愛知県
2925,353.6,20,1,0,1,1,1,兵庫県
2926,267.5,15,1,0,1,1,1,茨城県
2927,124.9,90000,10,0,1,0,1,香川県
2928,298.8,10000,3,1,1,1,1,北海道
2929,164.8,48000,8,0,1,0,1,新潟県
2930,150,40000,10,0,1,0,1,東京都
2931,158.8,12000,10,0,1,0,1,静岡県
2932,178.5,41000,7,0,1,0,1,奈良県
2933,337.6,20000,3,0,1,1,1,北海道
2934,196.9,43000,7,0,1,0,1,岡山県
2935,217,43000,8,0,1,1,1,京都府
2936,265.1,61000,3,0,1,1,1,宮城県
2937,352.9,10,0,0,1,1,1,大阪府
2938,253,16000,4,0,1,0,1,神奈川県
2939,277.6,77000,4,0,1,1,1,徳島県
2940,217.4,35000,5,0,1,0,0,佐賀県
2941,289,6000,1,0,1,0,1,愛知県
2942,229.9,44000,5,0,1,1,1,群馬県
2943,182.9,53000,9,0,1,1,1,山梨県
2944,274.2,49000,3,0,1,1,1,大阪府
2945,225.9,13000,5,0,1,0,1,山形県
2946,177.8,18000,7,0,1,0,1,福岡県
2947,354.7,6,0,0,1,1,1,大阪府
2948,180.4,26000,8,0,1,0,1,大阪府
2949,169.8,59000,9,0,1,1,1,神奈川県
2950,308,29000,3,0,1,1,1,福岡県
2951,296.4,23000,4,0,1,1,1,埼玉県
2952,313.5,9000,3,0,1,1,1,神奈川県
2953,302.3,27000,3,0,1,1,1,愛知県
2954,312.6,17000,2,0,1,1,1,群馬県
2955,219.9,31000,5,0,1,0,1,京都府
2956,340.2,11000,2,0,1,1,1,神奈川県
2957,372.9,20,1,0,1,1,1,群馬県
2958,274.8,37000,4,0,1,0,1,鹿児島県
2959,113.1,90000,9,0,1,0,0,静岡県
2960,297.7,45000,3,0,1,1,1,滋賀県
2961,317.8,12000,1,0,1,1,1,福岡県
2962,106.6,99000,9,0,1,0,1,福島県
2963,265.6,41000,4,0,1,1,1,茨城県
2964,225,65000,4,0,1,0,1,鳥取県
2965,202.9,36000,7,0,1,0,1,宮城県
2966,363.6,20,0,0,1,1,1,広島県
2967,117,100000,9,0,1,0,1,茨城県
2968,89,16000,11,0,0,0,0,神奈川県
2969,259.5,28000,3,0,1,0,1,栃木県
2970,145.9,78000,10,0,1,1,1,埼玉県
2971,199.8,47000,7,0,1,1,1,岡山県
2972,363.7,10,0,0,1,1,1,広島県
2973,335,13,0,0,1,1,1,愛知県
2974,363.6,70,0,0,1,1,1,大阪府
2975,159,45000,9,0,0,0,1,青森県
2976,247.6,35000,4,0,1,1,1,愛知県
2977,389.9,10,1,0,1,1,1,茨城県
2978,189.9,43000,9,0,1,0,1,北海道
2979,130.8,59000,10,0,1,0,1,滋賀県
2980,236.3,14000,5,0,1,1,1,福岡県
2981,269.8,27000,4,0,1,0,1,愛知県
2982,167,66000,9,0,1,1,1,山口県
2983,283.4,9000,3,0,1,1,1,群馬県
2984,169.8,47000,9,0,1,0,1,愛知県
2985,342.8,15,1,0,1,1,1,福岡県
2986,207.8,45000,7,0,1,1,1,神奈川県
2987,136,103000,6,0,1,0,1,愛知県
2988,326.9,29000,2,0,1,1,1,千葉県
2989,183,50000,7,0,1,0,1,茨城県
2990,189.8,64000,7,0,1,0,1,茨城県
2991,104.3,95000,7,1,1,0,1,茨城県
2992,261.3,29000,4,0,1,0,1,愛知県
2993,303,5,0,0,1,0,1,愛知県
2994,233,36000,7,0,1,0,1,青森県
2995,363.6,10,0,0,1,1,1,福岡県
2996,209.8,53000,6,0,1,1,1,茨城県
2997,247.2,64000,4,0,1,0,1,鹿児島県
2998,383.9,5,0,0,1,1,1,兵庫県
2999,250.8,45000,3,0,0,1,1,京都府
3000,169.8,31000,10,0,1,0,1,山形県
3001,133,81000,10,0,1,1,1,岐阜県
3002,363.7,10,0,0,1,1,1,滋賀県
3003,302.9,39000,3,0,1,1,1,山口県
3004,359.2,17,1,0,1,1,1,大阪府
3005,312.9,13000,3,0,1,1,1,山口県
3006,190.7,47000,8,0,1,0,1,群馬県
3007,230.2,24000,7,0,1,1,1,茨城県
3008,164.8,83000,8,0,1,1,1,兵庫県
3009,249.7,25000,4,0,1,1,1,埼玉県
3010,310.9,17000,3,0,1,1,1,栃木県
3011,393.4,5,1,0,1,1,1,大阪府
3012,279.6,15000,4,0,1,0,0,神奈川県
3013,358.2,34,1,0,1,1,1,大阪府
3014,330.5,4000,1,0,1,1,1,埼玉県
3015,227.9,22000,7,0,1,0,1,秋田県
3016,356.4,5,0,0,1,1,1,大阪府
3017,305.2,33000,3,0,1,1,1,愛知県
3018,132,71000,9,0,1,0,1,奈良県
3019,217.2,50000,6,0,1,1,1,山口県
3020,209.9,13000,8,0,1,1,1,群馬県
3021,339.4,7000,2,0,1,1,1,福岡県
3022,340,9000,2,0,1,1,1,佐賀県
3023,299.3,29000,4,0,1,1,1,茨城県
3024,363.6,10,0,0,1,1,1,和歌山県
3025,115.4,20000,10,1,1,0,1,茨城県
3026,299.3,25000,4,0,1,1,1,群馬県
3027,311.7,20000,3,0,1,1,1,三重県
3028,342.6,5000,1,0,1,1,1,茨城県
3029,109.6,113000,10,0,0,1,1,岡山県
3030,185.3,57000,6,0,1,0,1,愛知県
3031,342.6,14000,2,0,1,1,1,福島県
3032,169.8,75000,7,0,1,1,1,兵庫県
3033,156.6,42000,10,0,1,1,1,愛知県
3034,106,85000,11,1,0,1,1,兵庫県
3035,329.9,22000,2,0,1,1,1,群馬県
3036,149.1,106000,7,0,1,1,1,岐阜県
3037,203.3,61000,7,0,1,1,1,岡山県
3038,157.8,43000,10,0,1,0,1,広島県
3039,355.9,20,1,0,1,1,1,福岡県
3040,129.1,86000,9,0,1,0,1,熊本県
3041,95,125000,10,0,1,0,1,福岡県
3042,162,64000,11,0,1,1,1,愛知県
3043,248.4,10000,5,0,1,1,1,群馬県
3044,363.7,10,0,0,1,1,1,愛知県
3045,162.3,50000,9,0,1,1,1,愛知県
3046,229.9,17000,7,0,1,1,1,千葉県
3047,364.8,53,0,0,1,1,1,大阪府
3048,208.2,23000,7,0,1,0,1,兵庫県
3049,211.8,65000,7,0,1,1,1,宮城県
3050,236.6,28000,7,0,1,0,1,福島県
3051,159.7,24000,10,0,1,0,1,埼玉県
3052,158.8,72000,9,0,1,1,1,富山県
3053,334.9,9000,3,0,1,1,1,福岡県
3054,119.9,68000,10,0,1,0,1,埼玉県
3055,208.7,30000,8,0,1,1,1,大阪府
3056,167.9,80000,9,0,1,1,1,福井県
3057,339.1,4000,1,0,1,1,1,福岡県
3058,167.9,62000,9,0,1,0,1,北海道
3059,300.4,38000,4,0,1,1,1,群馬県
3060,89.2,109000,11,0,1,0,1,埼玉県
3061,158,21000,11,0,1,0,1,愛知県
3062,81.8,104000,10,0,0,0,1,埼玉県
3063,304.3,27000,3,0,1,1,1,愛知県
3064,187.8,19000,7,1,1,1,1,神奈川県
3065,317.6,5000,3,0,1,1,1,神奈川県
3066,155,51000,9,0,1,0,1,福島県
3067,200.1,11000,7,0,1,0,1,愛知県
3068,188,37000,8,0,1,0,1,福井県
3069,176.9,79000,8,0,1,0,1,石川県
3070,290.4,50000,3,0,1,1,1,埼玉県
3071,325,7,1,0,1,0,1,愛知県
3072,236.5,21000,4,1,1,0,1,愛知県
3073,369,5,1,0,1,1,1,愛知県
3074,239.8,59000,5,0,1,1,1,山梨県
3075,148,72000,9,0,1,0,1,大阪府
3076,346,9,0,0,1,1,1,愛知県
3077,215,22000,6,0,1,0,1,奈良県
3078,225.8,44000,7,0,1,1,1,沖縄県
3079,130.4,51000,10,1,1,1,1,千葉県
3080,107.8,120000,10,0,1,0,1,北海道
3081,175.1,80000,5,0,1,0,1,群馬県
3082,316.8,17000,2,0,1,1,1,宮崎県
3083,364,4,0,0,1,1,1,愛知県
3084,236.8,22000,7,0,1,1,1,神奈川県
3085,309.9,5,1,0,1,0,1,大阪府
3086,309.9,5,1,0,1,0,1,大阪府
3087,339.5,9000,2,0,1,1,1,愛知県
3088,335.9,20000,4,0,1,1,1,岩手県
3089,282.6,11000,4,0,1,0,1,長崎県
3090,139.8,84000,10,0,0,1,1,千葉県
3091,84.2,82000,12,0,1,0,1,福岡県
3092,222.3,29000,6,0,1,0,1,東京都
3093,159.4,53000,11,0,1,1,1,埼玉県
3094,255.7,30000,5,0,1,1,1,兵庫県
3095,363.6,40,0,0,1,1,1,静岡県
3096,168.1,90000,7,0,1,1,1,群馬県
3097,257.6,57000,4,0,1,0,1,宮崎県
3098,208,25000,8,0,1,0,1,大阪府
3099,192.5,77000,8,0,1,0,1,北海道
3100,312,30000,4,0,1,1,1,群馬県
3101,211.2,37000,7,0,1,1,1,福島県
3102,329,9,0,0,1,0,1,愛知県
3103,174.9,13000,9,0,1,0,1,熊本県
3104,149.8,87000,11,0,1,0,1,新潟県
3105,129.2,95000,10,0,0,1,1,岡山県
3106,99.3,48000,11,0,1,0,1,茨城県
3107,349.9,10,1,0,1,1,1,島根県
3108,119.2,107000,9,0,1,0,1,福井県
3109,64,66000,12,1,0,0,1,兵庫県
3110,193.3,40000,9,0,1,1,1,広島県
3111,309.9,49000,3,0,1,1,1,福島県
3112,168.3,79000,8,0,1,0,1,東京都
3113,99.1,48000,11,0,1,0,1,千葉県
3114,337,39000,4,0,1,1,1,秋田県
3115,122.9,68000,9,1,1,0,1,千葉県
3116,283.7,24000,3,0,0,1,1,京都府
3117,208.4,66000,6,0,1,0,0,福岡県
3118,323.3,34000,3,0,1,1,1,大阪府
3119,146.7,62000,9,0,1,0,1,福岡県
3120,327.5,43000,4,0,1,1,1,岩手県
3121,109.2,100000,10,1,0,1,1,岡山県
3122,138,111000,10,0,1,0,1,北海道
3123,344.9,20,1,0,1,1,1,福岡県
3124,139,79000,9,0,1,0,1,愛知県
3125,216.8,45000,5,0,1,0,1,神奈川県
3126,341.9,59,1,0,1,1,1,福岡県
3127,147.8,88000,9,0,1,1,1,大阪府
3128,135.7,79000,9,0,1,0,1,福島県
3129,279.9,3000,4,1,0,1,0,神奈川県
3130,158.8,66000,11,0,0,1,1,東京都
3131,182.8,22000,11,0,1,1,1,千葉県
3132,329,48000,4,0,0,1,1,北海道
3133,254.8,7000,4,0,1,1,1,埼玉県
3134,182,51000,9,0,1,0,1,群馬県
3135,185.4,60000,9,0,1,1,1,宮城県
3136,239.2,8000,7,0,1,1,0,神奈川県
3137,334.5,3000,1,0,1,1,1,福岡県
3138,224.9,22000,7,0,1,0,1,福岡県
3139,83,86000,10,1,1,0,1,神奈川県
3140,138.1,96000,10,0,1,0,1,愛知県
3141,254.2,40000,5,0,1,0,1,岩手県
3142,177.9,21000,10,0,1,0,1,三重県
3143,179.8,66000,10,0,1,0,1,福島県
3144,178.3,19000,9,0,1,0,1,埼玉県
3145,157.7,83000,11,0,1,0,1,岩手県
3146,92.7,119000,11,0,1,0,1,神奈川県
3147,245.4,38000,4,0,0,0,1,京都府
3148,237,55000,6,0,0,0,1,北海道
3149,94.9,86000,11,0,1,0,1,福岡県
3150,379,18,0,0,1,0,0,神奈川県
3151,363.6,10,0,0,1,0,1,香川県
3152,147.6,9000,11,1,1,0,1,神奈川県
3153,356.9,20,1,0,1,1,1,福岡県
3154,202.2,19000,9,0,1,0,0,神奈川県
3155,195.9,59000,9,0,1,0,1,千葉県
3156,160.4,116000,9,0,1,1,1,千葉県
3157,99.8,79000,12,0,1,0,1,愛知県
3158,146.3,37000,4,0,0,1,1,埼玉県
3159,160.4,107000,9,0,1,0,1,埼玉県
3160,160.4,120000,10,0,1,1,1,埼玉県
3161,150,79000,5,0,1,1,1,新潟県
3162,238.2,5000,2,0,0,1,0,埼玉県
3163,174.1,14000,5,0,1,0,1,福岡県
3164,199.9,19000,4,0,1,0,1,千葉県
3165,79.9,132000,9,0,1,1,1,福岡県
3166,109.4,64000,9,0,1,0,1,新潟県
3167,207,9000,4,0,1,1,1,兵庫県
3168,34.9,52000,23,0,0,0,1,埼玉県
3169,227.8,50,0,0,1,1,1,埼玉県
3170,185.7,100000,9,0,1,0,1,愛知県
3171,185.4,125000,10,0,1,0,1,神奈川県
3172,161.3,95000,11,0,1,0,1,群馬県
3173,161.6,107000,11,0,1,0,1,群馬県
3174,186.3,94000,11,0,1,1,1,東京都
3175,177.8,42000,11,0,1,0,1,神奈川県
3176,148,47000,6,0,1,0,1,岐阜県
3177,91.4,54000,10,0,1,0,1,福岡県
3178,143.4,59000,8,0,0,1,1,大分県
3179,104.8,40000,10,0,1,1,1,群馬県
3180,204.6,11000,3,0,1,0,1,神奈川県
3181,49.8,93000,16,0,1,0,1,北海道
3182,186.5,2000,1,1,0,0,1,埼玉県
3183,177.2,50000,5,0,1,1,1,兵庫県
3184,85,76000,11,0,1,0,1,鹿児島県
3185,112,53000,10,0,1,1,1,埼玉県
3186,150.1,16000,4,1,0,1,1,埼玉県
3187,247.2,12000,3,0,1,1,1,神奈川県
3188,50.5,152000,11,1,1,1,1,岐阜県
3189,249.9,22000,4,0,1,1,1,群馬県
3190,162,77000,5,0,1,1,1,岐阜県
3191,239.5,12000,3,0,1,1,1,神奈川県
3192,134.7,60000,8,0,1,0,1,大阪府
3193,119.1,74000,9,0,1,1,1,新潟県
3194,153.9,52000,5,0,1,0,1,山口県
3195,247.2,40000,3,0,1,1,1,神奈川県
3196,99.8,68000,9,0,1,0,1,兵庫県
3197,83.1,97000,10,0,1,0,1,岐阜県
3198,128.6,49000,10,0,1,1,1,千葉県
3199,53.5,43000,14,0,1,0,1,兵庫県
3200,71.2,168000,9,0,1,1,1,滋賀県
3201,46.1,79000,16,0,0,0,1,大阪府
3202,259.4,27000,3,0,1,1,1,富山県
3203,118.9,30000,10,0,1,0,1,広島県
3204,104.8,44000,10,1,1,0,1,福岡県
3205,43.2,86000,14,0,0,0,1,大阪府
3206,154.7,59000,8,0,1,1,1,埼玉県
3207,104.3,91000,10,0,1,1,1,広島県
3208,168.1,48000,5,0,1,0,1,愛知県
3209,136.6,70000,7,0,1,0,1,大阪府
3210,140.9,78000,4,0,1,0,1,千葉県
3211,104.8,72000,10,1,1,1,1,福岡県
3212,198.3,10000,2,1,0,1,0,埼玉県
3213,257.6,13000,2,0,1,0,1,神奈川県
3214,190.7,38000,5,0,1,0,1,岩手県
3215,119.8,61000,9,0,1,0,1,鹿児島県
3216,194.8,31000,5,0,1,1,1,神奈川県
3217,249.3,12000,3,0,1,1,1,神奈川県
3218,152.8,61000,7,0,1,0,1,山口県
3219,132.9,59000,7,1,0,0,1,島根県
3220,254.7,33000,3,0,1,1,1,神奈川県
3221,210.2,38000,4,0,1,1,1,千葉県
3222,54,96000,15,0,1,0,1,北海道
3223,276.8,5000,3,0,1,1,1,広島県
3224,253.9,9000,3,0,1,1,1,神奈川県
3225,246.5,21000,3,0,1,1,1,神奈川県
3226,175,63000,6,0,1,1,1,愛知県
3227,185.1,35000,5,0,1,0,1,福岡県
3228,186.8,34000,5,0,1,0,1,広島県
3229,70,66000,13,0,1,0,1,埼玉県
3230,266.1,43000,2,0,1,1,1,兵庫県
3231,116.4,71000,11,0,1,1,1,茨城県
3232,124.3,48000,9,0,1,0,1,埼玉県
3233,139.8,58000,9,1,1,1,1,福岡県
3234,55.9,42000,18,0,1,0,1,徳島県
3235,279.8,37000,3,0,1,1,1,神奈川県
3236,129.6,68000,5,0,1,0,1,茨城県
3237,285.1,38000,2,0,1,1,1,鳥取県
3238,273.2,31000,3,0,1,1,1,広島県
3239,59,91000,13,0,1,0,1,北海道
3240,145.5,45000,7,0,1,1,1,神奈川県
3241,208.4,25000,6,0,1,1,1,兵庫県
3242,142,44000,9,0,1,1,1,埼玉県
3243,139.8,99000,6,0,1,1,1,茨城県
3244,279.7,8000,2,0,1,1,1,埼玉県
3245,59.2,64000,16,0,1,0,1,埼玉県
3246,249,8000,3,0,1,1,1,千葉県
3247,172.8,41000,6,0,1,0,1,千葉県
3248,129.8,75000,8,0,1,0,1,広島県
3249,118.1,78000,11,0,1,1,1,大阪府
3250,141.7,63000,7,0,1,0,1,滋賀県
3251,125.4,52000,9,0,0,0,1,大阪府
3252,148.4,48000,8,0,1,0,1,栃木県
3253,226,5000,4,0,1,0,1,千葉県
3254,273.2,26000,3,0,1,1,1,兵庫県
3255,165,50000,8,0,1,1,1,静岡県
3256,115.3,112000,7,0,0,1,1,大阪府
3257,259.8,33000,3,0,1,1,1,三重県
3258,293.2,12000,3,0,1,1,1,福島県
3259,149.9,29000,8,0,1,1,1,群馬県
3260,133,41000,8,1,1,0,1,大阪府
3261,209.7,32000,5,0,1,1,1,滋賀県
3262,222.5,19000,4,0,1,0,1,神奈川県
3263,269.1,38000,4,0,1,1,1,千葉県
3264,254,17000,3,0,1,0,1,広島県
3265,250.1,53000,3,0,1,1,1,兵庫県
3266,96,89000,9,0,1,0,1,東京都
3267,175.3,49000,5,0,1,0,1,広島県
3268,284.6,11000,2,0,1,1,1,神奈川県
3269,191.1,24000,5,0,1,0,1,福岡県
3270,79.9,77000,13,0,1,0,1,北海道
3271,168,34000,7,0,1,0,1,東京都
3272,178.3,49000,5,0,1,0,1,鹿児島県
3273,136,56000,9,0,1,0,1,山口県
3274,297.4,15000,1,0,1,1,1,広島県
3275,170.4,43000,6,0,1,0,1,山口県
3276,42.8,96000,15,0,1,0,1,静岡県
3277,252.4,17000,4,0,1,0,1,広島県
3278,295.3,23000,3,0,1,1,1,福島県
3279,125.4,51000,11,0,1,0,1,大阪府
3280,285,13000,3,0,1,1,1,鹿児島県
3281,264.4,52000,3,0,1,1,1,兵庫県
3282,197.1,33000,5,0,1,1,1,神奈川県
3283,149.1,61000,7,0,1,0,1,大阪府
3284,229.2,86000,3,0,1,1,1,兵庫県
3285,244.3,22000,3,0,1,0,1,神奈川県
3286,129.8,31000,9,1,1,0,1,福岡県
3287,295,46000,3,0,1,1,1,北海道
3288,283.7,6000,3,0,1,1,1,神奈川県
3289,222.8,39000,4,0,1,0,1,岡山県
3290,136.8,71000,8,0,1,0,1,福岡県
3291,82.9,86000,10,0,0,0,1,大阪府
3292,252.6,27000,3,0,1,0,1,兵庫県
3293,218,25000,4,1,1,1,1,埼玉県
3294,79.9,57000,14,0,1,0,1,宮城県
3295,160.6,55000,6,0,1,1,1,群馬県
3296,234.8,32000,3,0,1,0,1,福岡県
3297,241.9,16000,3,0,1,0,1,広島県
3298,233.7,53000,3,0,1,1,1,兵庫県
3299,116.9,68000,10,0,1,1,1,静岡県
3300,335.8,10,0,0,1,1,1,三重県
3301,289.5,23000,2,0,1,1,1,鹿児島県
3302,254.7,29000,3,0,1,1,1,神奈川県
3303,262.8,20000,3,0,1,0,1,福岡県
3304,182.5,24000,7,0,0,0,1,岡山県
3305,295.6,6000,1,0,1,1,1,神奈川県
3306,265.7,48000,4,0,1,1,1,兵庫県
3307,234.5,18000,2,0,1,0,1,大阪府
3308,128.2,69000,10,0,1,0,1,埼玉県
3309,66,172000,11,0,1,1,1,愛知県
3310,298.2,100,1,0,1,1,1,愛知県
3311,139.7,94000,3,0,0,1,1,埼玉県
3312,272.3,46000,3,0,1,1,1,兵庫県
3313,278.8,36000,3,0,1,1,1,福岡県
3314,282.2,26000,3,0,1,1,1,大阪府
3315,135.6,30000,7,1,1,0,1,大阪府
3316,159.8,40000,7,0,1,0,1,奈良県
3317,184.6,24000,8,0,1,0,1,神奈川県
3318,130.9,70000,10,0,1,1,1,愛知県
3319,166.5,67000,8,0,1,1,1,岐阜県
3320,168.1,31000,7,0,1,0,1,神奈川県
3321,125.2,63000,10,0,1,1,1,兵庫県
3322,289.7,13000,3,0,1,1,1,広島県
3323,157.8,35000,9,0,1,1,1,神奈川県
3324,171.8,31000,7,0,1,0,1,埼玉県
3325,175.9,48000,5,0,1,0,1,広島県
3326,245.4,17000,4,0,1,1,1,神奈川県
3327,245.5,23000,4,0,1,0,1,神奈川県
3328,197.1,27000,5,0,1,1,1,神奈川県
3329,167.1,90000,6,0,1,1,1,愛知県
3330,141.1,97000,7,0,1,0,1,岡山県
3331,177.1,56000,7,0,1,0,1,神奈川県
3332,233.4,24000,7,0,1,1,1,鹿児島県
3333,100.6,124000,10,0,1,1,1,兵庫県
3334,151.9,43000,9,0,1,0,1,大阪府
3335,267.9,51000,3,0,1,1,1,岡山県
3336,260,16000,3,0,1,1,1,千葉県
3337,261.9,17000,3,0,1,1,1,愛知県
3338,254.9,17000,4,0,1,0,1,大阪府
3339,276.7,30000,3,0,1,1,1,兵庫県
3340,234.8,35000,3,0,1,0,1,福岡県
3341,288.5,28000,3,0,1,1,1,神奈川県
3342,277.5,19000,3,0,1,1,1,鹿児島県
3343,213,35000,5,0,1,1,1,愛知県
3344,162.7,32000,9,0,1,1,1,埼玉県
3345,269.3,26000,4,0,1,1,1,神奈川県
3346,280.3,16000,3,0,1,0,1,北海道
3347,114.4,102000,9,0,1,1,1,福岡県
3348,118.9,49000,10,0,1,0,1,埼玉県
3349,197.9,24000,5,0,1,0,1,神奈川県
3350,258.5,23000,4,0,1,1,1,高知県
3351,246.5,27000,4,0,1,0,1,兵庫県
3352,152.8,91000,4,0,1,0,1,北海道
3353,99.8,74000,10,0,1,0,1,茨城県
3354,278.7,34000,4,0,1,1,1,千葉県
3355,276.5,30000,3,0,1,1,1,石川県
3356,277.7,22000,3,0,1,1,1,兵庫県
3357,163.9,61000,7,0,1,0,1,愛知県
3358,161.8,64000,6,0,1,0,1,大阪府
3359,171.5,17000,8,0,1,0,1,広島県
3360,285.2,31000,3,0,1,1,1,広島県
3361,228.7,72000,3,1,1,1,1,大阪府
3362,236.7,49000,3,0,1,0,1,鳥取県
3363,284.5,25000,3,0,1,1,1,広島県
3364,284.5,17000,3,0,1,1,1,神奈川県
3365,214.4,22000,5,0,1,1,1,神奈川県
3366,284.5,15000,4,0,1,1,1,神奈川県
3367,270.1,43000,3,0,1,1,1,兵庫県
3368,197.5,65000,5,0,1,0,1,北海道
3369,104.5,85000,10,0,0,0,1,岡山県
3370,247.7,76000,3,0,1,1,1,兵庫県
3371,297.9,12000,2,0,1,1,1,埼玉県
3372,119.6,95000,10,0,1,1,1,埼玉県
3373,299.9,25000,2,0,1,1,1,埼玉県
3374,178,73000,6,0,1,1,1,山口県
3375,187,42000,8,0,1,0,1,群馬県
3376,293.3,12000,2,0,1,1,1,神奈川県
3377,188.1,38000,5,0,1,0,1,神奈川県
3378,250.8,37000,3,0,1,0,1,広島県
3379,284.3,9000,3,0,1,1,1,神奈川県
3380,266.8,13000,2,0,1,0,1,神奈川県
3381,259.8,12000,2,0,1,0,1,茨城県
3382,277.2,22000,3,0,1,1,1,神奈川県
3383,220.1,43000,5,0,1,1,1,福岡県
3384,168.7,36000,7,0,1,0,1,栃木県
3385,88,102000,9,0,1,0,1,大阪府
3386,295.9,18000,2,0,1,1,1,群馬県
3387,280.8,21000,3,0,1,1,1,滋賀県
3388,228.7,67000,3,1,1,1,1,大阪府
3389,308.7,27000,4,0,1,1,1,広島県
3390,218.7,18000,6,0,1,1,1,福岡県
3391,209.5,35000,6,0,1,1,1,埼玉県
3392,85,49000,11,0,1,0,1,大阪府
3393,209.7,35000,6,0,1,1,1,埼玉県
3394,96.3,162000,6,0,0,1,1,大阪府
3395,269.8,35000,4,0,1,1,1,滋賀県
3396,189.4,42000,5,0,1,0,1,神奈川県
3397,287.8,29000,3,0,1,1,1,広島県
3398,198.1,14000,5,0,1,0,1,神奈川県
3399,251.8,37000,3,0,1,0,1,広島県
3400,290.3,13000,3,0,1,1,1,神奈川県
3401,269.1,23000,2,0,1,0,1,福岡県
3402,287.9,15000,3,0,1,1,1,群馬県
3403,114.8,81000,10,1,1,1,1,福岡県
3404,138.1,50000,10,0,1,0,1,大阪府
3405,207.7,28000,5,0,1,0,1,滋賀県
3406,288.8,10000,4,0,1,1,1,三重県
3407,283.8,22000,3,0,1,1,1,滋賀県
3408,158.6,74000,6,0,1,0,1,鹿児島県
3409,310.1,34000,2,0,1,1,1,広島県
3410,239.7,54000,3,1,1,1,1,大阪府
3411,289.8,33000,3,0,1,1,1,滋賀県
3412,188.1,23000,5,0,1,0,1,神奈川県
3413,227.1,19000,5,0,1,1,1,神奈川県
3414,155.6,55000,7,0,1,1,1,愛知県
3415,165.9,50000,7,0,1,0,1,埼玉県
3416,80.1,122000,9,0,1,1,1,愛知県
3417,120.9,77000,10,0,1,1,1,福岡県
3418,127.9,75000,10,0,1,1,1,静岡県
3419,136.8,12000,10,1,1,1,1,長野県
3420,273.3,22000,4,0,1,0,1,広島県
3421,290.9,21000,3,0,1,1,1,広島県
3422,186.1,49000,6,0,1,0,1,岡山県
3423,294.4,16000,4,0,1,1,1,静岡県
3424,277.5,37000,4,0,1,1,1,鹿児島県
3425,295.4,21000,3,0,1,1,1,滋賀県
3426,127,51000,10,0,1,0,1,福岡県
3427,211.2,20000,5,0,1,0,1,埼玉県
3428,188.1,40000,6,0,1,0,1,神奈川県
3429,79.8,150000,11,0,0,1,1,愛媛県
3430,197.8,63000,7,0,1,0,1,福島県
3431,283.5,34000,3,0,1,1,1,神奈川県
3432,149.2,86000,8,0,1,1,1,岡山県
3433,215.8,30000,7,0,1,0,1,北海道
3434,278.3,4000,1,0,1,0,1,神奈川県
3435,66,84000,14,0,1,0,1,宮城県
3436,296.7,8000,3,0,1,1,1,神奈川県
3437,293.1,19000,3,0,1,1,1,岡山県
3438,194.8,50000,5,0,1,0,1,神奈川県
3439,228.6,33000,5,0,1,1,1,岡山県
3440,315.5,6000,1,0,1,1,1,埼玉県
3441,128,92000,8,0,0,0,1,愛知県
3442,189.1,23000,7,0,1,0,1,大阪府
3443,267.3,35000,3,0,1,0,1,広島県
3444,296.3,55000,3,0,1,1,1,新潟県
3445,179.7,63000,6,0,1,0,1,茨城県
3446,125.5,57000,11,0,0,1,1,大阪府
3447,275.7,45000,3,0,1,1,1,広島県
3448,273,49000,4,0,1,1,1,神奈川県
3449,119.1,71000,9,0,1,0,1,大阪府
3450,289.8,17000,3,0,1,1,1,滋賀県
3451,293.4,20000,3,0,1,1,1,滋賀県
3452,172,11000,9,0,1,0,1,東京都
3453,134.4,38000,10,0,1,0,1,愛知県
3454,100,74000,11,0,1,0,1,神奈川県
3455,293.3,19000,3,0,1,1,1,広島県
3456,115.3,111000,7,0,1,0,1,滋賀県
3457,284.4,20000,3,0,1,1,1,福岡県
3458,98.2,51000,10,1,1,0,1,埼玉県
3459,178.7,77000,7,0,1,1,1,広島県
3460,257.4,10000,3,0,1,0,1,富山県
3461,301,21000,3,0,1,1,1,埼玉県
3462,196.6,30000,6,0,1,0,1,滋賀県
3463,196.1,17000,7,0,1,0,1,新潟県
3464,154,67000,10,0,1,1,1,奈良県
3465,219.6,45000,5,0,1,1,1,群馬県
3466,306.4,30000,3,0,1,1,1,福島県
3467,305.4,22000,3,0,1,1,1,富山県
3468,292.7,36000,2,0,1,1,1,滋賀県
3469,64.6,63000,16,0,1,0,1,京都府
3470,141.8,173000,7,0,1,1,1,茨城県
3471,70,72000,14,0,1,0,1,兵庫県
3472,169.8,46000,9,0,1,1,1,埼玉県
3473,180.3,58000,8,0,0,1,1,埼玉県
3474,303.4,13000,4,0,1,1,1,福島県
3475,269.5,16000,3,0,1,0,1,埼玉県
3476,303.3,17000,3,0,1,1,1,埼玉県
3477,154.8,55000,9,0,1,1,1,茨城県
3478,85.5,122000,10,1,1,1,1,滋賀県
3479,113.1,92000,11,0,1,1,1,岡山県
3480,173.1,55000,7,0,1,0,1,広島県
3481,48.8,95000,15,1,1,0,1,鹿児島県
3482,197.1,30000,6,0,1,1,1,神奈川県
3483,137.9,116000,8,0,1,1,1,山口県
3484,118.8,82000,10,0,1,0,1,茨城県
3485,179.8,32000,8,0,1,0,1,埼玉県
3486,134.8,29000,10,0,1,0,1,茨城県
3487,299.5,12000,3,0,1,1,1,埼玉県
3488,159.8,57000,10,0,1,1,1,宮城県
3489,336.5,500,1,0,1,1,1,新潟県
3490,221.4,40000,3,1,1,0,1,大阪府
3491,288.5,16000,4,0,1,1,1,鹿児島県
3492,248.4,16000,5,0,1,1,1,群馬県
3493,139.8,43000,10,1,1,1,1,福岡県
3494,44.4,98000,17,0,1,0,1,神奈川県
3495,32.8,155000,19,0,0,0,1,千葉県
3496,199.2,22000,7,0,1,0,1,静岡県
3497,165.5,80000,8,0,1,1,1,滋賀県
3498,308.5,31000,3,0,1,1,1,茨城県
3499,144.1,46000,11,0,1,0,1,埼玉県
3500,307.5,29000,4,0,1,1,1,鹿児島県
3501,177.8,37000,9,0,1,1,1,埼玉県
3502,165.5,55000,9,0,1,1,1,埼玉県
3503,316,39000,2,0,1,1,1,福島県
3504,75.2,71000,13,0,1,0,1,神奈川県
3505,129,81000,9,0,1,0,1,兵庫県
3506,287.5,41000,4,0,1,1,1,鹿児島県
3507,163.6,30000,9,0,1,1,1,埼玉県
3508,175.9,73000,6,0,1,0,1,山口県
3509,289.8,12000,3,0,1,0,1,宮城県
3510,295.4,6000,3,0,1,1,1,茨城県
3511,331.2,30000,4,0,1,1,1,新潟県
3512,189.4,42000,8,0,1,1,1,鹿児島県
3513,172.2,72000,7,0,1,1,0,埼玉県
3514,358.3,21000,3,0,1,1,1,千葉県
3515,169,94000,7,0,1,1,1,大阪府
3516,159.4,42000,10,0,1,0,0,茨城県
3517,97.2,130000,9,0,1,1,1,兵庫県
3518,334.7,12000,2,0,1,1,1,岐阜県
3519,318.5,11000,4,0,1,1,1,鹿児島県
3520,281.1,19000,3,0,1,0,1,新潟県
3521,313.4,38000,4,0,1,1,1,福島県
3522,306.5,27000,4,0,1,1,1,鹿児島県
3523,219.4,50000,5,0,1,1,1,鹿児島県
3524,325.6,9,1,0,1,0,1,愛知県
3525,129.8,81000,9,0,1,0,1,宮城県
3526,308.9,53000,4,0,1,1,1,福島県
3527,297.4,13000,4,0,1,0,1,福島県
3528,217.6,59000,7,0,1,1,1,群馬県
3529,205.5,63000,7,0,1,1,1,群馬県
3530,124.6,68000,9,0,1,0,0,福岡県
3531,94,43000,19,0,1,0,1,岐阜県
3532,99,30000,14,0,1,0,1,兵庫県
3533,166.3,90000,6,0,1,0,1,石川県
3534,127.4,84000,10,0,1,0,1,兵庫県
3535,160,60000,9,0,1,0,1,滋賀県
3536,211.5,42000,8,0,1,1,1,鹿児島県
3537,208.7,10000,5,1,0,0,0,福島県
3538,166,23000,9,0,0,0,1,千葉県
3539,69.8,93000,12,0,1,0,1,新潟県
3540,178,5000,11,0,1,0,1,兵庫県
3541,146.8,82000,9,0,1,0,1,福岡県
3542,94,48000,20,0,1,0,1,岐阜県
3543,187.3,18000,9,0,1,0,1,愛知県
3544,118.8,118000,10,0,0,0,1,岩手県
3545,99.8,66000,13,0,1,0,1,愛知県
3546,199.8,18000,11,0,0,1,1,茨城県
3547,59.8,171000,10,1,1,0,1,大阪府
3548,63.4,157000,15,0,1,0,1,秋田県
3549,84,72000,20,0,1,0,1,岐阜県
3550,99.8,48000,16,0,1,0,1,香川県
3551,94.8,50000,16,0,1,0,1,愛知県
3552,94.8,51000,18,0,1,0,1,愛知県
3553,131.5,97000,10,0,0,0,1,滋賀県
3554,250.2,48000,8,0,1,0,1,岩手県
3555,231.5,70000,7,0,0,1,1,滋賀県
3556,90.7,81000,15,0,1,0,1,滋賀県
3557,72.8,148000,15,0,1,0,1,山梨県
3558,173,24000,5,0,1,0,1,山形県
3559,156.4,42000,6,0,1,0,1,鳥取県
3560,146.8,43000,7,0,1,0,1,福島県
3561,115.1,99000,8,0,1,0,1,北海道
3562,185.1,27000,5,0,1,1,1,奈良県
3563,160.9,29000,6,0,1,0,1,東京都
3564,60.1,117000,11,0,1,0,1,山形県
3565,155.1,53000,6,0,1,0,1,岐阜県
3566,158.7,48000,5,0,1,1,1,京都府
3567,145,58000,7,0,1,0,1,栃木県
3568,270.2,9000,2,0,1,1,1,兵庫県
3569,127.6,49000,10,0,1,1,1,神奈川県
3570,168,41000,5,0,1,0,1,山形県
3571,119.1,77000,8,0,1,0,1,兵庫県
3572,256.8,2000,1,0,1,0,1,兵庫県
3573,134.7,44000,7,1,1,0,1,福岡県
3574,122,62000,11,0,1,1,1,岩手県
3575,205.6,46000,4,0,1,1,1,愛媛県
3576,170,45000,5,0,1,0,1,奈良県
3577,120.1,73000,8,0,1,0,1,山口県
3578,104,72000,9,0,1,0,1,愛知県
3579,216.5,18000,5,0,1,0,1,宮城県
3580,175.7,42000,5,0,1,0,1,京都府
3581,155.6,73000,7,0,1,1,1,福岡県
3582,122.1,49000,11,0,0,1,1,大阪府
3583,263.2,8000,2,0,1,1,1,東京都
3584,119,46000,9,0,1,0,1,愛知県
3585,195.8,34000,6,0,1,1,1,東京都
3586,206.1,20000,4,0,1,1,1,神奈川県
3587,212.6,29000,5,0,1,1,1,京都府
3588,282.8,26000,2,0,1,1,1,京都府
3589,171.9,32000,7,0,1,0,1,静岡県
3590,115.5,73000,10,0,1,1,1,奈良県
3591,213,29000,4,0,1,1,1,京都府
3592,255.9,10000,3,0,1,0,1,神奈川県
3593,247.2,51000,3,0,1,1,1,徳島県
3594,204.7,38000,5,0,1,1,1,京都府
3595,116.5,102000,8,0,1,1,1,兵庫県
3596,257.7,35000,3,0,1,1,1,山口県
3597,69.5,113000,10,0,1,0,1,新潟県
3598,273.7,31000,1,0,1,1,1,神奈川県
3599,274.9,7000,3,0,1,1,1,京都府
3600,178.7,47000,5,0,1,0,1,和歌山県
3601,255.9,22000,3,0,1,0,1,神奈川県
3602,164.1,58000,6,0,1,0,1,山口県
3603,195.9,32000,5,0,1,0,1,栃木県
3604,185.7,19000,5,0,1,0,1,京都府
3605,225.7,69000,3,1,1,1,1,福岡県
3606,285.8,11000,3,0,1,1,1,神奈川県
3607,53,101000,11,0,1,0,1,山形県
3608,241.5,31000,3,0,1,0,1,京都府
3609,290.7,10000,3,0,1,1,1,東京都
3610,169.2,43000,8,0,1,1,1,東京都
3611,258.3,18000,3,0,1,1,1,神奈川県
3612,190.7,51000,5,0,1,1,1,三重県
3613,281.6,37000,3,0,1,1,1,鳥取県
3614,274.9,22000,3,0,1,1,1,京都府
3615,248.2,12000,3,0,1,0,1,京都府
3616,143.3,73000,8,0,1,0,1,山口県
3617,257.6,22000,3,0,1,1,1,東京都
3618,283.3,32000,3,0,1,1,1,神奈川県
3619,281,4000,1,0,1,0,1,京都府
3620,263.4,14000,2,0,1,1,1,神奈川県
3621,274.9,28000,3,0,1,1,1,京都府
3622,182.2,32000,7,0,1,1,1,栃木県
3623,94.8,72000,11,0,1,0,1,宮城県
3624,232.4,84000,3,0,1,1,1,和歌山県
3625,296.1,20000,2,0,1,1,1,神奈川県
3626,256.7,43000,4,0,1,1,1,静岡県
3627,106.1,107000,11,0,1,1,1,福島県
3628,220,32000,4,0,1,1,1,千葉県
3629,280.3,27000,3,0,1,1,1,神奈川県
3630,97.6,90000,10,0,1,0,1,愛媛県
3631,245.2,23000,3,0,1,1,1,広島県
3632,228.4,33000,4,0,1,0,1,岡山県
3633,205.9,27000,5,0,1,1,1,神奈川県
3634,238.3,73000,3,0,1,1,1,兵庫県
3635,278.3,21000,3,0,1,1,1,神奈川県
3636,278.3,37000,3,0,1,1,1,神奈川県
3637,89.4,65000,10,1,1,0,1,兵庫県
3638,247.3,25000,4,0,1,0,1,長崎県
3639,282.9,31000,2,0,1,1,1,京都府
3640,214.7,30000,5,0,1,1,1,京都府
3641,301.4,13000,2,0,1,1,1,神奈川県
3642,243.3,35000,3,0,1,0,1,香川県
3643,275.3,42000,3,0,1,1,1,神奈川県
3644,266.1,22000,2,0,1,1,1,神奈川県
3645,238.3,28000,2,0,1,0,1,神奈川県
3646,293,29000,1,0,1,1,1,山口県
3647,291.7,4000,2,0,1,1,1,千葉県
3648,237.8,20000,3,0,1,0,1,大阪府
3649,231.9,15000,5,0,1,1,1,福岡県
3650,147.2,74000,7,0,1,0,1,山口県
3651,210.1,29000,7,0,1,0,1,千葉県
3652,236,29000,4,0,1,0,1,福岡県
3653,180.6,69000,5,0,1,1,1,岡山県
3654,284,17000,3,0,1,1,1,愛知県
3655,283.3,31000,3,0,1,1,1,神奈川県
3656,291.5,16000,3,0,1,1,1,東京都
3657,330.7,24000,3,0,1,1,1,愛媛県
3658,266.6,31000,4,0,1,1,1,神奈川県
3659,187.9,24000,6,0,1,0,1,東京都
3660,153.8,78000,7,0,1,1,1,岩手県
3661,196.7,23000,7,0,1,1,1,神奈川県
3662,132.8,86000,7,0,1,0,1,長野県
3663,123.1,69000,11,0,1,1,1,千葉県
3664,255.9,9000,3,0,1,0,1,神奈川県
3665,245.8,24000,4,0,1,0,1,京都府
3666,50.7,59000,21,0,1,0,1,埼玉県
3667,74.2,129000,9,0,1,0,1,兵庫県
3668,197,29000,5,0,1,0,1,奈良県
3669,110.6,84000,11,0,1,1,1,栃木県
3670,250.9,25000,3,0,1,0,1,神奈川県
3671,272.9,25000,4,0,1,1,1,東京都
3672,283.9,22000,3,0,1,1,1,東京都
3673,303.3,24000,3,0,1,1,1,神奈川県
3674,250.3,5000,3,0,1,0,1,千葉県
3675,172.7,58000,7,0,1,0,1,山口県
3676,274.3,13000,2,0,1,1,1,宮城県
3677,208.1,28000,7,0,1,1,1,千葉県
3678,293.3,14000,3,0,1,1,1,神奈川県
3679,122.1,43000,10,0,1,0,1,福岡県
3680,285.9,14000,3,0,1,1,1,神奈川県
3681,195.6,22000,5,0,1,0,1,神奈川県
3682,268,11000,3,0,1,0,1,福島県
3683,306.4,11000,3,0,1,1,1,愛媛県
3684,277.7,30000,3,0,1,1,1,東京都
3685,275.3,39000,3,0,1,1,1,神奈川県
3686,142,52000,9,0,1,0,1,奈良県
3687,198.2,62000,5,0,1,1,1,神奈川県
3688,259.6,52000,4,0,1,1,1,鳥取県
3689,304.3,8000,2,0,1,1,1,岐阜県
3690,288.1,27000,3,0,1,1,1,栃木県
3691,293.3,13000,3,0,1,1,1,神奈川県
3692,197,34000,5,0,1,0,1,奈良県
3693,297.2,13000,2,0,1,1,1,京都府
3694,169.1,39000,8,0,1,0,1,千葉県
3695,200.8,39000,5,0,1,0,1,神奈川県
3696,132.7,27000,10,0,1,0,1,神奈川県
3697,281.5,21000,4,0,1,1,1,神奈川県
3698,290.3,4000,3,0,1,1,1,神奈川県
3699,301.9,11000,2,0,1,1,1,北海道
3700,285.6,10000,3,0,1,1,1,東京都
3701,313.3,8000,3,0,1,1,1,神奈川県
3702,146.6,40000,9,0,1,1,1,奈良県
3703,170,24000,7,1,1,0,1,奈良県
3704,284.2,27000,3,0,1,1,1,奈良県
3705,292.7,23000,2,0,1,1,1,京都府
3706,133.8,58000,9,0,1,0,1,東京都
3707,260.3,16000,4,0,1,0,1,千葉県
3708,181.4,55000,7,0,1,0,1,山形県
3709,147.2,25000,10,0,1,1,1,兵庫県
3710,195.7,22000,5,0,1,0,1,京都府
3711,311.1,36000,2,0,1,1,1,千葉県
3712,248.3,46000,4,0,1,1,1,千葉県
3713,285.3,23000,3,0,1,1,1,神奈川県
3714,306.6,10000,2,0,1,1,1,神奈川県
3715,304.1,29000,3,0,1,1,1,千葉県
3716,268.9,41000,4,0,1,1,1,京都府
3717,282.9,18000,4,0,1,1,1,東京都
3718,282.7,27000,3,0,1,1,1,東京都
3719,182.8,30000,6,0,1,0,1,宮城県
3720,288,29000,4,0,1,1,1,福島県
3721,311.2,41000,2,0,1,1,1,千葉県
3722,292.8,11000,3,0,1,1,1,東京都
3723,214.8,13000,4,0,1,0,1,奈良県
3724,286,31000,3,0,1,1,1,栃木県
3725,210.8,50000,5,0,1,1,1,神奈川県
3726,273.3,48000,3,0,1,1,1,神奈川県
3727,202.8,31000,7,0,1,1,1,神奈川県
3728,141.5,35000,9,1,1,0,1,北海道
3729,296.1,39000,2,0,1,1,1,神奈川県
3730,286.9,9000,2,0,1,1,1,千葉県
3731,269.8,66000,3,0,1,1,1,山口県
3732,298.1,17000,2,0,1,1,1,神奈川県
3733,295.7,50000,2,0,1,1,1,宮城県
3734,284.3,15000,3,0,1,1,1,神奈川県
3735,291.1,27000,3,0,1,1,1,神奈川県
3736,248.4,26000,4,0,1,0,1,三重県
3737,189.2,35000,5,0,1,0,1,神奈川県
3738,172.9,39000,8,0,1,0,1,福岡県
3739,257.5,12000,3,0,1,0,1,京都府
3740,285.2,572,1,0,1,0,1,千葉県
3741,270.1,24000,4,0,1,1,1,宮城県
3742,206.2,28000,5,0,1,1,1,神奈川県
3743,292.8,11000,3,0,1,1,1,神奈川県
3744,303.5,11000,2,0,1,1,1,神奈川県
3745,257.6,23000,4,0,1,0,1,千葉県
3746,305.1,27000,3,0,1,1,1,千葉県
3747,182.2,60000,5,0,1,0,1,鳥取県
3748,293,12000,3,0,1,1,1,神奈川県
3749,295.9,33000,2,0,1,1,1,山形県
3750,270.1,34000,4,0,1,1,1,宮城県
3751,266.9,65000,3,0,1,1,1,宮城県
3752,288.1,10000,3,0,1,1,1,神奈川県
3753,208.1,24000,5,0,1,0,1,千葉県
3754,193.5,65000,5,0,1,1,1,福岡県
3755,214.2,35000,5,0,1,0,1,愛媛県
3756,198.1,60000,7,0,1,1,1,千葉県
3757,303.1,10000,2,0,1,1,1,神奈川県
3758,296.1,33000,2,0,1,1,1,栃木県
3759,307.4,12000,1,0,1,1,1,京都府
3760,303.1,17000,2,0,1,1,1,神奈川県
3761,179.1,29000,8,0,1,0,1,千葉県
3762,193.2,53000,7,0,1,1,1,栃木県
3763,312.9,14000,2,0,1,1,1,千葉県
3764,206.3,48000,6,0,1,1,1,福岡県
3765,303.1,10000,2,0,1,1,1,神奈川県
3766,249.1,81000,3,0,1,1,1,千葉県
3767,255.8,49000,3,0,1,1,1,宮城県
3768,224.1,18000,5,0,1,0,1,千葉県
3769,264.3,22000,4,0,1,0,1,千葉県
3770,171.1,49000,7,0,1,0,1,三重県
3771,301.1,22000,2,0,1,1,1,神奈川県
3772,327.3,4000,2,0,1,1,1,千葉県
3773,293.5,17000,3,0,1,1,1,福岡県
3774,312.1,21000,3,0,1,1,1,千葉県
3775,208.1,51000,5,0,1,1,1,千葉県
3776,296.5,52000,3,0,1,1,1,愛媛県
3777,255.1,82000,4,0,1,1,1,宮城県
3778,227.2,50000,4,0,1,1,1,京都府
3779,129.6,66000,11,0,1,0,1,山口県
3780,185.8,60000,6,0,1,0,1,愛媛県
3781,167,69000,8,0,1,0,1,福島県
3782,280.9,14000,3,0,1,0,1,千葉県
3783,221.1,17000,5,0,1,0,1,千葉県
3784,174.4,76000,7,0,1,1,1,千葉県
3785,312.1,17000,3,0,1,1,1,千葉県
3786,295.9,41000,3,0,1,1,1,千葉県
3787,293.9,12000,4,0,1,1,1,東京都
3788,193.9,40000,6,0,1,0,1,宮城県
3789,292.8,15000,3,0,1,1,1,東京都
3790,298.1,22000,3,0,1,1,1,千葉県
3791,199.8,16000,6,0,1,0,1,茨城県
3792,275.9,51000,3,0,1,1,1,栃木県
3793,156.6,23000,9,0,1,0,1,京都府
3794,214.2,22000,5,0,1,0,1,神奈川県
3795,180.8,53000,6,0,1,0,1,宮城県
3796,248.2,15000,3,1,1,1,1,大阪府
3797,196.2,49000,5,0,1,0,1,神奈川県
3798,119.9,97000,8,0,1,0,1,静岡県
3799,303.1,30000,3,0,1,1,1,千葉県
3800,162.1,43000,9,0,1,0,1,神奈川県
3801,305.7,16000,4,0,1,1,1,千葉県
3802,199.6,34000,8,0,1,1,1,香川県
3803,185.3,42000,8,0,1,0,1,千葉県
3804,305.1,27000,3,0,1,1,1,千葉県
3805,314.1,4000,1,0,1,0,1,千葉県
3806,272.1,54000,4,0,1,1,1,福岡県
3807,319.1,14000,3,0,1,1,1,千葉県
3808,209.1,23000,6,0,1,0,1,千葉県
3809,292.6,21000,4,0,1,1,1,宮城県
3810,192.6,49000,7,0,1,0,1,大阪府
3811,237.3,32000,6,0,1,1,1,千葉県
3812,300.1,38000,3,0,1,1,1,千葉県
3813,333.8,7000,1,0,1,1,1,神奈川県
3814,328.3,35000,3,0,1,1,1,千葉県
3815,300.1,32000,3,0,1,1,1,千葉県
3816,193.1,53000,4,0,1,0,1,神奈川県
3817,288.7,50000,4,0,1,1,1,千葉県
3818,303.5,37000,3,0,1,1,1,福島県
3819,229.1,17000,5,0,1,0,1,千葉県
3820,187.9,71000,7,0,1,1,1,宮城県
3821,316.1,19000,3,0,1,1,1,千葉県
3822,306.1,19000,2,0,1,1,1,千葉県
3823,275.8,67000,3,0,1,1,1,千葉県
3824,309.9,25000,2,0,1,1,1,千葉県
3825,162.1,38000,9,0,1,0,1,千葉県
3826,188.6,22000,8,0,1,0,1,千葉県
3827,258.3,36000,4,0,1,0,1,三重県
3828,69.9,202000,11,0,1,1,1,神奈川県
3829,262.9,33000,3,0,1,0,1,千葉県
3830,211,39000,5,0,1,0,1,広島県
3831,180.1,21000,8,0,1,0,1,千葉県
3832,310.1,35000,3,0,1,1,1,千葉県
3833,306.1,36000,3,0,1,1,1,千葉県
3834,213.2,45000,7,0,1,1,1,神奈川県
3835,184.8,48000,8,0,1,0,1,山形県
3836,316.1,12000,3,0,1,1,1,千葉県
3837,336.4,12000,2,0,1,1,1,長野県
3838,348.2,32000,3,0,1,1,1,千葉県
3839,318.2,26000,3,0,1,1,1,長野県
3840,305.7,57000,3,0,1,1,1,山形県
3841,134,133000,8,0,1,0,1,山形県
3842,154,71000,10,0,1,1,1,宮城県
3843,168,17000,9,0,1,0,1,神奈川県
3844,316.1,17000,3,0,1,1,1,千葉県
3845,271.6,71000,4,0,1,1,1,千葉県
3846,166.5,37000,10,0,1,1,1,大阪府
3847,184.8,53000,8,0,1,0,1,山形県
3848,272.6,45000,4,0,1,0,1,長野県
3849,177.8,67000,8,0,1,0,1,山形県
3850,184.8,60000,8,0,1,0,1,山形県
3851,250.1,28000,5,0,1,1,1,千葉県
3852,177.8,94000,8,0,1,1,1,山形県
3853,167.8,86000,8,0,1,0,1,山形県
3854,204.1,65000,5,0,1,0,1,千葉県
3855,110,135000,11,0,1,1,1,千葉県
3856,336.4,13000,3,0,1,1,1,千葉県
3857,200.8,71000,6,0,1,0,1,山形県
3858,103.9,127000,11,0,1,0,1,千葉県
3859,239.5,14000,2,1,1,1,1,埼玉県
3860,90,30000,10,0,1,0,1,山形県
3861,81.7,129000,8,0,1,1,1,岩手県
3862,110.4,41000,10,0,1,0,1,神奈川県
3863,248,45000,3,0,1,1,1,千葉県
3864,159.8,106000,3,0,1,1,1,群馬県
3865,116.7,74000,8,0,1,0,1,栃木県
3866,90.3,83000,11,0,1,1,1,大阪府
3867,194.9,2000,2,0,1,0,1,千葉県
3868,210,14000,4,0,1,1,1,静岡県
3869,100,56000,5,0,1,1,1,静岡県
3870,110,42000,6,0,1,0,1,静岡県
3871,112,33000,8,0,1,0,1,福岡県
3872,79,31000,11,0,1,0,1,静岡県
3873,115.1,67000,8,1,1,1,1,埼玉県
3874,99.8,67000,11,0,1,1,1,兵庫県
3875,212.6,9000,2,1,1,1,1,埼玉県
3876,150.3,36000,8,0,1,0,1,滋賀県
3877,110,51000,7,0,1,1,1,静岡県
3878,74.2,29000,12,0,1,0,1,埼玉県
3879,296.8,11000,1,0,1,1,1,兵庫県
3880,133,16000,9,0,1,0,1,山形県
3881,129.8,57000,8,0,1,0,1,茨城県
3882,107.7,88000,9,0,1,1,1,鹿児島県
3883,135.4,12000,7,1,1,1,1,埼玉県
3884,145.1,28000,7,1,1,1,1,埼玉県
3885,105.5,68000,10,1,1,1,1,埼玉県
3886,92.9,73000,10,0,1,0,1,愛知県
3887,138.2,37000,10,0,1,1,1,埼玉県
3888,161.3,28000,5,1,1,1,1,埼玉県
3889,149,56000,8,0,1,1,1,新潟県
3890,154.2,58000,6,0,1,0,1,神奈川県
3891,122.6,72000,7,1,1,1,1,大阪府
3892,285,20000,2,0,1,1,1,愛媛県
3893,132,50000,7,1,1,0,1,埼玉県
3894,80.8,123000,8,1,1,0,1,新潟県
3895,118.7,45000,10,0,1,0,1,新潟県
3896,89.9,56000,10,1,1,0,1,埼玉県
3897,126.3,52000,7,1,1,0,1,埼玉県
3898,118,52000,8,0,0,0,1,新潟県
3899,104.9,43000,11,0,1,0,1,東京都
3900,119.5,69000,11,0,1,1,1,高知県
3901,259.8,35000,3,0,1,1,1,福岡県
3902,145.9,40000,8,0,1,1,1,山口県
3903,118.1,47000,9,0,1,0,1,広島県
3904,144.9,41000,9,0,1,1,1,岐阜県
3905,143,12000,10,0,1,1,1,山口県
3906,119.8,73000,9,0,1,0,1,福岡県
3907,93.9,60000,9,1,1,0,1,愛知県
3908,99.8,32000,11,0,1,0,1,兵庫県
3909,111.4,58000,10,1,1,1,1,埼玉県
3910,114.6,55000,9,0,1,0,1,神奈川県
3911,269,34000,3,0,1,1,1,愛知県
3912,117.4,41000,9,0,1,0,1,神奈川県
3913,146.7,39000,5,0,1,0,1,埼玉県
3914,89.8,74000,11,1,0,0,1,青森県
3915,235,7000,3,1,1,1,1,静岡県
3916,179.6,34000,8,0,1,0,1,北海道
3917,168.6,62000,6,0,1,1,1,兵庫県
3918,97.9,81000,10,0,1,0,1,山口県
3919,77.8,67000,11,1,0,0,1,千葉県
3920,155.9,38000,8,0,1,1,1,埼玉県
3921,124.9,63000,10,0,1,1,1,埼玉県
3922,99.5,96000,11,0,1,1,1,千葉県
3923,127.4,45000,8,0,0,0,1,新潟県
3924,173.3,46000,5,0,1,0,1,茨城県
3925,252.3,8,1,0,1,1,1,奈良県
3926,184.9,55000,8,0,1,1,1,秋田県
3927,52.7,88000,11,0,1,0,1,大阪府
3928,126,70000,8,0,1,0,1,愛知県
3929,149.8,66000,8,0,1,1,1,熊本県
3930,110,58000,10,1,1,1,1,大阪府
3931,258.1,59000,3,0,1,1,1,岐阜県
3932,121.6,84000,9,0,1,1,1,埼玉県
3933,142.8,86000,7,0,1,0,1,岩手県
3934,179.6,31000,5,0,1,0,1,埼玉県
3935,289.5,18000,2,0,1,1,1,福岡県
3936,168.7,18000,6,0,1,0,1,埼玉県
3937,82.5,39000,12,0,1,0,1,神奈川県
3938,122.7,95000,8,0,1,1,1,千葉県
3939,265,16000,2,1,1,1,1,兵庫県
3940,229.5,26000,4,0,1,0,0,広島県
3941,92,85000,10,0,0,0,1,大阪府
3942,64.8,96000,10,1,1,0,1,大阪府
3943,269.7,21000,4,0,1,1,1,福岡県
3944,273,12000,2,0,1,1,1,福島県
3945,109.6,47000,11,0,1,0,1,神奈川県
3946,274,43000,4,0,1,1,1,愛知県
3947,119.8,30000,10,0,1,0,1,新潟県
3948,252.2,13,1,0,1,1,1,奈良県
3949,273,20000,4,0,1,1,1,大阪府
3950,95,91000,11,0,1,0,1,北海道
3951,158,59000,8,0,1,0,1,岡山県
3952,276.9,25000,2,0,1,1,1,兵庫県
3953,100,47000,9,1,1,0,1,大阪府
3954,135.9,35000,11,0,1,1,1,神奈川県
3955,194.1,33000,4,0,1,0,1,広島県
3956,164.8,29000,5,0,1,0,1,埼玉県
3957,289.7,11000,3,0,0,1,1,大阪府
3958,245.2,14000,4,0,1,0,1,埼玉県
3959,181.3,49000,7,0,1,1,1,埼玉県
3960,198.2,22000,6,0,1,1,1,埼玉県
3961,110,64000,10,0,1,0,1,福島県
3962,116.6,70000,11,0,1,0,1,愛媛県
3963,135.7,34000,9,0,1,0,1,北海道
3964,172.2,33000,7,0,1,0,1,千葉県
3965,287.8,43000,4,0,1,1,1,三重県
3966,142.3,44000,7,1,1,0,1,埼玉県
3967,160.4,8000,8,0,1,0,1,神奈川県
3968,99.9,93000,9,0,1,0,1,広島県
3969,249,18000,3,1,1,1,1,京都府
3970,184.9,15000,6,0,1,0,1,埼玉県
3971,189.3,47000,6,0,1,0,1,広島県
3972,173.2,34000,7,0,1,0,1,愛知県
3973,257.7,10,1,0,1,1,1,広島県
3974,193,62000,5,0,1,1,1,福岡県
3975,146.3,41000,6,1,1,0,1,埼玉県
3976,187.6,29000,7,0,1,1,1,大阪府
3977,279.8,17000,3,0,1,1,1,兵庫県
3978,286.5,26000,3,0,1,1,1,広島県
3979,149,79000,5,0,1,0,1,大阪府
3980,180.5,11000,5,0,1,0,1,埼玉県
3981,183,59000,6,0,1,1,1,広島県
3982,133.8,55000,10,0,1,0,1,大阪府
3983,176.3,58000,6,0,1,0,1,鹿児島県
3984,278,26000,3,0,1,1,1,広島県
3985,82.5,52000,11,0,1,0,1,神奈川県
3986,292.8,32000,3,0,1,1,1,長野県
3987,275.8,9000,2,0,1,0,1,新潟県
3988,123.6,55000,10,0,1,0,1,愛知県
3989,131.7,7000,10,0,1,0,1,埼玉県
3990,94.5,115000,10,0,1,1,1,千葉県
3991,168.3,33000,8,0,1,0,1,愛知県
3992,69.3,103000,11,0,1,0,1,新潟県
3993,193,42000,7,0,1,1,1,茨城県
3994,249.8,36000,4,0,1,1,1,新潟県
3995,286.9,42000,3,0,1,1,1,福島県
3996,264.8,27000,3,0,1,1,1,山口県
3997,285,6000,1,1,1,1,1,兵庫県
3998,276.1,31000,4,0,1,1,1,千葉県
3999,349.8,4,0,0,1,1,1,三重県
4000,245,48000,2,1,1,1,1,茨城県
4001,129.8,66000,8,1,1,1,1,埼玉県
4002,197,19000,5,0,1,0,1,岐阜県
4003,129.2,48000,11,0,1,1,1,愛知県
4004,158.2,51000,8,0,1,1,1,千葉県
4005,324,10000,4,0,1,1,1,秋田県
4006,336.8,10,0,0,1,1,1,福岡県
4007,336.8,10,0,0,1,1,1,福岡県
4008,336.8,10,0,0,1,1,1,福岡県
4009,159.6,45000,8,1,1,1,1,大阪府
4010,275.7,45000,4,0,1,1,1,広島県
4011,178.9,29000,8,0,1,0,1,兵庫県
4012,200.5,18000,5,0,1,0,1,埼玉県
4013,292.9,40000,3,0,1,1,1,広島県
4014,313,19000,2,0,1,1,1,北海道
4015,296.8,11000,1,0,1,1,1,兵庫県
4016,128.1,49000,11,0,1,0,1,愛知県
4017,78.3,49000,13,0,1,0,1,千葉県
4018,144.8,50000,11,0,1,1,1,神奈川県
4019,69.8,59000,13,0,1,0,1,神奈川県
4020,282.8,35000,4,0,1,1,1,奈良県
4021,157.1,68000,8,1,1,1,1,長崎県
4022,296.3,22000,3,0,1,1,1,広島県
4023,159.9,44000,8,0,0,0,0,山口県
4024,268.1,55000,3,0,1,1,1,岡山県
4025,282.3,49000,3,0,1,1,1,広島県
4026,287.7,21000,3,0,1,1,1,千葉県
4027,306.6,4000,3,0,1,1,1,愛知県
4028,128.8,80000,9,0,0,0,0,岡山県
4029,155,80000,9,0,1,1,1,茨城県
4030,169,44000,8,0,1,0,1,京都府
4031,149.8,35000,10,0,1,1,1,茨城県
4032,68.4,91000,11,1,1,0,1,埼玉県
4033,205,26000,6,0,1,1,0,千葉県
4034,339.1,10,0,0,1,1,1,福岡県
4035,114.9,54000,11,0,1,0,1,神奈川県
4036,264.7,28,2,0,1,1,1,埼玉県
4037,273.6,60000,3,0,1,1,1,大分県
4038,341.3,10,0,0,1,1,1,福岡県
4039,189.8,71000,5,0,1,1,1,福岡県
4040,169.9,53000,7,0,1,0,1,群馬県
4041,151.4,38000,9,0,1,0,1,静岡県
4042,267.3,27000,3,0,1,0,1,千葉県
4043,189,47000,7,0,1,0,1,滋賀県
4044,196,42000,5,0,0,0,1,兵庫県
4045,343.5,10,0,0,1,1,1,福岡県
4046,138,72000,11,0,1,1,1,石川県
4047,318.7,37,1,0,1,1,1,千葉県
4048,149.8,48000,9,0,1,0,1,兵庫県
4049,179.5,44000,8,0,1,0,0,広島県
4050,296.3,20000,3,0,1,1,1,広島県
4051,117.6,88000,11,0,1,1,1,大阪府
4052,80.5,38000,13,0,0,0,1,神奈川県
4053,334.3,14000,3,0,1,1,1,北海道
4054,138.2,40000,9,1,1,1,1,埼玉県
4055,160.1,48000,9,0,1,1,1,埼玉県
4056,181.3,30000,6,0,1,0,1,千葉県
4057,309.8,23000,2,0,1,1,1,茨城県
4058,193,88000,4,0,0,1,1,大阪府
4059,159.5,65000,8,0,1,0,1,広島県
4060,288,4000,1,1,1,1,1,兵庫県
4061,173,31000,9,0,1,1,1,大阪府
4062,204.7,61000,6,0,1,1,1,大分県
4063,172.3,26000,7,0,1,0,1,千葉県
4064,176.9,53000,7,0,1,0,1,埼玉県
4065,130,19000,10,1,1,0,0,神奈川県
4066,349.8,11,1,0,1,1,1,三重県
4067,185,7000,6,0,0,0,0,大阪府
4068,198.6,50000,4,0,1,0,1,茨城県
4069,170,68000,8,0,1,1,1,鹿児島県
4070,104.9,88000,10,0,1,0,1,長野県
4071,316.1,16000,1,0,1,1,1,新潟県
4072,170,49000,5,1,0,1,1,京都府
4073,209,29000,5,0,1,0,1,福岡県
4074,265.7,11000,4,0,1,1,1,埼玉県
4075,159.8,45000,9,0,1,0,1,大阪府
4076,208.2,46000,6,0,1,0,1,群馬県
4077,99.8,130000,10,0,1,1,1,滋賀県
4078,148.8,36000,10,0,1,0,1,群馬県
4079,232,17000,7,0,1,0,1,埼玉県
4080,282.2,35000,4,0,1,1,1,埼玉県
4081,169,44000,9,0,1,1,1,大阪府
4082,328.4,22000,3,0,1,1,1,福島県
4083,299.3,30000,3,0,1,1,1,茨城県
4084,189.7,28000,7,0,0,0,1,千葉県
4085,206.9,57000,6,0,1,1,1,大分県
4086,299.9,18000,3,0,1,1,1,新潟県
4087,269,18000,3,0,1,0,1,石川県
4088,312.8,15000,3,0,1,1,1,奈良県
4089,298.8,19000,3,0,1,1,1,広島県
4090,312.9,16000,4,0,1,1,1,東京都
4091,169.8,17000,9,0,1,1,1,茨城県
4092,189.9,41000,7,0,1,0,1,宮城県
4093,149,94000,8,0,1,1,1,茨城県
4094,97.8,69000,11,0,1,0,1,埼玉県
4095,335.8,10,0,0,1,1,1,福岡県
4096,302.8,24000,3,0,1,1,1,奈良県
4097,343.9,6,1,0,1,1,1,奈良県
4098,258.4,16000,4,0,1,0,1,埼玉県
4099,158.9,88000,5,0,1,0,1,大阪府
4100,187,62000,7,0,0,1,1,奈良県
4101,339.1,10,0,0,1,1,1,福岡県
4102,205.6,19000,5,0,1,0,1,千葉県
4103,235,9000,1,1,1,0,1,埼玉県
4104,199.5,66000,7,0,1,1,1,広島県
4105,198,50000,6,0,1,0,1,宮崎県
4106,299.8,14000,4,0,1,1,1,茨城県
4107,135.8,74000,10,0,1,1,1,大阪府
4108,298.9,39000,3,0,1,1,1,広島県
4109,184.7,63000,7,0,1,0,1,愛知県
4110,159.8,44000,9,0,1,0,0,茨城県
4111,170.2,40000,10,0,1,1,1,広島県
4112,148.9,51000,10,0,1,1,1,神奈川県
4113,184,57000,8,0,1,1,1,大阪府
4114,212.5,26000,8,0,1,1,1,福岡県
4115,125.3,77000,9,0,1,0,1,愛知県
4116,365,5,1,0,1,1,1,滋賀県
4117,123,40000,11,1,1,0,1,鹿児島県
4118,298.5,35000,4,0,1,1,1,埼玉県
4119,289.7,48000,4,0,0,1,1,愛知県
4120,307,8000,4,0,1,1,1,山口県
4121,105,15000,11,0,1,0,1,茨城県
4122,332.8,11000,2,0,1,1,1,千葉県
4123,129.3,75000,11,0,1,0,1,広島県
4124,159.5,65000,11,0,1,0,1,北海道
4125,107.4,130000,10,0,1,1,1,茨城県
4126,107.5,76000,10,1,1,0,1,広島県
4127,307.5,29000,4,0,1,1,1,茨城県
4128,138,66000,10,0,1,0,1,埼玉県
4129,307.5,26000,4,0,1,1,1,茨城県
4130,189.9,42000,7,0,0,0,0,山口県
4131,170.7,47000,9,0,1,0,1,奈良県
4132,179.3,30000,11,0,1,1,1,山口県
4133,349.9,8000,2,0,0,1,1,山口県
4134,292.9,46000,3,0,1,1,1,広島県
4135,212.2,40000,6,0,1,0,1,埼玉県
4136,207.8,41000,6,0,1,0,1,新潟県
4137,115,59000,10,1,0,0,1,佐賀県
4138,315.2,45000,3,0,1,1,1,福島県
4139,157.9,26000,10,0,1,0,1,兵庫県
4140,208.9,40000,6,1,1,1,1,熊本県
4141,114.8,100000,10,0,1,0,1,大阪府
4142,183.6,15000,10,0,1,0,1,愛知県
4143,222.3,51000,8,0,1,1,1,埼玉県
4144,159.9,70000,9,0,1,0,0,広島県
4145,154.4,71000,10,0,1,0,1,愛知県
4146,198.4,57000,7,0,1,1,1,茨城県
4147,113,121000,10,0,1,0,1,千葉県
4148,208.6,15000,8,0,1,0,1,大阪府
4149,187.5,32000,10,0,1,0,1,愛知県
4150,398.1,8,1,0,1,1,1,滋賀県
4151,383,19000,3,0,1,1,1,北海道
4152,129,115000,8,1,0,1,1,兵庫県
4153,138,32000,13,0,1,0,1,福岡県
4154,168,79000,11,0,1,0,1,北海道
4155,137.8,45000,11,0,1,0,1,愛知県
4156,136.9,29000,13,0,1,0,1,愛知県
4157,109.8,58000,9,0,1,1,1,佐賀県
4158,189,11000,3,1,0,1,1,兵庫県
4159,179,46000,4,0,1,1,1,千葉県
4160,89.2,52000,8,1,0,0,0,千葉県
4161,176.9,34000,9,0,1,0,1,東京都
4162,145,24000,7,0,1,0,1,愛知県
4163,98.9,67000,10,0,1,0,1,茨城県
4164,198.7,14000,3,0,1,0,1,千葉県
4165,147.8,61000,7,0,1,1,1,長崎県
4166,184.8,41000,10,1,1,1,1,新潟県
4167,194,21000,3,1,1,1,1,埼玉県
4168,199.9,15000,3,0,1,0,1,滋賀県
4169,106.1,60000,10,0,1,0,1,北海道
4170,129.8,45000,8,0,1,0,1,佐賀県
4171,211.6,20000,3,0,1,0,1,千葉県
4172,39.8,65000,22,0,0,0,1,埼玉県
4173,143.9,5000,13,0,1,0,1,愛知県
4174,97.6,47000,9,0,1,0,1,広島県
4175,156,54000,6,0,1,1,1,埼玉県
4176,89.1,72000,11,0,1,1,1,岐阜県
4177,94.8,69000,9,0,1,0,1,千葉県
4178,46.7,51000,20,0,1,0,1,大阪府
4179,39.8,67000,16,0,1,0,1,新潟県
4180,89.8,74000,10,0,1,0,1,福岡県
4181,115,43000,8,0,1,0,1,埼玉県
4182,281.4,552,2,0,1,1,1,長野県
4183,94.8,61000,9,0,1,0,1,新潟県
4184,159.8,47000,4,0,1,1,1,静岡県
4185,179.6,40000,4,0,1,1,1,千葉県
4186,188,34000,4,1,1,1,1,東京都
4187,190,13000,5,0,1,0,1,山梨県
4188,135,63000,8,0,1,0,1,鹿児島県
4189,130,58000,8,0,1,1,1,埼玉県
4190,109.8,33000,9,0,1,0,1,山梨県
4191,140,73000,8,0,1,1,1,福岡県
4192,134.8,79000,6,0,1,0,1,青森県
4193,154.5,67000,7,0,1,1,1,埼玉県
4194,269.8,1000,2,1,1,1,1,岐阜県
4195,227.5,15000,4,0,1,0,1,福井県
4196,59.6,77000,11,0,1,0,1,鹿児島県
4197,109.8,47000,7,1,1,0,1,茨城県
4198,220.9,20000,4,0,1,0,1,山口県
4199,140.9,46000,9,0,1,0,1,長野県
4200,209.8,22000,3,1,1,1,1,岐阜県
4201,175.6,9000,5,0,1,0,1,静岡県
4202,99.8,79000,10,0,1,1,1,香川県
4203,87,94000,11,0,0,1,1,神奈川県
4204,147.4,81000,3,1,1,1,0,埼玉県
4205,46,78000,19,0,1,0,1,兵庫県
4206,141,71000,5,0,0,1,1,千葉県
4207,172,29000,8,0,1,1,1,新潟県
4208,134.3,40000,7,0,1,0,1,愛媛県
4209,119,28000,8,0,1,0,1,大阪府
4210,119.8,60000,11,0,1,1,1,兵庫県
4211,110.5,52000,11,0,1,1,1,埼玉県
4212,189.4,37000,6,0,1,0,1,北海道
4213,89.9,91000,10,0,1,1,1,大阪府
4214,123.5,53000,8,0,1,0,1,山形県
4215,215,29000,2,0,1,1,1,宮城県
4216,107.5,28000,8,1,1,0,1,兵庫県
4217,127,41000,7,1,1,0,1,群馬県
4218,145.3,34000,7,0,1,0,1,和歌山県
4219,98.9,40000,10,0,1,0,1,埼玉県
4220,247.1,20000,4,0,1,1,1,徳島県
4221,135,51000,8,0,1,0,1,埼玉県
4222,196.5,27000,4,0,1,1,1,和歌山県
4223,207.8,17000,4,1,1,1,1,岐阜県
4224,159.9,81000,3,1,0,1,1,山梨県
4225,110.6,66000,9,0,1,0,1,福井県
4226,133.5,59000,8,0,1,0,1,山口県
4227,39,88000,14,0,0,0,0,茨城県
4228,236.5,36000,2,0,1,1,1,香川県
4229,90.5,97000,9,0,1,0,1,愛知県
4230,160,48000,6,0,1,0,1,滋賀県
4231,144.5,30000,5,1,1,0,0,千葉県
4232,239.7,8000,2,1,1,1,1,東京都
4233,135.5,64000,7,0,1,0,1,千葉県
4234,163.1,68000,5,0,1,1,1,静岡県
4235,209.8,12000,3,1,1,1,1,岐阜県
4236,80,105000,10,0,1,1,1,愛知県
4237,149.9,38000,7,0,1,0,1,新潟県
4238,237.9,7,1,0,1,1,1,石川県
4239,89.9,78000,11,0,1,0,1,愛知県
4240,149.8,43000,6,0,1,0,1,福岡県
4241,189.8,69000,4,0,1,0,1,青森県
4242,123,83000,10,0,1,1,1,熊本県
4243,236,8000,3,0,1,0,1,埼玉県
4244,95.2,85000,10,0,1,1,1,岐阜県
4245,148.3,49000,7,0,1,0,1,秋田県
4246,123,56000,9,0,1,0,1,兵庫県
4247,84.2,109000,8,0,1,0,1,和歌山県
4248,107.8,74000,8,1,1,1,1,愛知県
4249,55.6,51000,13,0,1,0,1,千葉県
4250,205.8,38000,3,1,1,1,1,愛知県
4251,292.9,10000,1,0,1,1,1,愛知県
4252,100,74000,10,0,1,0,1,福岡県
4253,169.8,48000,8,0,1,0,1,茨城県
4254,180.8,32000,6,0,1,1,1,静岡県
4255,249.5,32000,4,0,1,1,0,宮城県
4256,199.9,45000,3,0,1,0,0,埼玉県
4257,109.9,36000,10,1,1,0,1,秋田県
4258,109.4,37000,10,0,1,0,1,栃木県
4259,255.9,5000,4,1,0,1,0,新潟県
4260,119.8,72000,8,0,1,0,1,滋賀県
4261,278,17000,2,0,1,1,1,福岡県
4262,235,72000,2,0,1,1,1,東京都
4263,261.3,5000,2,1,1,1,1,兵庫県
4264,269.6,4000,1,1,1,1,1,埼玉県
4265,39,90000,18,0,0,0,1,宮城県
4266,252.5,24000,3,0,1,1,1,和歌山県
4267,62.9,100000,13,0,1,0,1,福島県
4268,153.8,31000,5,1,1,0,1,岐阜県
4269,278.9,26000,3,0,1,1,1,青森県
4270,277.7,10000,1,0,1,1,1,埼玉県
4271,197.3,33000,5,0,1,0,1,北海道
4272,155.9,59000,5,0,0,0,0,長野県
4273,159.9,68000,7,0,1,1,1,長崎県
4274,65,66000,13,0,1,0,1,茨城県
4275,267.7,16000,4,0,1,1,1,福島県
4276,146.3,52000,7,0,1,0,1,和歌山県
4277,150,42000,7,0,1,0,1,埼玉県
4278,89.8,92000,10,0,1,1,1,宮城県
4279,160.8,53000,7,0,1,1,1,千葉県
4280,104.8,72000,10,0,1,0,1,愛媛県
4281,99.9,54000,10,0,1,0,1,埼玉県
4282,139.8,43000,8,0,1,0,1,愛媛県
4283,81.7,92000,10,0,1,0,1,大阪府
4284,78,126000,11,0,1,1,1,埼玉県
4285,126,68000,9,0,1,0,1,広島県
4286,289,17000,2,0,1,1,1,秋田県
4287,172.4,27000,7,0,1,1,1,千葉県
4288,119.5,78000,6,0,1,0,1,北海道
4289,60.8,65000,11,0,1,0,1,愛知県
4290,85.8,137000,9,0,1,1,1,愛知県
4291,258.8,6000,4,0,1,1,1,山形県
4292,107,45000,9,0,0,0,1,茨城県
4293,137.8,45000,7,0,1,0,1,山梨県
4294,268.9,2000,1,1,1,1,1,徳島県
4295,209.1,12000,2,1,1,0,1,兵庫県
4296,168,37000,7,0,1,0,1,長野県
4297,148.6,67000,7,0,1,0,1,徳島県
4298,38.9,51000,16,1,1,0,1,愛知県
4299,245.9,33000,2,1,0,1,0,富山県
4300,175,38000,5,0,1,0,1,愛知県
4301,139,83000,8,0,0,1,1,広島県
4302,129,45000,7,0,1,0,1,新潟県
4303,112.8,32000,10,0,0,0,1,千葉県
4304,76.1,124000,8,0,0,0,1,福岡県
4305,92.2,91000,10,0,1,0,1,茨城県
4306,130.5,73000,7,0,1,0,1,千葉県
4307,99.8,115000,8,0,1,1,1,茨城県
4308,125.8,19000,7,1,1,0,1,岐阜県
4309,285.4,29000,2,0,1,1,1,兵庫県
4310,88.8,70000,10,1,1,0,1,三重県
4311,126,61000,9,0,1,0,1,山口県
4312,116.8,69000,9,0,1,0,1,富山県
4313,232.9,10,1,0,1,1,1,富山県
4314,74.6,89000,11,0,0,0,1,埼玉県
4315,228.4,24000,3,1,1,1,1,兵庫県
4316,116.4,26000,10,0,1,0,1,兵庫県
4317,168.8,16000,6,0,1,0,1,新潟県
4318,88,83000,11,0,1,0,1,京都府
4319,100,98000,10,0,1,1,1,香川県
4320,107.8,125000,8,0,1,1,1,愛知県
4321,103.6,71000,8,1,1,0,1,福島県
4322,145,68000,8,0,1,0,1,奈良県
4323,137.5,32000,7,0,1,0,1,千葉県
4324,97.8,68000,10,0,1,0,1,兵庫県
4325,159.8,39000,7,0,1,0,1,奈良県
4326,109.6,107000,8,0,1,1,1,宮城県
4327,123.5,63000,9,0,1,0,1,鹿児島県
4328,39.8,105000,14,0,1,0,1,福岡県
4329,42,51000,19,0,1,0,1,静岡県
4330,249.7,14000,3,0,1,1,1,千葉県
4331,139.1,68000,5,0,1,0,1,静岡県
4332,215.9,6000,2,1,0,1,1,山梨県
4333,177.7,35000,5,0,1,0,1,長崎県
4334,69.8,61000,17,0,1,0,1,福岡県
4335,243.2,39000,2,0,1,1,1,香川県
4336,88.7,85000,11,0,1,0,1,兵庫県
4337,186.2,22000,5,0,1,0,1,京都府
4338,108,36000,10,1,1,0,1,東京都
4339,92.4,108000,11,0,1,1,1,北海道
4340,253,7,1,0,1,1,1,石川県
4341,232.3,35000,4,0,1,0,1,山口県
4342,94.1,83000,9,0,1,0,1,北海道
4343,45.6,65000,19,0,0,0,1,埼玉県
4344,158.3,20000,7,1,1,0,1,香川県
4345,86,69000,11,0,0,1,1,愛知県
4346,187.9,33000,7,0,1,1,1,東京都
4347,198.8,36000,6,0,1,1,1,広島県
4348,153.6,44000,7,1,1,1,1,埼玉県
4349,268.3,11000,3,0,1,1,1,埼玉県
4350,119.8,35000,11,0,1,0,1,香川県
4351,210.3,53000,3,0,1,1,1,大阪府
4352,253.6,7,1,0,1,1,1,富山県
4353,241.6,5,1,0,1,1,1,福井県
4354,198.2,21000,5,0,1,1,1,神奈川県
4355,142.5,67000,7,0,1,0,1,千葉県
4356,132,29000,9,0,1,1,1,群馬県
4357,45.9,58000,13,1,0,0,0,山梨県
4358,94,114000,8,0,1,0,1,宮城県
4359,45,115000,17,0,1,0,1,青森県
4360,93.9,102000,9,0,1,1,1,埼玉県
4361,118,63000,10,0,1,0,1,福島県
4362,279.8,4000,3,0,1,1,1,広島県
4363,170,40000,7,0,1,1,1,長崎県
4364,124,97000,8,0,1,1,1,香川県
4365,123.9,51000,9,0,1,0,1,愛知県
4366,235,27000,3,0,1,0,1,京都府
4367,132.1,64000,7,1,1,1,1,埼玉県
4368,185.7,14000,5,0,1,0,1,岩手県
4369,228.9,23000,3,0,1,0,1,東京都
4370,42.9,54000,17,0,0,0,1,新潟県
4371,251,17000,2,0,1,1,1,香川県
4372,113.2,64000,11,0,1,1,1,兵庫県
4373,251.4,9000,3,0,1,0,1,大阪府
4374,69.8,67000,13,0,1,0,1,香川県
4375,102,80000,10,0,0,0,1,福島県
4376,202.5,40000,5,0,1,1,1,兵庫県
4377,109.8,70000,9,0,1,0,1,岡山県
4378,56,53000,14,0,0,0,1,茨城県
4379,129.8,47000,9,1,1,1,1,茨城県
4380,177.6,57000,6,0,1,1,1,広島県
4381,157,63000,8,0,0,1,1,京都府
4382,179.6,51000,7,0,1,1,1,鹿児島県
4383,65,42000,13,1,1,0,1,東京都
4384,242,17000,3,0,1,0,1,千葉県
4385,295.6,10000,1,0,1,1,1,兵庫県
4386,348.8,5,0,0,1,1,1,長崎県
4387,112.8,59000,9,0,1,0,1,静岡県
4388,115,81000,9,0,1,1,1,大阪府
4389,89,92000,10,1,1,1,1,秋田県
4390,216.5,28000,4,0,1,1,1,大阪府
4391,100.8,94000,9,0,1,1,1,静岡県
4392,146.6,35000,8,0,1,0,1,高知県
4393,69,110000,11,0,0,0,1,広島県
4394,290.7,3000,3,0,1,1,1,千葉県
4395,108.9,47000,11,0,1,0,1,新潟県
4396,114.6,65000,10,0,1,0,1,大阪府
4397,115,103000,7,0,1,1,1,福岡県
4398,100.4,56000,11,0,1,0,1,愛知県
4399,177,49000,6,0,1,0,1,香川県
4400,147.5,49000,9,0,1,1,1,兵庫県
4401,64.2,47000,14,0,1,0,1,神奈川県
4402,269.5,2000,1,1,1,1,1,徳島県
4403,98,100000,9,0,1,1,1,栃木県
4404,312.2,5,0,0,1,1,1,石川県
4405,79.8,116000,10,0,0,0,1,北海道
4406,165,72000,6,0,1,1,1,栃木県
4407,94,72000,11,0,1,0,1,和歌山県
4408,158.3,44000,8,0,1,0,1,秋田県
4409,140.4,32000,10,0,1,1,1,富山県
4410,129.8,60000,10,0,1,0,1,愛媛県
4411,251.7,2000,2,0,1,0,1,三重県
4412,247.7,18000,3,0,1,0,1,群馬県
4413,108.8,99000,10,0,1,0,1,岩手県
4414,266,34000,4,0,1,1,1,千葉県
4415,138.6,52000,9,0,1,1,1,岐阜県
4416,132.5,61000,10,0,1,1,1,千葉県
4417,352,5,1,0,1,1,1,静岡県
4418,139.4,36000,10,0,1,1,1,徳島県
4419,127.6,65000,8,0,1,0,1,富山県
4420,232.2,4000,4,1,1,1,0,愛知県
4421,212.9,10000,3,1,0,1,0,石川県
4422,204.4,31000,4,0,1,0,1,長野県
4423,282.9,14000,2,1,1,1,1,沖縄県
4424,156.6,48000,8,0,1,1,1,大分県
4425,69.6,40000,13,0,1,0,1,大阪府
4426,143.7,83000,6,0,1,0,1,北海道
4427,100,91000,10,0,1,0,1,新潟県
4428,119.8,41000,11,0,1,0,1,香川県
4429,127.8,44000,7,1,1,0,1,愛知県
4430,39,78000,17,0,0,0,1,神奈川県
4431,124.6,31000,10,0,1,0,1,鹿児島県
4432,117.9,101000,8,0,1,1,1,長崎県
4433,116.6,49000,10,0,1,0,1,岐阜県
4434,99.8,69000,11,0,1,0,1,新潟県
4435,90,97000,9,1,1,1,1,茨城県
4436,173.7,41000,8,0,1,1,1,愛知県
4437,105.7,67000,10,0,1,0,1,福井県
4438,159.8,59000,4,1,1,1,1,愛知県
4439,262.7,8000,1,0,1,0,1,山形県
4440,95,48000,10,1,1,0,1,兵庫県
4441,248.8,27000,2,0,1,0,1,愛知県
4442,228,13000,3,0,0,0,1,兵庫県
4443,314.2,4,0,0,1,1,1,石川県
4444,314.2,5,0,0,1,1,1,石川県
4445,254,10000,2,1,1,1,1,栃木県
4446,117.3,89000,10,0,1,0,1,北海道
4447,262.7,16000,4,0,1,1,1,山形県
4448,135,79000,8,0,0,1,1,香川県
4449,275.6,30000,3,0,1,1,1,三重県
4450,108,75000,11,0,1,0,1,宮城県
4451,117.8,39000,11,0,1,0,1,静岡県
4452,198,58000,4,0,1,0,0,福岡県
4453,285,10000,1,0,1,1,1,愛知県
4454,334.2,5,0,0,1,1,1,石川県
4455,334.2,4,0,0,1,1,1,石川県
4456,336.4,1000,1,0,1,1,1,奈良県
4457,124.6,36000,9,0,1,0,1,愛知県
4458,231.6,21000,4,0,1,0,1,山形県
4459,100,73000,9,1,1,1,1,福岡県
4460,182.3,52000,8,0,1,0,1,長野県
4461,247.9,8,1,0,1,1,1,石川県
4462,160,68000,7,0,0,1,1,福岡県
4463,156.9,44000,5,0,1,0,1,大阪府
4464,108.9,61000,11,0,1,0,1,京都府
4465,198.8,53000,3,0,1,0,1,大阪府
4466,112.7,77000,6,1,0,0,0,埼玉県
4467,228.2,49000,3,0,1,0,1,東京都
4468,202.7,30000,5,0,1,0,1,宮城県
4469,58.4,65000,17,0,1,0,1,茨城県
4470,175.3,52000,7,0,1,1,1,京都府
4471,124.1,39000,9,0,1,0,1,愛知県
4472,192.5,34000,4,0,1,0,1,富山県
4473,152.6,48000,5,1,1,1,1,埼玉県
4474,156.1,53000,8,0,1,0,1,愛知県
4475,112.7,75000,9,0,0,0,0,埼玉県
4476,258.6,18000,3,0,1,1,1,静岡県
4477,248.1,5000,4,0,1,0,1,徳島県
4478,120,68000,9,0,0,1,1,愛知県
4479,162,38000,8,0,1,0,1,大阪府
4480,160.2,60000,7,0,1,0,1,京都府
4481,177.7,29000,6,0,1,0,1,東京都
4482,282.1,30000,3,0,1,1,1,福井県
4483,158.6,31000,7,0,1,0,1,広島県
4484,87.6,96000,10,0,1,0,1,宮城県
4485,289.8,22000,3,0,1,1,1,広島県
4486,286.8,27000,3,0,1,1,1,広島県
4487,248.8,10,1,0,1,1,1,富山県
4488,238.7,21000,3,0,1,0,1,広島県
4489,276.4,29000,3,0,1,1,1,石川県
4490,100,82000,9,0,1,0,1,岡山県
4491,211.1,41000,5,0,1,1,1,千葉県
4492,180.8,32000,7,0,1,1,1,静岡県
4493,137.3,57000,11,0,1,1,1,千葉県
4494,109.8,63000,10,0,1,0,1,神奈川県
4495,185.6,28000,7,0,1,1,1,滋賀県
4496,253,39000,3,0,1,1,1,千葉県
4497,99.8,102000,10,0,1,0,1,北海道
4498,338,60,1,0,1,1,1,香川県
4499,159.8,49000,9,0,1,1,1,奈良県
4500,211,3000,4,1,1,0,1,栃木県
4501,256.3,12000,3,1,1,1,1,兵庫県
4502,288.8,25000,3,0,1,1,1,京都府
4503,259,36000,3,0,0,1,1,埼玉県
4504,174.3,54000,7,0,1,0,1,愛媛県
4505,79.8,92000,11,0,1,0,1,静岡県
4506,186.9,67000,5,0,1,1,1,岐阜県
4507,74.5,118000,11,0,1,0,1,鹿児島県
4508,258.8,25000,2,1,1,1,1,岐阜県
4509,112.7,61000,10,0,0,0,0,埼玉県
4510,124.8,46000,11,0,1,0,1,奈良県
4511,219,26000,5,0,1,1,1,香川県
4512,126.9,86000,8,0,1,0,1,長野県
4513,269.3,32000,4,0,1,1,1,滋賀県
4514,87.9,78000,10,0,0,0,1,東京都
4515,177,78000,4,0,1,1,1,静岡県
4516,208.1,41000,5,0,1,1,1,兵庫県
4517,259.8,8000,3,0,1,1,1,愛知県
4518,301.2,11000,1,0,1,1,1,高知県
4519,55,52000,16,0,1,0,1,茨城県
4520,187.5,42000,5,0,1,0,1,北海道
4521,167.7,44000,7,0,1,0,1,宮城県
4522,124.6,37000,9,0,1,1,1,千葉県
4523,121.9,105000,8,0,1,1,1,福岡県
4524,263.7,16,1,0,1,0,1,静岡県
4525,158,61000,8,0,0,0,1,広島県
4526,37.9,99000,13,0,1,0,1,埼玉県
4527,199.8,34000,4,0,1,0,1,長崎県
4528,187.4,23000,6,0,1,0,1,愛媛県
4529,291.5,27000,3,0,1,1,1,茨城県
4530,70,87000,10,1,1,0,1,長崎県
4531,120.1,41000,10,0,1,0,1,愛知県
4532,171.7,58000,6,0,1,0,1,東京都
4533,119.7,27000,11,0,1,0,1,岩手県
4534,193.6,31000,5,0,1,0,1,滋賀県
4535,140.3,106000,6,0,1,1,1,福岡県
4536,100,55000,10,1,1,0,1,神奈川県
4537,269.1,32000,3,0,1,1,1,静岡県
4538,198.1,46000,7,0,1,0,1,長野県
4539,256.5,60000,3,0,1,1,1,青森県
4540,246.1,11000,3,0,1,0,1,群馬県
4541,56.5,134000,11,0,1,0,1,福岡県
4542,244.5,15,1,0,1,1,1,富山県
4543,240.9,16000,4,0,1,0,1,静岡県
4544,170.4,69000,7,0,1,1,1,東京都
4545,135.3,74000,5,1,1,0,1,新潟県
4546,209.8,11000,3,1,1,0,1,岐阜県
4547,93,70000,10,1,1,0,1,宮城県
4548,189,40000,6,0,1,0,1,山梨県
4549,105.8,96000,10,0,1,1,1,愛知県
4550,285,6000,4,0,1,1,1,埼玉県
4551,206.8,32000,6,0,1,1,1,大阪府
4552,178.8,28000,5,1,1,1,1,埼玉県
4553,156.8,50000,8,0,1,0,1,静岡県
4554,134.6,88000,7,0,1,0,1,広島県
4555,117.2,45000,9,0,1,0,1,新潟県
4556,142.2,91000,5,0,0,0,1,青森県
4557,152.9,76000,8,0,1,1,1,新潟県
4558,305.7,34000,4,0,1,1,1,北海道
4559,235.9,31000,4,1,1,1,1,埼玉県
4560,164.6,65000,8,0,1,1,1,茨城県
4561,128,27000,10,0,1,0,1,神奈川県
4562,159.2,44000,7,0,1,0,1,愛媛県
4563,218.4,7000,1,1,1,1,1,埼玉県
4564,454.2,5000,1,0,1,1,1,静岡県
4565,276.3,24000,3,0,1,1,1,兵庫県
4566,198.6,81000,4,0,1,0,1,山口県
4567,142.5,71000,7,0,1,0,1,千葉県
4568,116.6,113000,9,0,1,1,1,広島県
4569,179.8,78000,9,0,1,0,1,北海道
4570,99.8,58000,10,0,1,0,1,岡山県
4571,124.2,53000,10,0,1,1,1,兵庫県
4572,102.7,62000,11,0,1,1,1,愛知県
4573,81.2,66000,13,0,1,0,1,千葉県
4574,149.3,98000,6,0,1,0,1,長野県
4575,169.4,55000,7,0,1,0,1,熊本県
4576,52.5,82000,14,0,1,0,1,神奈川県
4577,48,92000,20,0,0,0,1,岩手県
4578,107,97000,10,0,1,1,1,栃木県
4579,89,104000,10,0,1,0,1,兵庫県
4580,190.6,31000,5,0,1,0,1,千葉県
4581,79,113000,9,1,0,1,1,神奈川県
4582,91,88000,11,0,1,1,1,埼玉県
4583,90.1,148000,9,0,1,1,1,神奈川県
4584,102,111000,7,0,1,0,1,三重県
4585,361.5,11,0,0,0,1,1,神奈川県
4586,263.6,11000,2,0,1,1,1,兵庫県
4587,237.8,23000,3,0,1,0,1,山口県
4588,269.5,29000,3,0,1,1,1,東京都
4589,290.3,15000,3,0,1,1,1,神奈川県
4590,295.9,30000,3,0,1,1,1,福岡県
4591,299.4,17000,3,0,1,1,1,福島県
4592,313.2,39000,3,0,1,1,1,香川県
4593,201.6,11000,4,0,1,0,1,山形県
4594,224.7,7000,4,0,1,0,1,山形県
4595,248.9,10000,4,0,1,1,1,東京都
4596,254.6,25000,4,0,1,0,1,徳島県
4597,277.5,5000,4,0,1,1,1,山形県
4598,281.4,18000,4,0,1,1,1,宮城県
4599,208.5,48000,5,0,1,1,1,山形県
4600,175,57000,6,1,1,1,1,福岡県
4601,189.8,19000,6,0,1,0,1,東京都
4602,196.8,54000,6,0,1,1,1,香川県
4603,145.7,48000,7,0,1,0,1,静岡県
4604,164.4,32000,7,0,1,1,0,大阪府
4605,115,125000,9,0,1,1,1,大阪府
4606,127.2,46000,9,0,0,0,1,滋賀県
4607,165.8,32000,9,0,1,1,1,東京都
4608,176.5,33000,9,0,1,1,1,東京都
4609,180.2,72000,9,0,1,1,1,福井県
4610,150,109000,10,1,1,1,1,福岡県
4611,108.6,58000,11,0,1,0,1,新潟県
4612,65,78000,12,0,1,0,1,岡山県
4613,143.2,41000,9,0,1,0,1,福島県
4614,115.8,33000,9,1,1,0,1,愛知県
4615,198.9,62000,6,0,1,0,1,石川県
4616,216.4,33000,5,0,1,0,1,北海道
4617,68,116000,9,1,1,0,1,福岡県
4618,110.6,68000,10,0,0,0,1,広島県
4619,111,54000,9,1,1,0,1,埼玉県
4620,204.2,9000,4,1,1,0,1,埼玉県
4621,288,34000,3,0,1,1,1,大分県
4622,229.2,72000,3,1,1,1,1,山口県
4623,304,20000,2,0,1,1,1,宮城県
4624,65.8,54000,14,0,0,0,1,千葉県
4625,156.6,83000,7,0,1,1,1,広島県
4626,257.4,28000,3,1,1,1,1,兵庫県
4627,284.4,36000,3,0,1,1,1,京都府
4628,276.2,50000,3,0,1,1,1,大分県
4629,309.9,23000,3,0,0,1,0,石川県
4630,263.6,23000,2,0,0,0,1,山口県
4631,95.8,76000,10,0,1,0,1,長崎県
4632,253.3,19000,4,0,1,1,1,長崎県
4633,283.1,34000,4,0,1,1,1,香川県
4634,159,22000,8,0,1,0,1,福岡県
4635,119.6,64000,10,0,1,0,1,山形県
4636,239.6,51000,3,0,0,0,1,埼玉県
4637,240,17000,3,1,0,1,1,愛知県
4638,224.8,39000,6,0,1,1,1,熊本県
4639,337.4,10,0,0,1,1,1,香川県
4640,320,5000,1,0,1,1,1,北海道
4641,264.2,57000,3,0,1,1,1,徳島県
4642,70,111000,10,1,1,0,1,香川県
4643,110,80000,11,0,1,0,1,熊本県
4644,106.4,70000,10,0,1,0,1,大阪府
4645,260.5,35000,3,0,1,1,1,長野県
4646,135,50000,10,0,1,0,1,広島県
4647,202.2,30000,5,0,1,0,1,愛媛県
4648,239.8,36000,3,0,1,0,1,神奈川県
4649,170,43000,8,0,1,1,1,千葉県
4650,109.8,95000,9,0,1,0,1,北海道
4651,238,27000,4,1,1,1,1,岡山県
4652,256.2,46000,4,0,1,1,1,埼玉県
4653,250,72000,3,0,1,1,1,青森県
4654,116,27000,10,0,1,0,0,埼玉県
4655,283.7,24000,4,0,0,1,0,栃木県
4656,79.8,106000,10,1,1,1,1,栃木県
4657,190.7,74000,4,0,1,1,1,青森県
4658,149,57000,10,0,1,1,1,徳島県
4659,180,40000,8,0,0,1,1,新潟県
4660,49,120000,16,0,1,0,1,鹿児島県
4661,252.2,38000,3,0,1,0,1,滋賀県
4662,292.8,33000,3,0,1,1,1,広島県
4663,276.4,57000,4,0,1,1,1,岩手県
4664,247.2,16000,2,1,0,1,1,千葉県
4665,284.7,33000,4,0,1,1,1,滋賀県
4666,138.4,65000,9,0,1,0,1,千葉県
4667,244.8,49000,4,0,1,0,1,広島県
4668,145.3,86000,6,0,1,1,1,福岡県
4669,209.6,11000,6,0,1,1,1,大阪府
4670,260.9,22000,4,0,1,1,1,静岡県
4671,127.7,65000,10,0,1,0,1,静岡県
4672,145.1,45000,8,0,0,0,1,群馬県
4673,159.6,67000,9,0,1,1,1,鹿児島県
4674,190,22000,6,0,1,0,1,滋賀県
4675,131.5,56000,10,0,0,0,1,広島県
4676,115.1,70000,11,0,1,0,1,千葉県
4677,209.8,13000,4,1,1,0,1,愛知県
4678,274.9,19000,3,0,1,1,1,京都府
4679,129.8,79000,9,0,0,1,1,千葉県
4680,62,62000,14,0,1,0,1,長野県
4681,245.9,34000,3,1,0,1,0,富山県
4682,134.5,44000,10,0,1,0,1,福島県
4683,133.8,89000,9,0,1,1,1,沖縄県
4684,149.6,52000,7,0,1,0,1,石川県
4685,145,59000,9,0,1,1,1,鹿児島県
4686,246.9,54000,4,0,1,1,1,宮城県
4687,237.7,22000,4,0,1,1,1,埼玉県
4688,190.5,11000,5,0,1,0,1,千葉県
4689,265.9,54000,3,0,0,1,0,山梨県
4690,93,80000,11,0,1,0,1,新潟県
4691,132.3,121000,6,0,1,1,1,福岡県
4692,208.7,35000,5,0,1,0,1,宮城県
4693,124.8,67000,10,0,1,0,1,神奈川県
4694,86.6,48000,14,0,1,0,1,長崎県
4695,118,84000,11,0,1,1,1,大分県
4696,164.6,55000,7,0,1,0,1,高知県
4697,75.1,85000,12,0,1,0,1,千葉県
4698,147.9,77000,8,0,1,1,1,高知県
4699,183,69000,4,0,1,1,1,兵庫県
4700,56,51000,18,0,1,0,1,大阪府
4701,79.8,107000,10,0,1,0,1,埼玉県
4702,99.8,100000,10,1,1,1,1,熊本県
4703,346.4,5,1,0,1,1,1,福岡県
4704,289,7000,3,0,1,1,1,福岡県
4705,173.1,54000,5,0,1,0,1,滋賀県
4706,187.6,38000,6,0,1,0,1,広島県
4707,100.2,92000,10,0,1,0,1,千葉県
4708,212.8,29000,5,0,1,1,1,東京都
4709,78,118000,9,1,0,1,1,埼玉県
4710,67.2,132000,10,0,1,0,1,埼玉県
4711,287.7,32000,3,0,1,1,1,千葉県
4712,168.1,61000,8,0,1,0,1,徳島県
4713,125.6,45000,9,0,0,0,1,群馬県
4714,137.5,79000,7,0,1,0,1,千葉県
4715,137.2,59000,9,0,1,0,1,広島県
4716,145.9,67000,10,0,1,0,1,石川県
4717,274.8,40000,4,0,1,1,1,愛媛県
4718,299.6,12000,2,0,1,1,1,静岡県
4719,168,72000,7,0,1,1,1,鹿児島県
4720,299.8,43000,2,0,1,1,1,熊本県
4721,305.6,16000,2,0,1,1,1,長野県
4722,166.8,25000,8,0,1,0,1,広島県
4723,234,8000,2,1,1,0,1,埼玉県
4724,197.4,31000,5,0,1,1,1,茨城県
4725,159.4,39000,8,1,1,1,1,徳島県
4726,209.8,28000,3,1,1,0,1,愛知県
4727,173.1,22000,8,0,1,0,1,愛知県
4728,187.8,65000,7,0,1,1,1,宮城県
4729,192,39000,7,0,1,1,1,香川県
4730,298.8,19000,3,0,1,1,1,広島県
4731,140,43000,7,1,0,1,1,兵庫県
4732,297.3,975,1,1,1,1,1,兵庫県
4733,217.9,23000,5,0,1,1,1,静岡県
4734,305,23000,3,0,1,1,1,香川県
4735,211.9,17000,6,0,1,0,1,埼玉県
4736,108,104000,10,0,1,1,1,岡山県
4737,294.8,10000,3,0,1,1,1,東京都
4738,262,18000,3,0,1,0,1,大分県
4739,160.8,62000,8,1,1,0,1,岩手県
4740,171.1,35000,8,0,1,0,1,千葉県
4741,227.9,51000,3,0,1,0,1,山口県
4742,247.9,37000,3,1,1,1,1,長崎県
4743,65.8,11000,15,0,1,0,1,兵庫県
4744,115.8,49000,10,0,1,0,1,愛知県
4745,128,77000,9,0,1,0,1,大分県
4746,304.8,24000,2,0,1,1,1,滋賀県
4747,249.8,44,1,0,1,0,1,埼玉県
4748,306.7,18000,3,0,1,1,1,熊本県
4749,301.1,26000,2,0,1,1,1,神奈川県
4750,93.5,91000,11,0,1,0,1,三重県
4751,128,62000,10,0,1,0,1,岡山県
4752,271.6,41000,4,0,1,1,1,茨城県
4753,289.1,32000,3,0,1,1,1,香川県
4754,148,97000,6,0,1,1,1,新潟県
4755,79.9,72000,11,1,1,0,1,埼玉県
4756,279,16000,3,0,1,1,1,静岡県
4757,140.6,64000,9,0,1,0,1,大阪府
4758,304.9,26000,4,0,1,1,1,沖縄県
4759,294.4,28000,3,0,1,1,1,富山県
4760,253.9,12000,4,0,1,0,1,大阪府
4761,248,83000,4,0,1,1,1,北海道
4762,133.8,74000,10,0,1,1,1,岡山県
4763,105.9,50000,11,1,1,0,1,静岡県
4764,91,98000,11,1,0,1,1,福島県
4765,87.9,34000,15,0,1,0,1,千葉県
4766,115.8,141000,8,0,1,0,1,秋田県
4767,55,38000,15,1,0,0,1,宮城県
4768,142.5,72000,7,0,1,0,1,千葉県
4769,159.8,46000,10,0,1,1,1,愛媛県
4770,339,17000,2,0,1,1,1,北海道
4771,132.8,83000,9,0,1,1,1,静岡県
4772,129.8,62000,11,0,1,1,1,広島県
4773,259.9,33000,4,0,0,1,0,石川県
4774,79.9,155000,11,0,1,1,1,福岡県
4775,284.4,27000,3,0,1,1,1,京都府
4776,339.4,10000,1,0,1,1,1,沖縄県
4777,257.1,31000,3,0,1,0,1,高知県
4778,138,56000,10,0,1,1,1,山梨県
4779,138,85000,7,0,1,0,1,和歌山県
4780,291.4,17000,4,0,1,1,1,広島県
4781,165,47000,5,1,1,0,1,兵庫県
4782,250.9,45000,4,0,1,1,1,石川県
4783,278.8,39000,3,0,1,1,1,宮城県
4784,294.3,11000,3,0,1,1,1,千葉県
4785,208.2,70000,6,0,1,1,1,千葉県
4786,118.7,63000,8,0,1,0,1,長崎県
4787,174.3,51000,8,0,1,0,1,千葉県
4788,140.7,71000,9,0,1,1,1,千葉県
4789,170.5,21000,9,0,1,0,1,千葉県
4790,144.9,41000,10,0,1,0,1,北海道
4791,158.8,39000,7,1,1,1,1,岐阜県
4792,253,3000,4,0,1,0,1,三重県
4793,269.4,16000,4,0,1,0,1,沖縄県
4794,129.8,55000,10,0,1,0,1,福岡県
4795,279,6000,3,0,1,1,1,長野県
4796,35,124000,20,0,1,0,1,北海道
4797,128.2,19000,10,0,0,0,1,山口県
4798,168.3,53000,8,0,1,0,1,沖縄県
4799,155.1,86000,8,0,1,1,1,広島県
4800,223,4000,3,1,1,0,1,埼玉県
4801,129.3,80000,9,0,1,0,1,滋賀県
4802,230.9,15000,3,0,0,0,1,東京都
4803,94,104000,10,0,0,1,1,福島県
4804,290.5,41000,3,0,1,1,1,茨城県
4805,215.4,59000,4,0,1,1,1,徳島県
4806,233.8,39000,4,0,1,0,1,山口県
4807,55,55000,17,0,0,0,1,神奈川県
4808,256.8,40000,4,0,1,0,1,大阪府
4809,125.9,52000,11,0,0,1,1,石川県
4810,278.5,42000,4,0,1,1,1,福井県
4811,127.9,86000,11,0,1,1,1,千葉県
4812,198.2,15000,5,0,1,0,1,京都府
4813,123.9,35000,10,0,1,0,1,佐賀県
4814,130,65000,10,0,1,0,1,三重県
4815,159,27000,8,0,1,0,1,愛知県
4816,339.8,103,1,0,0,1,1,栃木県
4817,291.1,25000,2,0,1,1,1,神奈川県
4818,300.4,7000,2,0,1,1,1,愛知県
4819,246,54000,3,0,1,0,1,沖縄県
4820,268.7,40000,3,0,1,1,1,長崎県
4821,283.8,5000,3,0,1,1,1,東京都
4822,288.6,22000,3,0,1,1,1,静岡県
4823,303.8,24000,3,0,1,1,1,石川県
4824,316.4,19000,3,0,1,0,1,静岡県
4825,227.8,73000,4,0,1,1,1,沖縄県
4826,266.4,8000,4,0,1,0,1,沖縄県
4827,179,30000,5,0,1,0,1,静岡県
4828,186.9,76000,5,0,1,1,1,静岡県
4829,159.3,49000,6,1,1,0,1,栃木県
4830,194.8,18000,6,0,1,0,1,沖縄県
4831,152.9,75000,7,0,1,0,1,山口県
4832,169.6,3000,7,0,1,0,1,鹿児島県
4833,177.7,72000,7,0,1,1,1,静岡県
4834,89.8,137000,8,0,0,0,1,富山県
4835,96.8,94000,8,0,0,0,1,長野県
4836,118,100000,8,0,1,1,1,宮崎県
4837,109.8,56000,9,0,1,0,1,宮城県
4838,159.8,65000,9,0,1,1,1,東京都
4839,117.4,87000,10,0,1,0,1,新潟県
4840,99,104000,11,0,1,1,1,石川県
4841,234.9,42000,4,1,0,1,0,山梨県
4842,270.3,23000,3,0,1,0,1,千葉県
4843,260.8,27000,4,0,1,0,1,福井県
4844,142,31000,10,0,1,0,1,千葉県
4845,85.9,92000,10,0,1,0,1,福岡県
4846,222.8,18000,5,0,1,1,1,東京都
4847,183.8,27000,6,0,1,0,1,沖縄県
4848,281.9,51000,4,0,1,1,1,長崎県
4849,317.3,3000,2,0,1,1,1,茨城県
4850,279.8,28000,3,0,1,1,1,宮城県
4851,181.1,46000,7,0,1,0,1,千葉県
4852,117.3,83000,9,0,1,0,1,新潟県
4853,73.5,62000,14,0,1,0,1,神奈川県
4854,357.4,3000,1,0,0,1,1,千葉県
4855,287.4,35000,3,0,1,1,1,千葉県
4856,98.8,86000,10,1,1,1,1,静岡県
4857,198.8,47000,5,0,1,0,1,兵庫県
4858,78,159000,11,0,0,1,1,神奈川県
4859,300,30000,2,0,1,1,1,熊本県
4860,69.1,126000,11,0,1,0,1,富山県
4861,194.7,40000,8,0,1,1,1,京都府
4862,118,76000,10,0,1,0,1,山口県
4863,130.5,75000,10,0,1,1,1,宮城県
4864,309.1,19000,3,0,1,1,1,千葉県
4865,169,65000,9,0,1,1,1,熊本県
4866,157.2,42000,5,1,1,0,1,埼玉県
4867,284.7,34000,3,0,1,1,1,広島県
4868,225.9,37000,5,0,1,1,1,静岡県
4869,174.1,49000,6,1,1,1,1,兵庫県
4870,367.6,11,1,0,0,1,1,東京都
4871,367.6,11,1,0,0,1,1,東京都
4872,258.7,36000,4,0,1,0,1,千葉県
4873,309.5,25000,3,0,1,1,1,長崎県
4874,187.6,47000,6,0,1,0,1,広島県
4875,120,75000,11,0,1,1,0,宮崎県
4876,309.6,12000,2,0,0,1,1,香川県
4877,156.2,77000,7,0,1,0,1,鹿児島県
4878,38.5,95000,20,0,0,0,1,栃木県
4879,137,70000,9,1,1,0,1,北海道
4880,256.1,18000,3,0,1,1,1,鹿児島県
4881,218,44000,5,0,1,1,1,鹿児島県
4882,130.9,129000,7,0,1,0,1,山口県
4883,107.9,115000,9,0,1,0,1,北海道
4884,286,36000,4,0,1,1,1,東京都
4885,160,39000,9,0,1,1,1,愛知県
4886,154.9,47000,7,1,1,1,1,埼玉県
4887,138.6,38000,10,0,1,0,1,広島県
4888,283.4,47000,3,0,1,1,0,山形県
4889,162,12000,10,0,1,0,0,青森県
4890,217.6,30000,5,0,1,0,1,東京都
4891,298,41000,4,0,1,1,1,北海道
4892,80.7,108000,11,0,1,0,1,山形県
4893,120,82000,10,0,1,0,1,山口県
4894,69.7,82000,12,1,1,0,1,北海道
4895,118,39000,11,0,1,0,1,山形県
4896,178.1,20000,7,0,1,0,1,香川県
4897,139.8,71000,8,0,1,1,1,愛知県
4898,105,100000,11,0,1,1,1,茨城県
4899,101.3,98000,10,0,1,0,1,大分県
4900,357,2,1,0,1,1,1,千葉県
4901,190,41000,7,0,1,1,1,鹿児島県
4902,190,55000,8,0,1,1,1,石川県
4903,237.9,96000,4,0,1,1,1,鳥取県
4904,189.8,26000,7,0,1,0,1,岡山県
4905,281.3,6000,2,0,1,1,1,静岡県
4906,275,15000,2,0,1,1,1,和歌山県
4907,350.1,4,1,0,1,1,1,長崎県
4908,279.8,47000,4,0,1,1,1,兵庫県
4909,274.2,70,1,0,0,0,1,新潟県
4910,200,33000,7,0,1,1,1,群馬県
4911,244.1,21000,5,0,1,0,1,埼玉県
4912,299.8,22000,3,0,1,1,1,石川県
4913,145.1,57000,9,0,1,0,1,大阪府
4914,316.6,11000,2,0,1,1,1,愛媛県
4915,239.5,5000,4,0,1,1,1,富山県
4916,164,52000,10,0,0,1,1,福岡県
4917,149,60000,9,0,1,1,1,石川県
4918,139.2,42000,10,0,1,1,1,神奈川県
4919,115.9,89000,10,1,1,1,1,愛媛県
4920,278.7,50000,4,0,1,1,1,千葉県
4921,74.8,60000,14,0,1,0,1,東京都
4922,177.1,700,7,1,1,0,0,千葉県
4923,184.6,53000,7,0,1,1,1,静岡県
4924,120,41000,11,0,1,0,1,千葉県
4925,124.8,75000,9,0,1,0,1,神奈川県
4926,199.8,53000,4,0,1,0,1,山口県
4927,187.7,33000,8,0,1,0,1,広島県
4928,25,186000,22,1,0,0,1,熊本県
4929,137,76000,8,0,1,0,1,香川県
4930,171.6,64000,7,0,1,1,1,兵庫県
4931,297.8,12000,3,0,1,1,1,富山県
4932,178.6,15000,5,0,1,0,1,千葉県
4933,260.6,6000,3,0,1,0,1,富山県
4934,167.8,61000,10,0,1,1,1,宮城県
4935,69,111000,10,0,0,0,1,大分県
4936,172.5,31000,9,0,1,1,1,千葉県
4937,221.9,28000,6,0,1,1,1,埼玉県
4938,138.9,62000,10,0,1,0,1,新潟県
4939,127.2,107000,6,1,1,1,1,福岡県
4940,63.3,57000,11,1,0,0,1,埼玉県
4941,285.9,34000,4,0,1,1,1,東京都
4942,83,128000,10,0,0,1,1,新潟県
4943,239.3,58000,3,0,1,1,1,和歌山県
4944,70,58000,16,0,0,0,1,長野県
4945,298,29000,3,0,0,1,1,香川県
4946,155,51000,6,1,1,0,1,兵庫県
4947,299.8,14000,3,0,1,1,1,石川県
4948,221.8,57000,3,0,1,0,1,香川県
4949,140.6,44000,11,0,1,1,1,広島県
4950,137.5,86000,8,0,1,0,1,北海道
4951,243.3,29000,4,0,1,0,1,愛知県
4952,135.9,60000,9,0,0,0,0,富山県
4953,158.1,101000,5,0,1,1,1,千葉県
4954,130.6,70000,11,0,1,1,1,大阪府
4955,308.9,21000,3,0,1,1,1,千葉県
4956,108,106000,11,0,1,0,1,青森県
4957,295,26000,3,0,1,1,1,岡山県
4958,88,61000,13,0,1,0,1,新潟県
4959,185.1,73000,5,0,1,1,1,新潟県
4960,243.3,50000,4,0,1,0,1,千葉県
4961,165,60000,9,0,1,1,1,鹿児島県
4962,89.8,99000,11,1,1,1,0,宮城県
4963,160.5,52000,10,0,1,1,1,広島県
4964,292,38000,3,0,1,1,0,熊本県
4965,279.8,33000,4,0,1,1,1,山口県
4966,322.7,9000,1,0,1,1,1,福岡県
4967,178.9,34000,7,0,1,0,1,福岡県
4968,256.6,76000,4,0,1,1,1,千葉県
4969,294.5,28000,3,0,1,1,1,福島県
4970,362,3,1,0,1,1,1,千葉県
4971,139.9,52000,10,0,1,0,1,静岡県
4972,125.6,91000,10,0,1,0,0,福島県
4973,120.1,36000,11,0,1,0,1,石川県
4974,177.8,51000,7,0,1,1,1,富山県
4975,125.8,73000,10,0,1,1,1,千葉県
4976,268,29000,4,0,1,0,1,愛知県
4977,187.9,49000,6,0,1,0,1,三重県
4978,152.5,75000,10,0,1,1,1,香川県
4979,108,96000,10,0,1,0,1,高知県
4980,295,36000,4,0,1,1,0,熊本県
4981,199,27000,4,1,1,0,1,石川県
4982,295,31000,4,0,1,1,1,鹿児島県
4983,185.2,37000,7,0,1,0,1,神奈川県
4984,205.9,43000,6,0,1,0,1,青森県
4985,249.8,42000,4,0,1,0,1,愛媛県
4986,185.8,51000,6,0,1,0,1,茨城県
4987,163.1,60000,8,0,1,0,1,千葉県
4988,172.1,49000,7,0,1,0,1,香川県
4989,122,94000,11,0,1,0,1,岩手県
4990,80.5,135000,11,0,1,1,1,千葉県
4991,129.5,92000,11,0,1,1,1,茨城県
4992,115.8,105000,10,0,1,1,1,福岡県
4993,88.6,100000,11,0,0,1,1,富山県
4994,185,33000,7,0,0,1,0,福島県
4995,320.8,22000,3,0,1,1,1,山形県
4996,184.6,54000,5,0,1,0,1,広島県
4997,265.6,32000,3,0,1,0,1,石川県
4998,38,114000,16,0,1,0,1,千葉県
4999,227.8,20000,4,0,1,0,1,鹿児島県
5000,233,22000,5,0,1,1,1,東京都
5001,204.8,14000,6,0,0,0,0,山形県
5002,151.1,36000,9,1,1,1,1,兵庫県
5003,200.6,25000,5,0,1,0,0,埼玉県
5004,244.1,50000,4,0,1,0,1,愛知県
5005,202.8,25000,8,0,1,1,1,東京都
5006,186,64000,6,0,1,1,1,愛知県
5007,76.6,110000,11,0,1,0,1,石川県
5008,284.6,57000,3,0,1,1,1,香川県
5009,98.7,120000,9,0,1,1,1,京都府
5010,214.5,39000,7,0,1,1,1,静岡県
5011,116.3,107000,10,0,1,1,1,福岡県
5012,185,66000,4,0,1,0,1,神奈川県
5013,299.2,28000,3,0,1,1,1,栃木県
5014,299.8,22000,3,0,1,1,1,石川県
5015,279.8,50000,3,0,1,1,1,石川県
5016,125,84000,9,0,1,0,1,愛知県
5017,221.8,27000,7,0,1,1,1,千葉県
5018,183.3,73000,6,0,1,1,1,大分県
5019,128,77000,10,0,1,0,1,鹿児島県
5020,159,41000,9,0,1,1,1,福岡県
5021,299.8,34000,3,0,1,1,1,石川県
5022,336.9,27000,3,0,1,1,1,青森県
5023,133.5,43000,11,0,1,0,1,千葉県
5024,112.7,82000,10,0,0,0,0,埼玉県
5025,231.5,39000,5,0,1,0,1,長野県
5026,340.8,7000,1,0,1,1,1,北海道
5027,265.2,21000,3,0,0,0,0,東京都
5028,258.8,25000,4,0,1,1,1,神奈川県
5029,179,64000,7,0,0,1,1,神奈川県
5030,202.1,25000,6,0,1,1,1,千葉県
5031,179.6,34000,7,0,1,0,1,大阪府
5032,192.3,58000,7,0,1,1,1,東京都
5033,313.4,10000,4,0,1,1,1,沖縄県
5034,136.5,55000,10,0,1,0,1,広島県
5035,332.5,23000,2,0,1,1,1,沖縄県
5036,305.9,16000,3,0,1,1,1,長崎県
5037,313.8,15000,2,0,0,1,1,愛知県
5038,314.2,22000,3,0,1,1,1,茨城県
5039,165.9,66000,10,0,1,1,1,宮城県
5040,200,15000,5,0,1,0,1,愛知県
5041,229.3,18000,6,0,1,1,1,愛知県
5042,329.3,20000,3,0,1,1,1,富山県
5043,223.5,43000,5,0,1,1,1,山形県
5044,55.4,81000,14,0,1,0,1,千葉県
5045,276.4,5000,3,1,1,1,1,千葉県
5046,135,79000,10,0,0,0,1,千葉県
5047,292.7,19000,4,0,0,1,0,宮城県
5048,239.7,32000,5,0,1,1,1,長野県
5049,72.2,132000,10,0,1,0,1,茨城県
5050,193.8,65000,7,0,1,1,1,香川県
5051,299.8,17000,4,0,1,1,1,山梨県
5052,93,101000,9,1,1,0,1,北海道
5053,182.6,67000,8,0,1,1,1,愛知県
5054,155.5,23000,9,0,1,0,1,静岡県
5055,232.6,38000,6,0,1,1,1,神奈川県
5056,197.6,37000,6,0,1,0,1,兵庫県
5057,339.8,145,1,0,0,1,1,栃木県
5058,304.4,15000,4,0,1,1,1,富山県
5059,309.3,44000,3,0,1,1,1,群馬県
5060,187,19000,8,0,1,0,1,神奈川県
5061,259.4,24000,3,0,1,0,1,熊本県
5062,189.1,30000,8,0,1,1,1,千葉県
5063,291.4,16000,4,0,1,0,1,沖縄県
5064,278,43000,3,0,0,1,1,愛知県
5065,158.9,77000,7,0,1,1,1,東京都
5066,155,89000,6,0,1,0,1,滋賀県
5067,295.8,12000,4,0,1,1,1,茨城県
5068,264.6,6000,4,0,1,0,1,富山県
5069,159.2,63000,8,1,1,1,1,兵庫県
5070,273.9,32000,4,0,1,1,1,愛媛県
5071,198.1,58000,7,0,1,0,1,秋田県
5072,300.9,15000,3,0,0,1,1,千葉県
5073,130.7,95000,10,0,1,1,1,茨城県
5074,321.7,32000,3,0,1,1,1,山梨県
5075,130.5,36000,11,0,0,0,1,宮城県
5076,285.7,43000,4,0,1,1,1,千葉県
5077,246,24000,5,0,1,1,1,新潟県
5078,93.8,61000,13,0,1,0,1,大阪府
5079,120,90000,9,0,1,0,1,大分県
5080,129,43000,9,1,1,0,1,鹿児島県
5081,96.9,56000,10,1,0,0,1,石川県
5082,358,2,1,0,1,1,1,千葉県
5083,212.2,57000,6,0,1,1,1,千葉県
5084,99.2,91000,11,1,0,1,1,宮城県
5085,298.1,7000,2,0,1,0,1,長野県
5086,299.6,34000,3,0,1,1,1,静岡県
5087,69,88000,13,0,1,0,1,岡山県
5088,224.4,31000,5,0,1,0,1,群馬県
5089,175.5,27000,8,0,1,0,1,北海道
5090,218.7,47000,5,0,1,1,1,茨城県
5091,179,56000,7,1,1,1,1,鹿児島県
5092,292.2,66000,4,0,1,1,1,北海道
5093,138,68000,10,1,1,1,1,北海道
5094,139.2,96000,9,0,1,1,1,茨城県
5095,140,18000,11,1,1,1,1,青森県
5096,354.2,2,0,0,1,1,1,新潟県
5097,119.9,84000,9,0,1,0,1,岐阜県
5098,85,109000,10,0,0,0,1,大分県
5099,354,4000,2,0,1,1,1,兵庫県
5100,87.9,40000,14,0,1,0,1,千葉県
5101,247.6,36000,4,0,1,0,1,高知県
5102,139.9,81000,8,0,1,0,1,石川県
5103,94.3,119000,9,0,0,0,1,大分県
5104,215,49000,6,0,1,1,1,熊本県
5105,275.8,58000,4,0,1,1,1,富山県
5106,224.1,24000,4,0,1,1,0,埼玉県
5107,133.5,71000,10,0,1,1,1,青森県
5108,188.5,28000,8,0,1,0,1,新潟県
5109,200.3,10000,6,0,1,0,1,沖縄県
5110,168,60000,9,0,1,0,1,北海道
5111,180.9,52000,9,0,1,1,1,東京都
5112,138,78000,9,0,1,0,1,鹿児島県
5113,283.1,59000,3,0,1,1,1,千葉県
5114,200.3,27000,7,0,1,0,0,福岡県
5115,129.9,73000,11,0,0,1,1,兵庫県
5116,299.1,22000,3,0,1,1,1,滋賀県
5117,53.1,144000,11,0,1,0,1,岡山県
5118,168.1,34000,9,0,1,1,1,千葉県
5119,84,94000,10,0,0,0,1,新潟県
5120,200,23000,7,0,1,0,1,山梨県
5121,202.1,33000,5,0,1,0,1,千葉県
5122,329.6,2000,1,0,1,1,1,富山県
5123,265,13000,4,0,1,0,1,三重県
5124,244.8,15000,7,0,1,1,1,熊本県
5125,180,32000,7,1,0,1,0,香川県
5126,119,95000,11,0,1,0,1,秋田県
5127,50.6,112000,16,0,0,0,1,広島県
5128,187.5,66000,6,0,1,0,1,北海道
5129,86.8,134000,9,0,1,0,1,新潟県
5130,332.1,8000,1,0,1,1,1,長崎県
5131,198.5,43000,6,0,1,0,1,千葉県
5132,317.6,9000,2,0,1,1,1,富山県
5133,155.2,51000,7,1,1,0,1,福岡県
5134,238,36000,6,0,1,1,1,福岡県
5135,298.7,8000,4,0,1,1,1,東京都
5136,282.5,60000,4,0,1,1,1,茨城県
5137,238.1,55000,3,0,1,0,1,東京都
5138,169.9,52000,8,1,0,1,1,千葉県
5139,95.5,106000,10,0,1,0,1,三重県
5140,189.8,12000,7,0,1,0,1,宮城県
5141,113.7,78000,11,1,1,0,1,宮城県
5142,332.7,1000,2,0,1,1,1,大阪府
5143,225,35000,5,0,1,0,1,茨城県
5144,324.8,15000,2,0,1,1,1,群馬県
5145,279.8,21,1,0,1,1,1,新潟県
5146,309.1,33000,3,0,1,1,1,千葉県
5147,225,21000,5,0,1,0,1,栃木県
5148,134.8,124000,6,0,1,1,1,福岡県
5149,309.1,24000,3,0,1,1,1,三重県
5150,383.2,48,0,0,1,1,1,東京都
5151,184.8,52000,7,0,1,0,1,京都府
5152,158.6,74000,10,0,1,0,1,千葉県
5153,79.8,79000,11,0,1,0,1,茨城県
5154,291.4,11000,4,0,1,0,1,沖縄県
5155,248.1,39000,5,0,1,1,1,千葉県
5156,161,23000,10,0,0,1,1,東京都
5157,119.8,80000,11,1,1,1,1,栃木県
5158,105,118000,11,0,1,1,1,埼玉県
5159,128,98000,10,0,1,1,1,大阪府
5160,188,65000,8,0,1,1,1,徳島県
5161,329.3,11000,3,0,1,1,1,沖縄県
5162,187.1,59000,7,0,1,0,1,千葉県
5163,309.8,29000,4,0,1,1,1,福岡県
5164,178,67000,8,0,0,0,1,秋田県
5165,148.1,49000,11,0,1,0,1,福島県
5166,162,16000,9,0,1,0,1,埼玉県
5167,141,72000,10,0,1,1,1,大阪府
5168,74.8,72000,14,0,1,0,1,東京都
5169,89.8,140000,11,0,1,0,1,三重県
5170,194.7,10000,9,0,1,0,1,長野県
5171,324.1,22000,2,0,1,1,1,千葉県
5172,333.6,33000,3,0,1,1,1,青森県
5173,359.8,10,0,0,1,1,1,奈良県
5174,144.8,47000,10,0,1,0,1,広島県
5175,214,3000,7,0,1,0,1,東京都
5176,89.9,33000,14,0,1,0,1,埼玉県
5177,191.4,58000,7,0,1,0,1,佐賀県
5178,105.5,97000,10,0,1,0,1,広島県
5179,172.3,15000,8,0,0,0,0,埼玉県
5180,210.9,35000,8,0,1,1,1,東京都
5181,193.6,56000,7,0,1,1,1,福岡県
5182,208,51000,7,0,1,1,1,秋田県
5183,129.4,84000,11,0,1,1,1,高知県
5184,57.8,170000,11,0,1,0,1,茨城県
5185,58.8,109000,14,0,0,0,1,千葉県
5186,258.6,23000,4,0,1,0,1,富山県
5187,128,76000,9,0,1,0,1,新潟県
5188,69.4,44000,13,1,1,0,1,神奈川県
5189,149.3,42000,9,0,1,0,1,新潟県
5190,148.7,48000,10,0,1,0,1,新潟県
5191,130,68000,11,0,0,0,1,福岡県
5192,77,147000,10,0,0,0,1,北海道
5193,278.4,30000,3,0,1,1,1,愛媛県
5194,190,21000,7,0,1,0,1,滋賀県
5195,208,61000,6,0,1,0,1,北海道
5196,197.3,55000,8,0,1,1,1,千葉県
5197,329,12000,1,0,1,1,1,福岡県
5198,155.9,57000,10,0,1,0,1,東京都
5199,323.2,13000,3,0,1,1,1,沖縄県
5200,150.7,62000,11,0,0,1,0,宮城県
5201,136.8,79000,10,0,1,0,1,奈良県
5202,89.5,112000,10,0,1,0,1,埼玉県
5203,240.8,17000,6,0,0,0,1,宮城県
5204,315.3,31000,3,0,1,1,1,茨城県
5205,163.2,80000,6,0,1,0,1,神奈川県
5206,319.8,32000,4,0,1,1,1,広島県
5207,251.3,52000,4,0,1,1,1,千葉県
5208,282.8,8000,4,0,1,0,1,富山県
5209,183.8,62000,8,0,0,0,0,青森県
5210,91.9,40000,13,0,1,0,1,千葉県
5211,298.9,15000,4,0,1,1,1,長崎県
5212,318.2,12000,4,0,1,1,1,香川県
5213,178.2,73000,5,0,1,0,1,徳島県
5214,233.9,48000,6,0,1,1,1,千葉県
5215,208.5,34000,8,0,1,1,1,千葉県
5216,281.7,16000,3,0,1,0,1,三重県
5217,200.4,57000,5,0,1,0,1,愛知県
5218,141.6,57000,10,0,1,1,1,茨城県
5219,248.5,18000,5,0,1,1,1,山形県
5220,93.7,37000,11,0,0,0,0,神奈川県
5221,156.1,84000,7,0,1,0,1,千葉県
5222,98,104000,9,0,1,0,1,福岡県
5223,290,18000,3,0,1,0,1,沖縄県
5224,299.8,21000,3,0,1,1,1,岐阜県
5225,245.8,48000,4,0,1,0,1,神奈川県
5226,205.8,40000,6,0,1,0,1,奈良県
5227,139,33000,10,0,1,0,0,香川県
5228,117.8,90000,10,0,1,0,1,福島県
5229,360.8,8000,2,0,1,1,1,青森県
5230,46,135000,12,0,0,0,1,大分県
5231,151.8,24000,9,1,1,1,1,北海道
5232,196.9,44000,8,0,1,0,1,千葉県
5233,285.6,28000,4,0,1,0,1,香川県
5234,165.8,53000,11,0,1,1,1,山梨県
5235,125,124000,9,0,1,1,1,岡山県
5236,169,30000,8,1,1,0,1,神奈川県
5237,209.4,15000,6,0,1,0,1,和歌山県
5238,205.8,39000,7,0,1,0,1,沖縄県
5239,149.8,49000,9,0,0,0,1,福岡県
5240,174,35000,5,1,1,0,1,埼玉県
5241,195,15000,7,0,0,0,0,東京都
5242,156.4,81000,6,0,1,0,1,北海道
5243,75.7,92000,13,0,1,0,1,茨城県
5244,322.7,33000,4,0,0,1,0,宮城県
5245,216.7,34000,7,0,1,1,1,大分県
5246,215.5,49000,7,0,1,1,1,東京都
5247,284.5,58000,4,0,1,1,1,茨城県
5248,161.8,82000,7,1,1,1,1,兵庫県
5249,179,49000,9,0,1,1,1,長崎県
5250,216.8,29000,6,0,1,0,1,石川県
5251,329.8,29000,3,0,1,1,1,新潟県
5252,283.3,21000,4,0,1,1,1,千葉県
5253,248,34000,4,0,1,0,1,鳥取県
5254,74,45000,17,0,1,0,1,福岡県
5255,289.5,43000,4,0,1,1,1,石川県
5256,378,9,1,0,0,1,1,福岡県
5257,160.2,56000,11,0,0,1,1,東京都
5258,294.6,35000,4,0,1,1,1,山形県
5259,244,12000,5,0,1,1,1,岐阜県
5260,299.9,19000,2,1,1,1,1,岡山県
5261,205.7,74000,5,0,1,0,1,長野県
5262,108,121000,10,0,1,0,1,北海道
5263,69.9,139000,11,1,1,1,1,福岡県
5264,288.2,20000,3,0,1,0,1,愛媛県
5265,183,39000,8,0,1,0,1,佐賀県
5266,298.8,34000,3,0,0,1,0,埼玉県
5267,152.9,70000,10,0,0,1,1,大分県
5268,150.6,59000,9,0,0,0,1,岐阜県
5269,249.5,19000,5,0,1,1,1,大阪府
5270,181.1,22000,10,0,0,0,1,北海道
5271,201.9,18000,7,0,1,0,1,埼玉県
5272,289.8,18000,3,0,1,0,1,千葉県
5273,170.2,46000,9,0,1,1,1,東京都
5274,88,119000,10,0,0,0,1,新潟県
5275,73,23000,16,0,1,0,1,埼玉県
5276,195,31000,7,0,0,0,0,東京都
5277,237.4,44000,6,0,1,0,1,山形県
5278,174.5,20000,10,0,1,1,1,静岡県
5279,139,96000,5,1,1,0,1,北海道
5280,358.9,14000,2,0,1,1,1,大阪府
5281,322,12000,3,0,1,1,1,東京都
5282,332.5,5000,2,1,1,1,1,北海道
5283,174.6,13000,10,0,1,0,1,長野県
5284,179.8,31000,11,0,1,1,1,山梨県
5285,232.1,29000,6,0,0,1,1,広島県
5286,176.1,23000,11,0,1,1,1,大阪府
5287,161,55000,9,0,1,0,1,愛知県
5288,121.1,78000,11,0,1,0,1,千葉県
5289,172.9,90000,6,0,1,1,1,山口県
5290,319.8,10,1,0,1,0,1,埼玉県
5291,171.8,35000,10,0,0,0,1,青森県
5292,193,77000,6,0,1,1,1,千葉県
5293,257.9,12000,4,0,1,0,1,山梨県
5294,171.4,35000,11,0,1,1,0,埼玉県
5295,188,40000,8,0,1,0,1,新潟県
5296,226.2,27000,7,0,0,1,1,千葉県
5297,332.4,22000,4,0,1,1,1,新潟県
5298,333.8,7000,4,0,1,1,1,大阪府
5299,219,49000,4,1,1,1,1,鹿児島県
5300,199.8,58000,8,0,1,0,1,北海道
5301,224.1,42000,5,0,1,0,1,千葉県
5302,139.8,75000,9,0,1,0,1,高知県
5303,44.6,106000,18,0,1,0,1,静岡県
5304,252.1,17000,5,0,1,1,1,千葉県
5305,253,40000,6,0,1,0,1,山形県
5306,235,54000,5,0,1,0,1,岩手県
5307,172,51000,9,0,1,0,1,山形県
5308,84.8,101000,10,1,0,0,1,大阪府
5309,320.9,28000,2,0,1,1,1,静岡県
5310,225.9,36000,6,0,1,1,1,富山県
5311,115.8,134000,8,0,0,1,1,栃木県
5312,217.4,40000,5,0,1,0,1,茨城県
5313,149.6,60000,9,0,1,0,1,大阪府
5314,317.4,50000,4,0,1,1,1,新潟県
5315,223,28000,6,0,0,1,1,兵庫県
5316,143.4,37000,11,0,0,0,1,福岡県
5317,249.5,31000,5,0,1,0,1,奈良県
5318,235,14000,8,0,1,1,1,徳島県
5319,138.4,55000,10,1,1,0,1,広島県
5320,228.1,5000,6,0,1,0,1,香川県
5321,199,67000,5,0,1,0,1,埼玉県
5322,104.9,41000,13,0,1,0,1,千葉県
5323,268.7,13000,5,0,1,1,1,東京都
5324,238.9,45000,5,0,1,1,1,静岡県
5325,212,44000,7,0,1,0,1,兵庫県
5326,151.5,45000,10,0,1,0,1,千葉県
5327,159.8,86000,8,0,1,0,1,石川県
5328,172.2,89000,8,0,1,1,1,千葉県
5329,188,73000,8,0,1,0,1,鹿児島県
5330,339.4,25000,4,0,1,1,1,群馬県
5331,359.4,29000,3,0,1,1,1,北海道
5332,143.8,67000,9,0,1,0,1,山口県
5333,87.6,90000,10,1,1,0,0,岡山県
5334,179.3,76000,8,0,1,1,1,茨城県
5335,225,44000,8,0,1,0,1,山形県
5336,299.8,48000,4,0,1,1,1,滋賀県
5337,110,78000,11,1,1,0,1,福岡県
5338,193.6,24000,9,0,0,1,0,千葉県
5339,115.2,79000,10,1,1,0,1,沖縄県
5340,173.9,32000,9,0,0,1,0,東京都
5341,198.3,38000,8,0,1,0,1,千葉県
5342,87.8,67000,14,0,1,0,1,大阪府
5343,146,27000,11,0,1,0,1,三重県
5344,130,62000,9,1,1,0,1,栃木県
5345,191,43000,8,1,1,1,1,福岡県
5346,140,72000,10,0,1,0,1,宮城県
5347,98.8,119000,11,0,1,0,1,宮城県
5348,165.6,77000,11,0,1,1,1,東京都
5349,50,147000,14,0,1,0,1,新潟県
5350,160.8,46000,9,0,1,0,1,東京都
5351,233,47000,5,0,0,1,1,宮崎県
5352,117.7,128000,10,0,1,1,1,静岡県
5353,306.6,74000,3,0,1,1,1,三重県
5354,158.3,73000,10,0,1,0,1,山形県
5355,159.5,23000,10,0,0,0,0,神奈川県
5356,198.8,66000,7,0,1,0,1,広島県
5357,64.1,123000,13,0,0,0,1,北海道
5358,89.8,132000,11,1,1,1,1,京都府
5359,144.8,82000,9,0,0,1,1,大分県
5360,315.4,29000,3,0,1,1,1,千葉県
5361,182,11000,9,0,1,0,1,神奈川県
5362,178.4,23000,10,0,0,0,1,東京都
5363,233.8,45000,7,0,1,1,1,広島県
5364,65.2,99000,13,1,1,0,1,静岡県
5365,229.7,53000,7,0,1,1,1,東京都
5366,317.1,7000,2,0,1,1,1,愛媛県
5367,175,16000,9,0,1,0,1,栃木県
5368,118.1,110000,9,0,1,0,1,千葉県
5369,147,97000,8,1,1,1,1,福岡県
5370,210.6,29000,7,0,0,0,0,東京都
5371,182,43000,9,0,1,0,1,大阪府
5372,198,18000,10,0,1,1,1,宮崎県
5373,325.7,23000,4,1,1,1,1,北海道
5374,329.8,6000,3,1,0,1,1,大阪府
5375,170.5,39000,9,0,0,0,1,千葉県
5376,157,79000,11,0,1,0,1,北海道
5377,178.1,92000,5,0,1,0,1,新潟県
5378,165.1,35000,9,0,0,0,0,千葉県
5379,140.4,29000,11,0,0,0,0,埼玉県
5380,137,76000,10,0,1,0,1,埼玉県
5381,101.8,60000,12,0,0,0,1,広島県
5382,198,32000,7,0,1,0,1,宮崎県
5383,133,97000,11,0,1,1,1,愛知県
5384,349,5000,2,0,0,1,1,兵庫県
5385,268,25000,5,0,1,1,1,大阪府
5386,143,42000,11,1,1,0,1,北海道
5387,160.6,30000,11,0,0,0,1,東京都
5388,279.8,27000,5,0,1,1,1,大阪府
5389,168.8,50000,9,1,1,0,1,北海道
5390,179.9,41000,10,0,0,0,0,長野県
5391,247.3,32000,7,0,1,1,1,沖縄県
5392,199,5000,9,0,1,0,1,神奈川県
5393,269,19000,7,0,1,0,1,山形県
5394,164.8,63000,10,0,0,1,0,富山県
5395,149.6,86000,11,0,0,1,1,宮城県
5396,240.4,26000,7,0,1,0,1,愛知県
5397,161.5,28000,10,1,1,0,1,広島県
5398,249.5,28000,7,0,1,1,1,山梨県
5399,192.3,29000,9,0,1,0,1,愛知県
5400,189.1,14000,10,0,1,0,1,香川県
5401,71.6,25000,15,1,0,0,1,東京都
5402,85.8,14000,16,0,1,0,1,兵庫県
5403,49.9,67000,20,1,0,0,1,石川県
5404,118,102000,10,0,1,0,1,岡山県
5405,91.8,82000,12,0,1,0,1,大阪府
5406,210.2,46000,10,0,1,1,1,東京都
5407,179.8,10000,9,0,0,0,1,群馬県
5408,189.9,28000,9,0,1,0,1,山梨県
5409,218.9,42000,7,0,1,0,1,新潟県
5410,370.3,22000,3,0,1,1,1,香川県
5411,117,74000,11,0,0,0,1,広島県
5412,233.5,11000,7,0,1,0,1,千葉県
5413,74.8,145000,10,0,0,0,1,茨城県
5414,104.9,39000,18,0,1,0,1,神奈川県
5415,219.9,64000,6,0,1,0,1,大阪府
5416,115.8,45000,14,0,1,0,1,愛知県
5417,180.9,55000,9,0,1,0,1,千葉県
5418,199,37000,10,0,1,0,1,神奈川県
5419,200,29000,9,1,1,1,1,福岡県
5420,413.1,20,0,0,1,1,1,香川県
5421,192.2,40000,11,0,1,0,1,愛知県
5422,118,41000,13,0,1,0,1,愛知県
5423,121,56000,15,0,1,0,1,大阪府
5424,134.2,16000,15,0,1,0,1,愛知県
5425,130.2,96000,14,0,1,0,1,長崎県
5426,163.8,53000,14,0,1,0,1,大阪府
5427,155,94000,11,1,1,1,1,千葉県
5428,163.7,34000,11,0,0,0,0,神奈川県
5429,98,88000,12,1,0,0,1,広島県
5430,138,65000,15,0,1,0,1,埼玉県
5431,138,67000,16,0,1,0,1,埼玉県
5432,138,16000,16,0,1,0,1,埼玉県
5433,69.9,86000,17,0,0,0,1,大阪府
5434,138,58000,18,0,1,0,1,埼玉県
5435,138,54000,18,0,1,0,1,埼玉県
5436,109.1,51000,19,0,1,0,1,神奈川県
5437,212,75000,8,0,1,0,1,埼玉県
5438,136.2,93000,14,0,1,0,1,長崎県
5439,237,91000,7,0,1,0,1,青森県
5440,38.8,130000,13,1,0,0,1,広島県
5441,97.7,90000,13,0,0,0,1,宮城県
5442,118.2,70000,13,0,1,0,1,大阪府
5443,131.7,58000,13,0,1,0,1,神奈川県
5444,104.8,43000,17,0,1,0,1,大阪府
5445,88,71000,19,0,0,0,1,静岡県
5446,169,68000,9,0,1,1,1,愛知県
5447,143.8,50000,6,0,0,0,1,千葉県
5448,69.9,94000,10,0,1,0,1,群馬県
5449,40,142000,14,0,0,0,0,青森県
5450,259.9,38000,3,0,1,0,1,熊本県
5451,299.9,6,0,0,1,0,1,熊本県
5452,329.9,5000,2,0,1,1,1,熊本県
5453,309.9,16000,4,0,1,1,1,熊本県
5454,38,118000,15,0,0,0,1,鹿児島県
5455,58,83000,14,0,0,0,1,愛媛県
5456,40.4,94000,16,0,1,0,1,愛媛県
5457,145,23000,8,0,1,0,1,沖縄県
5458,99,60000,11,0,1,1,1,沖縄県
5459,108.2,92000,8,0,1,0,1,沖縄県
5460,75,98000,9,1,0,0,1,沖縄県
5461,266.6,14000,3,0,1,1,1,沖縄県
5462,110,60000,11,0,1,0,1,沖縄県
5463,109.6,73000,10,0,1,0,1,沖縄県
5464,129,78000,10,0,1,1,1,沖縄県
5465,223.6,53000,3,0,1,0,1,沖縄県
5466,259.5,17000,3,0,0,0,1,沖縄県
5467,287.8,21000,4,0,1,1,1,沖縄県
5468,119.7,62000,11,0,1,0,1,沖縄県
5469,260,33000,2,0,1,1,1,沖縄県
5470,134.3,35000,10,0,0,0,1,沖縄県
5471,98,73000,11,1,1,0,1,沖縄県
5472,173.3,70000,8,0,1,1,1,沖縄県
5473,295.1,26000,3,0,1,1,1,沖縄県
5474,159,70000,7,0,1,0,1,沖縄県
5475,174.1,35000,8,0,1,0,1,沖縄県
5476,185.5,36000,8,0,1,0,1,沖縄県
5477,129.7,64000,9,0,1,0,1,沖縄県
5478,255,41000,2,0,1,1,1,沖縄県
5479,204.5,55000,6,0,1,1,1,沖縄県
5480,139.8,80000,9,0,1,1,1,沖縄県
5481,99,71000,10,1,1,0,1,沖縄県
5482,178.3,55000,8,0,1,1,1,沖縄県
5483,310.1,20000,3,0,1,1,1,沖縄県
5484,166.5,55000,8,0,1,0,1,沖縄県
5485,260.3,21000,4,0,1,0,1,沖縄県
5486,197.8,49000,8,0,1,1,1,沖縄県
5487,149,78000,8,1,1,1,1,沖縄県
5488,128.8,51000,10,1,1,1,1,沖縄県
5489,298,9000,2,0,1,1,1,沖縄県
5490,115,98000,10,0,1,0,1,沖縄県
5491,179,54000,6,1,1,1,1,沖縄県
5492,204.3,11000,8,0,1,0,1,沖縄県
5493,169,56000,6,1,1,0,1,沖縄県
5494,298,13,2,0,1,1,1,沖縄県
5495,169.9,52000,9,0,1,1,1,沖縄県
5496,83,51000,14,0,1,0,1,神奈川県
5497,97,98000,10,1,1,0,1,沖縄県
5498,195,10000,8,0,0,0,0,埼玉県
5499,260,15000,3,1,1,1,1,沖縄県
5500,176.1,63000,8,0,0,0,1,沖縄県
5501,138,74000,10,1,1,1,1,沖縄県
5502,97,110000,10,0,1,0,1,沖縄県
5503,246,43000,4,0,1,0,1,沖縄県
5504,159.9,24000,10,0,1,0,1,沖縄県
5505,159,68000,9,1,1,1,1,沖縄県
5506,98.9,13000,11,1,1,0,0,埼玉県